[27Aug2026 11:16:08.194] [main/INFO] [cpw.mods.modlauncher.Launcher/MODLAUNCHER]: ModLauncher running: args [--launchTarget, forgeserver, --fml.forgeVersion, 47.4.4, --fml.mcVersion, 1.20.1, --fml.forgeGroup, net.minecraftforge, --fml.mcpVersion, 20230612.114412, nogui]
[27Aug2026 11:16:08.197] [main/INFO] [cpw.mods.modlauncher.Launcher/MODLAUNCHER]: ModLauncher 10.0.9+10.0.9+main.dcd20f30 starting: java version 17.0.19 by Ubuntu; OS Linux arch amd64 version 6.8.0-1052-azure
[27Aug2026 11:16:26.100] [main/INFO] [net.minecraftforge.fml.loading.ImmediateWindowHandler/]: ImmediateWindowProvider not loading because launch target is forgeserver
[27Aug2026 11:16:26.108] [main/INFO] [settingdust.lazyyyyy.forge.core.LazyyyyyHacksInjector/]: Constructing
[27Aug2026 11:16:26.110] [main/INFO] [settingdust.lazyyyyy.forge.core.LazyyyyyHacksInjector/]: Injecting bootstrap
[27Aug2026 11:16:26.177] [main/INFO] [settingdust.lazyyyyy.forge.core.LazyyyyyHacksInjector/]: Transforming Resolver#makeGraph
[27Aug2026 11:16:26.224] [main/INFO] [settingdust.lazyyyyy.forge.core.LazyyyyyHacksInjector/]: Injecting mc bootstrap
[27Aug2026 11:16:26.366] [main/INFO] [mixin-booster/]: Mixin Booster org.sinytra.mixinbooster.MixinTransformationService is definitely up to no good...
[27Aug2026 11:16:26.441] [main/INFO] [mixin-booster/]: Crimes against java were committed by org.sinytra.mixinbooster.MixinTransformationService
[27Aug2026 11:16:26.463] [main/INFO] [mixin-booster/]: Original mixin transformation service successfully crobbed by mixin-booster!
[27Aug2026 11:16:26.509] [main/INFO] [settingdust.lazyyyyy.forge.core.LazyyyyyHacksInjector/]: Initializing
[27Aug2026 11:16:26.562] [main/INFO] [mixin/]: SpongePowered MIXIN Subsystem Version=0.8.5 Source=union:/workspaces/laughing-guacamole/servidor_minecraft/mods/mixin-booster-0.1.3+1.20.1.jar%23261%23264!/ Service=ModLauncher Env=SERVER
[27Aug2026 11:16:27.866] [main/WARN] [net.minecraftforge.fml.loading.moddiscovery.ModFileParser/LOADING]: Mod file /workspaces/laughing-guacamole/servidor_minecraft/libraries/net/minecraftforge/fmlcore/1.20.1-47.4.4/fmlcore-1.20.1-47.4.4.jar is missing mods.toml file
[27Aug2026 11:16:27.867] [main/WARN] [net.minecraftforge.fml.loading.moddiscovery.ModFileParser/LOADING]: Mod file /workspaces/laughing-guacamole/servidor_minecraft/libraries/net/minecraftforge/javafmllanguage/1.20.1-47.4.4/javafmllanguage-1.20.1-47.4.4.jar is missing mods.toml file
[27Aug2026 11:16:27.868] [main/WARN] [net.minecraftforge.fml.loading.moddiscovery.ModFileParser/LOADING]: Mod file /workspaces/laughing-guacamole/servidor_minecraft/libraries/net/minecraftforge/lowcodelanguage/1.20.1-47.4.4/lowcodelanguage-1.20.1-47.4.4.jar is missing mods.toml file
[27Aug2026 11:16:27.869] [main/WARN] [net.minecraftforge.fml.loading.moddiscovery.ModFileParser/LOADING]: Mod file /workspaces/laughing-guacamole/servidor_minecraft/libraries/net/minecraftforge/mclanguage/1.20.1-47.4.4/mclanguage-1.20.1-47.4.4.jar is missing mods.toml file
[27Aug2026 11:16:29.938] [main/WARN] [net.minecraftforge.jarjar.selection.JarSelector/]: Attempted to select two dependency jars from JarJar which have the same identification: Mod File:  and Mod File: . Using Mod File: 
[27Aug2026 11:16:29.940] [main/WARN] [net.minecraftforge.jarjar.selection.JarSelector/]: Attempted to select a dependency jar for JarJar which was passed in as source: invincible. Using Mod File: /workspaces/laughing-guacamole/servidor_minecraft/mods/epic-fight-invincible-lib-20.14.8.2-mc1.20.1-forge.jar
[27Aug2026 11:16:29.940] [main/WARN] [net.minecraftforge.jarjar.selection.JarSelector/]: Attempted to select a dependency jar for JarJar which was passed in as source: geckolib. Using Mod File: /workspaces/laughing-guacamole/servidor_minecraft/mods/geckolib-forge-1.20.1-4.8.3.jar
[27Aug2026 11:16:29.940] [main/WARN] [net.minecraftforge.jarjar.selection.JarSelector/]: Attempted to select a dependency jar for JarJar which was passed in as source: curios. Using Mod File: /workspaces/laughing-guacamole/servidor_minecraft/mods/curios-forge-5.14.1+1.20.1.jar
[27Aug2026 11:16:29.940] [main/WARN] [net.minecraftforge.jarjar.selection.JarSelector/]: Attempted to select a dependency jar for JarJar which was passed in as source: vix. Using Mod File: /workspaces/laughing-guacamole/servidor_minecraft/mods/VIX-1.1.0-all.jar
[27Aug2026 11:16:29.940] [main/WARN] [net.minecraftforge.jarjar.selection.JarSelector/]: Attempted to select a dependency jar for JarJar which was passed in as source: expandability. Using Mod File: /workspaces/laughing-guacamole/servidor_minecraft/mods/expandability-9.0.4.jar
[27Aug2026 11:16:29.940] [main/INFO] [net.minecraftforge.fml.loading.moddiscovery.JarInJarDependencyLocator/]: Found 41 dependencies adding them to mods collection
[27Aug2026 11:16:33.539] [main/INFO] [mixin/]: Compatibility level set to JAVA_17
[27Aug2026 11:16:34.054] [main/INFO] [mixin/]: Successfully loaded Mixin Connector [com.sonicether.soundphysics.MixinConnector]
[27Aug2026 11:16:34.071] [main/INFO] [cpw.mods.modlauncher.LaunchServiceHandler/MODLAUNCHER]: Launching target 'forgeserver' with arguments [nogui]
[27Aug2026 11:16:34.468] [main/INFO] [ModernFix/]: Loaded configuration file for ModernFix 5.27.66+mc1.20.1: 110 options available, 3 override(s) found
[27Aug2026 11:16:34.469] [main/WARN] [ModernFix/]: Option 'mixin.perf.faster_structure_location' overriden (by user configuration) to 'false'
[27Aug2026 11:16:34.469] [main/WARN] [ModernFix/]: Option 'mixin.perf.dynamic_entity_renderers' overriden (by user configuration) to 'true'
[27Aug2026 11:16:34.469] [main/WARN] [ModernFix/]: Option 'mixin.feature.warn_missing_perf_mods' overriden (by user configuration) to 'false'
[27Aug2026 11:16:34.470] [main/INFO] [ModernFix/]: Applying Nashorn fix
[27Aug2026 11:16:34.492] [main/INFO] [ModernFix/]: Applied Forge config corruption patch
[27Aug2026 11:16:34.640] [main/INFO] [one.pkg.config.SewliaConfig/]: All configurations saved
[27Aug2026 11:16:34.642] [main/INFO] [one.pkg.config.SewliaConfig/]: Reloaded configuration: ModConfig
[27Aug2026 11:16:34.642] [main/INFO] [one.pkg.config.SewliaConfig/]: Successfully initialized configuration manager, loaded 1 configuration classes
[27Aug2026 11:16:34.652] [main/WARN] [settingdust.lazyyyyy.forge.core.faster_mixin.injected.FasterMixinServiceWrapper/]: Failed to read refmap mixins.epicskills.refmap.json from file:///workspaces/laughing-guacamole/servidor_minecraft/mods/epicfight-skilltree-forge-20.2.9-1.20.1.jar for config mixins.epicskills.json. Find from all resources will spend extra time. Check the debug log for detail of reason. If the file is missing, let the author of the mod moving the refmap into the jar declare it
[27Aug2026 11:16:34.664] [main/WARN] [mixin/]: Reference map 'mixins.epicskills.refmap.json' for mixins.epicskills.json could not be read. If this is a development environment you can ignore this message
[27Aug2026 11:16:34.665] [main/WARN] [settingdust.lazyyyyy.forge.core.faster_mixin.injected.FasterMixinServiceWrapper/]: Failed to read refmap multiplayer_boss_fight.refmap.json from file:///workspaces/laughing-guacamole/servidor_minecraft/mods/multiplayer_boss_fight-forge1.20.1-1.0.3.jar for config multiplayer_boss_fight.mixins.json. Find from all resources will spend extra time. Check the debug log for detail of reason. If the file is missing, let the author of the mod moving the refmap into the jar declare it
[27Aug2026 11:16:34.669] [main/WARN] [mixin/]: Reference map 'multiplayer_boss_fight.refmap.json' for multiplayer_boss_fight.mixins.json could not be read. If this is a development environment you can ignore this message
[27Aug2026 11:16:34.766] [main/WARN] [settingdust.lazyyyyy.forge.core.faster_mixin.injected.FasterMixinServiceWrapper/]: Failed to read refmap nitrogen_internals.refmap.json from jij:/workspaces/laughing-guacamole/servidor_minecraft/mods/aether-1.20.1-1.5.2-neoforge.jar%23266!/META-INF/jarjar/nitrogen_internals-1.20.1-1.0.12-neoforge.jar for config nitrogen_internals.mixins.json. Find from all resources will spend extra time. Check the debug log for detail of reason. If the file is missing, let the author of the mod moving the refmap into the jar declare it
[27Aug2026 11:16:34.770] [main/WARN] [mixin/]: Reference map 'nitrogen_internals.refmap.json' for nitrogen_internals.mixins.json could not be read. If this is a development environment you can ignore this message
[27Aug2026 11:16:34.771] [main/WARN] [settingdust.lazyyyyy.forge.core.faster_mixin.injected.FasterMixinServiceWrapper/]: Failed to read refmap epicfight_arachne.refmap.json from file:///workspaces/laughing-guacamole/servidor_minecraft/mods/epicfight_arachne-1.0.0.jar for config epicfight_arachne.mixins.json. Find from all resources will spend extra time. Check the debug log for detail of reason. If the file is missing, let the author of the mod moving the refmap into the jar declare it
[27Aug2026 11:16:34.776] [main/WARN] [mixin/]: Reference map 'epicfight_arachne.refmap.json' for epicfight_arachne.mixins.json could not be read. If this is a development environment you can ignore this message
[27Aug2026 11:16:34.782] [main/WARN] [settingdust.lazyyyyy.forge.core.faster_mixin.injected.FasterMixinServiceWrapper/]: Failed to read refmap puzzlesaccessapi.common.refmap.json from jij:/workspaces/laughing-guacamole/servidor_minecraft/mods/PuzzlesLib-v8.1.33-1.20.1-Forge.jar%23380!/META-INF/jarjar/puzzlesaccessapi-forge-20.1.1.jar for config puzzlesaccessapi.common.mixins.json. Find from all resources will spend extra time. Check the debug log for detail of reason. If the file is missing, let the author of the mod moving the refmap into the jar declare it
[27Aug2026 11:16:34.791] [main/WARN] [mixin/]: Reference map 'puzzlesaccessapi.common.refmap.json' for puzzlesaccessapi.common.mixins.json could not be read. If this is a development environment you can ignore this message
[27Aug2026 11:16:34.795] [main/WARN] [settingdust.lazyyyyy.forge.core.faster_mixin.injected.FasterMixinServiceWrapper/]: Failed to read refmap fast_tpa.mixins.refmap.json from file:///workspaces/laughing-guacamole/servidor_minecraft/mods/fast_tpa-forge1.20.1-1.3.0.jar for config fast_tpa.mixins.json. Find from all resources will spend extra time. Check the debug log for detail of reason. If the file is missing, let the author of the mod moving the refmap into the jar declare it
[27Aug2026 11:16:34.799] [main/WARN] [mixin/]: Reference map 'fast_tpa.mixins.refmap.json' for fast_tpa.mixins.json could not be read. If this is a development environment you can ignore this message
[27Aug2026 11:16:34.923] [main/INFO] [Canary/]: Loaded configuration file for Canary: 116 options available, 0 override(s) found
[27Aug2026 11:16:35.008] [main/INFO] [Puzzles Lib/]: Loading 171 mods:
	- aether 1.20.1-1.5.2-neoforge
		|-- cumulus_menus 1.20.1-1.0.1-neoforge
		\-- nitrogen_internals 1.20.1-1.0.12-neoforge
	- alexsmobs 1.22.9
	- architectury 9.2.14
	- armourers_workshop 3.2.7-beta
	- artifacts 9.5.19
	- ash_of_sin_custom_anti_seat_entity 1.0.1
	- ash_of_sin_no_more_invalid_statistic 1.0.0
	- ash_of_sin_no_more_too_many_structures 1.0.13
	- atistructures 1.4.0
	- attributefix 21.0.5
	- attributeslib 1.3.7
	- azurelib 3.1.9
	- ba_bt 1.20.1-3.0.0-beta3.2.1
	- balm 7.3.38
		\-- kuma_api 20.1.12
	- beb 6.0.0
	- better_structure_block 2.1.0
	- better_trident_model 1.2.0
		\-- simplebedrockmodel 2.5.1-forge-mc1.20.1
	- betterendcities 1.0.0-1.20.1
	- betterendisland 1.20-Forge-2.0.6
	- betterfortresses 1.20-Forge-2.0.6
	- betteroceanmonuments 1.20-Forge-3.0.4
	- beyonddimensions 0.7.19
	- biomespy 1.3.3
	- biomeswevegone 1.7.5
	- bookofdragons 1.31-1.20.1
	- bookshelf 20.2.15
	- bosses_of_mass_destruction 1.1.2
	- bountiful 6.0.4+1.20.1
	- bountiful_npc 1.0.5
	- canary 0.3.3
	- cataclysm 3.27
	- cataclysm_dimension 1.6.2
	- cerbons_api 1.1.0
	- cinematiccataclysm 1.0.1
	- citadel 2.6.3
	- cloth_config 11.1.136
	- combat_evolution 2.2.0
	- configured 2.2.3
	- corgilib 4.0.3.4
	- coroutil 1.20.1-1.3.7
	- cosmeticarmorreworked 1.20.1-v1a
	- cristellib 1.1.6
	- cupboard 1.20.1-3.7
	- curios 5.14.1+1.20.1
	- curiouslanterns 1.20.1-1.3.7
	- dodge_parry_reward 20.14.3
	- dodosmobs 2.64
	- domesticationinnovation 1.7.1
	- dummmmmmy 1.20-2.0.11
	- dungeons_arise 2.1.58-1.20.x
	- efn 3.4.0
	- efn_enhance 1.1.4
	- efs_iss 1.0.3
	- enchantinginfuser 8.0.3
	- entityrespawner 1.1.0
	- epic_fight_avalon 20.12.6.4
	- epicfight 20.14.17
	- epicfight_arachne 1.0.0
	- epicfight_leonidas 1.0.1
	- epicfightx 1.2
		\-- mixinsquared 0.2.0-beta.6
	- epicskills 20.2.9
	- expandability 9.0.4
	- explorerscompass 1.20.1-1.3.3-forge
	- falchionmoveset 20.14.0
	- fancy_trail 1.2.3
	- fantasy_armor 1.2.4-1.20.1
	- fast_event 1.1.1
	- fast_tpa 1.3.0
	- fdlib 1.0.9
	- ferritecore 6.0.1
	- find_me 1.2.4
	- forge 47.4.4
	- ftbessentials 2001.2.4
	- ftblibrary 2001.2.12
	- ftbquests 2001.4.21
	- ftbteams 2001.3.2
	- ftbxmodcompat 2.1.3
	- fullstackwatchdog 1.0.1+1.19.2-forge
	- geckolib 4.8.3
	- hungerstrike 8.0.0
	- iceberg 1.1.25
	- incontrol 1.20-9.4.6
	- indestructible 20.13.0
	- invincible 20.14.8.2
	- irons_spellbooks 1.20.1-3.15.4
	- iss_ponder 1.0.3
		\-- ponder 1.0.92
	- jade 11.13.2+forge
	- jadeaddons 5.5.0+forge
	- jei 15.20.0.130
	- jeresources 1.4.0.247
	- kambrik 6.1.1+1.20.1
	- killcam 1.0.3
	- kotlinforforge 4.12.0
	- krypton_fnp 0.2.28.2-1.20.1
	- lazyyyyy 0.14.19
	- limitedchunks 1.8
	- lionfishapi 2.7
	- lithostitched 1.4.11
	- logbegone 1.0.8
	- lootr 0.7.35.94
	- lost_aether_content 1.2.3
	- magistuarmory 10.11
	- mimic 1.0.5
	- minecraft 1.20.1
	- mixinbooster 0.1.3+1.20.1
	- modernfix 5.27.66+mc1.20.1
	- moonlight 1.20-2.16.30
	- mowziesmobs 1.8.2
	- mr_trek 1-B0.6
	- multiplayer_boss_fight 1.0.3
	- naturescompass 1.20.1-1.12.0-forge
	- noworldgenwarning 1.0.1
	- ohthetreesyoullgrow 1.6.0
	- p1nero_bow 20.14.1.6
	- p1nero_dl 2.3.0
	- p1nero_ec 20.14.0.9
	- packetfixer 3.3.2
	- patchouli 1.20.1-85-FORGE
	- pbf1 1.1.2
	- placebo 8.6.3
	- playeranimator 1.0.2-rc1+1.20
	- prism 1.0.5
	- puzzleslib 8.1.33
		\-- puzzlesaccessapi 20.1.1
	- quark 4.0-462
	- quick_pack 1.3.2
	- radiantgear 2.2.0+1.20.1
	- resourcefulconfig 2.1.3
	- ribbits 1.20.1-Forge-3.0.5
	- servercore 1.5.2+1.20.1
	- smsn 1.4.1-1.20.1
	- sound_physics_remastered 1.20.1-1.5.1
	- spark 1.10.53
	- spiral_tower_village 0.0.3
	- structure_gel 2.16.2
	- structure_layout_optimizer 1.0.11
	- summoningrituals 1.20.1-2.0.8
	- super_golem 20.12.2
	- super_warden 20.13.0
	- supplementaries 1.20-3.1.43
	- sword_soaring 20.14.2.8
	- t_and_t 0.0NONE
	- tabstats 1.0.5
	- taxfreelevels 1.4.17
	- tcr_bosses 1.1.11
	- tcrcore 2.8.7
		|-- epic_fight_ponder 1.0.0
		\-- flywheel 1.0.2
	- tcrmeshes 1.0.0
	- tectonic 2.4.1
	- terrablender 3.0.1.10
	- tlc 1.0.2
	- travelerstitles 1.20-Forge-4.0.2
	- tudigong 1.4.1
	- uniqueaccessories 1.3.3
	- vix 1.1.0
	- waystones 14.1.20
	- wom 2.0.15
	- wraithon 1.1.11
	- xaerominimap 26.4.2
	- xaeroworldmap 1.44.2
		\-- xaerolib 1.7.1
	- yet_another_config_lib_v3 3.6.6+1.20.1-forge
	- yungsapi 1.20-Forge-4.0.6
	- zeta 1.0-31
[27Aug2026 11:16:35.309] [main/WARN] [settingdust.lazyyyyy.forge.core.faster_mixin.injected.FasterMixinServiceWrapper/]: Failed to read refmap epicfight_animation.refmap.json from file:///workspaces/laughing-guacamole/servidor_minecraft/mods/epicfight-extra-1.2-mc1.20.1-forge-all.jar for config epicfightx.mixins.json. Find from all resources will spend extra time. Check the debug log for detail of reason. If the file is missing, let the author of the mod moving the refmap into the jar declare it
[27Aug2026 11:16:35.314] [main/WARN] [mixin/]: Reference map 'epicfight_animation.refmap.json' for epicfightx.mixins.json could not be read. If this is a development environment you can ignore this message
[27Aug2026 11:16:35.315] [main/WARN] [settingdust.lazyyyyy.forge.core.faster_mixin.injected.FasterMixinServiceWrapper/]: Failed to read refmap cristellib-forge-refmap.json from file:///workspaces/laughing-guacamole/servidor_minecraft/mods/cristellib-1.1.6-forge.jar for config cristellib.mixins.json. Find from all resources will spend extra time. Check the debug log for detail of reason. If the file is missing, let the author of the mod moving the refmap into the jar declare it
[27Aug2026 11:16:35.325] [main/WARN] [mixin/]: Reference map 'cristellib-forge-refmap.json' for cristellib.mixins.json could not be read. If this is a development environment you can ignore this message
[27Aug2026 11:16:35.328] [main/WARN] [settingdust.lazyyyyy.forge.core.faster_mixin.injected.FasterMixinServiceWrapper/]: Failed to read refmap epigfight_leonidas.refmap.json from file:///workspaces/laughing-guacamole/servidor_minecraft/mods/epicfight_leonidas-1.0.1.jar for config epicfight_leonidas.mixins.json. Find from all resources will spend extra time. Check the debug log for detail of reason. If the file is missing, let the author of the mod moving the refmap into the jar declare it
[27Aug2026 11:16:35.332] [main/WARN] [mixin/]: Reference map 'epigfight_leonidas.refmap.json' for epicfight_leonidas.mixins.json could not be read. If this is a development environment you can ignore this message
[27Aug2026 11:16:35.339] [main/WARN] [settingdust.lazyyyyy.forge.core.faster_mixin.injected.FasterMixinServiceWrapper/]: Failed to read refmap mimic.refmap.json from file:///workspaces/laughing-guacamole/servidor_minecraft/mods/mimic-1.0.5.jar for config mimic.mixins.json. Find from all resources will spend extra time. Check the debug log for detail of reason. If the file is missing, let the author of the mod moving the refmap into the jar declare it
[27Aug2026 11:16:35.346] [main/WARN] [mixin/]: Reference map 'mimic.refmap.json' for mimic.mixins.json could not be read. If this is a development environment you can ignore this message
[27Aug2026 11:16:35.363] [main/WARN] [settingdust.lazyyyyy.forge.core.faster_mixin.injected.FasterMixinServiceWrapper/]: Failed to read refmap CerbonsAPI-Forge-1.20.1-forge-refmap.json from file:///workspaces/laughing-guacamole/servidor_minecraft/mods/CerbonsAPI-Forge-1.20.1-1.1.0.jar for config cerbons_api.mixins.json. Find from all resources will spend extra time. Check the debug log for detail of reason. If the file is missing, let the author of the mod moving the refmap into the jar declare it
[27Aug2026 11:16:35.365] [main/WARN] [mixin/]: Reference map 'CerbonsAPI-Forge-1.20.1-forge-refmap.json' for cerbons_api.mixins.json could not be read. If this is a development environment you can ignore this message
[27Aug2026 11:16:35.373] [main/WARN] [settingdust.lazyyyyy.forge.core.faster_mixin.injected.FasterMixinServiceWrapper/]: Failed to read refmap entityrespawner.refmap.json from file:///workspaces/laughing-guacamole/servidor_minecraft/mods/entityrespawner-1.1.0.jar for config entityrespawner.mixins.json. Find from all resources will spend extra time. Check the debug log for detail of reason. If the file is missing, let the author of the mod moving the refmap into the jar declare it
[27Aug2026 11:16:35.376] [main/WARN] [mixin/]: Reference map 'entityrespawner.refmap.json' for entityrespawner.mixins.json could not be read. If this is a development environment you can ignore this message
[27Aug2026 11:16:35.376] [main/WARN] [settingdust.lazyyyyy.forge.core.faster_mixin.injected.FasterMixinServiceWrapper/]: Failed to read refmap limitedchunks.refmap.json from file:///workspaces/laughing-guacamole/servidor_minecraft/mods/limitedchunks-1.20.1-4.1.jar for config limitedchunks.mixins.json. Find from all resources will spend extra time. Check the debug log for detail of reason. If the file is missing, let the author of the mod moving the refmap into the jar declare it
[27Aug2026 11:16:35.379] [main/WARN] [mixin/]: Reference map 'limitedchunks.refmap.json' for limitedchunks.mixins.json could not be read. If this is a development environment you can ignore this message
[27Aug2026 11:16:35.385] [main/WARN] [settingdust.lazyyyyy.forge.core.faster_mixin.injected.FasterMixinServiceWrapper/]: Failed to read refmap TaxFreeLevels-common-refmap.json from file:///workspaces/laughing-guacamole/servidor_minecraft/mods/TaxFreeLevels-1.4.17-forge-1.20.1.jar for config taxfreelevels-common-forge.mixins.json. Find from all resources will spend extra time. Check the debug log for detail of reason. If the file is missing, let the author of the mod moving the refmap into the jar declare it
[27Aug2026 11:16:35.387] [main/WARN] [mixin/]: Reference map 'TaxFreeLevels-common-refmap.json' for taxfreelevels-common-forge.mixins.json could not be read. If this is a development environment you can ignore this message
[27Aug2026 11:16:35.390] [main/WARN] [settingdust.lazyyyyy.forge.core.faster_mixin.injected.FasterMixinServiceWrapper/]: Failed to read refmap tcrmeshes.refmap.json from file:///workspaces/laughing-guacamole/servidor_minecraft/mods/tcrmeshes-1.0.0.jar for config tcrmeshes.mixins.json. Find from all resources will spend extra time. Check the debug log for detail of reason. If the file is missing, let the author of the mod moving the refmap into the jar declare it
[27Aug2026 11:16:35.393] [main/WARN] [mixin/]: Reference map 'tcrmeshes.refmap.json' for tcrmeshes.mixins.json could not be read. If this is a development environment you can ignore this message
[27Aug2026 11:16:35.395] [main/WARN] [settingdust.lazyyyyy.forge.core.faster_mixin.injected.FasterMixinServiceWrapper/]: Failed to read refmap ef_bow.refmap.json from file:///workspaces/laughing-guacamole/servidor_minecraft/mods/p1nero_bow-forge1.20.1-20.14.1.6.jar for config p1nero_bow.mixins.json. Find from all resources will spend extra time. Check the debug log for detail of reason. If the file is missing, let the author of the mod moving the refmap into the jar declare it
[27Aug2026 11:16:35.397] [main/WARN] [mixin/]: Reference map 'ef_bow.refmap.json' for p1nero_bow.mixins.json could not be read. If this is a development environment you can ignore this message
[27Aug2026 11:16:35.400] [main/WARN] [settingdust.lazyyyyy.forge.core.faster_mixin.injected.FasterMixinServiceWrapper/]: Failed to read refmap tudigong.refmap.json from file:///workspaces/laughing-guacamole/servidor_minecraft/mods/tudigong-forge1.20.1-1.4.1.jar for config tudigong.mixins.json. Find from all resources will spend extra time. Check the debug log for detail of reason. If the file is missing, let the author of the mod moving the refmap into the jar declare it
[27Aug2026 11:16:35.405] [main/WARN] [mixin/]: Reference map 'tudigong.refmap.json' for tudigong.mixins.json could not be read. If this is a development environment you can ignore this message
[27Aug2026 11:16:35.434] [main/WARN] [settingdust.lazyyyyy.forge.core.faster_mixin.injected.FasterMixinServiceWrapper/]: Failed to read refmap p1nero_battle_field1.refmap.json from file:///workspaces/laughing-guacamole/servidor_minecraft/mods/pbf1-1.1.2.jar for config pbf1.mixins.json. Find from all resources will spend extra time. Check the debug log for detail of reason. If the file is missing, let the author of the mod moving the refmap into the jar declare it
[27Aug2026 11:16:35.437] [main/WARN] [mixin/]: Reference map 'p1nero_battle_field1.refmap.json' for pbf1.mixins.json could not be read. If this is a development environment you can ignore this message
[27Aug2026 11:16:35.449] [main/WARN] [settingdust.lazyyyyy.forge.core.faster_mixin.injected.FasterMixinServiceWrapper/]: Failed to read refmap super_golem.mixin-refmap.json from file:///workspaces/laughing-guacamole/servidor_minecraft/mods/super_golem-20.12.2.jar for config super_golem.mixins.json. Find from all resources will spend extra time. Check the debug log for detail of reason. If the file is missing, let the author of the mod moving the refmap into the jar declare it
[27Aug2026 11:16:35.452] [main/WARN] [mixin/]: Reference map 'super_golem.mixin-refmap.json' for super_golem.mixins.json could not be read. If this is a development environment you can ignore this message
[27Aug2026 11:16:35.453] [main/WARN] [settingdust.lazyyyyy.forge.core.faster_mixin.injected.FasterMixinServiceWrapper/]: Failed to read refmap super_warden.mixin-refmap.json from file:///workspaces/laughing-guacamole/servidor_minecraft/mods/super_warden-20.13.0.jar for config super_warden.mixins.json. Find from all resources will spend extra time. Check the debug log for detail of reason. If the file is missing, let the author of the mod moving the refmap into the jar declare it
[27Aug2026 11:16:35.455] [main/WARN] [mixin/]: Reference map 'super_warden.mixin-refmap.json' for super_warden.mixins.json could not be read. If this is a development environment you can ignore this message
[27Aug2026 11:16:35.460] [main/WARN] [settingdust.lazyyyyy.forge.core.faster_mixin.injected.FasterMixinServiceWrapper/]: Failed to read refmap coroutil.refmap.json from file:///workspaces/laughing-guacamole/servidor_minecraft/mods/coroutil-forge-1.20.1-1.3.7.jar for config coroutil.mixins.json. Find from all resources will spend extra time. Check the debug log for detail of reason. If the file is missing, let the author of the mod moving the refmap into the jar declare it
[27Aug2026 11:16:35.462] [main/WARN] [mixin/]: Reference map 'coroutil.refmap.json' for coroutil.mixins.json could not be read. If this is a development environment you can ignore this message
[27Aug2026 11:16:35.536] [main/INFO] [dev.tonimatas.packetfixer.mixins.v1_19_4_forge.MixinPlugin/]: Packet Fixer forge 1.19.4-1.20.1 has been applied successfully.
[27Aug2026 11:16:35.642] [main/WARN] [mixin/]: Error loading class: xaero/common/patreon/Patreon (java.lang.ClassNotFoundException: xaero.common.patreon.Patreon)
[27Aug2026 11:16:35.642] [main/WARN] [mixin/]: @Mixin target xaero.common.patreon.Patreon was not found smsn.mixins.json:xaero.minimap.PatreonMixin from mod (unknown)
[27Aug2026 11:16:35.647] [main/WARN] [mixin/]: Error loading class: xaero/map/patreon/Patreon (java.lang.ClassNotFoundException: xaero.map.patreon.Patreon)
[27Aug2026 11:16:35.648] [main/WARN] [mixin/]: @Mixin target xaero.map.patreon.Patreon was not found smsn.mixins.json:xaero.world_map.PatreonMixin from mod (unknown)
[27Aug2026 11:16:36.010] [main/INFO] [KryptonFNP ModMixinBootstrap/]: Mixin one.pkg.kfnp.mixin.network.experimental.RconClientMixin disabled
[27Aug2026 11:16:36.011] [main/INFO] [KryptonFNP ModMixinBootstrap/]: Mixin one.pkg.kfnp.mixin.network.microopt.FriendlyByteBufUtfMixin enabled
[27Aug2026 11:16:36.011] [main/INFO] [KryptonFNP ModMixinBootstrap/]: Mixin one.pkg.kfnp.mixin.network.microopt.FriendlyByteBufVarIntMixin enabled
[27Aug2026 11:16:36.011] [main/INFO] [KryptonFNP ModMixinBootstrap/]: Mixin one.pkg.kfnp.mixin.network.microopt.FriendlyByteBufVarLongMixin enabled
[27Aug2026 11:16:36.012] [main/INFO] [KryptonFNP ModMixinBootstrap/]: Mixin one.pkg.kfnp.mixin.network.microopt.ServerEntityMixin enabled
[27Aug2026 11:16:36.012] [main/INFO] [KryptonFNP ModMixinBootstrap/]: Mixin one.pkg.kfnp.mixin.network.pipeline.LegacyQueryHandlerMixin enabled
[27Aug2026 11:16:36.012] [main/INFO] [KryptonFNP ModMixinBootstrap/]: Mixin one.pkg.kfnp.mixin.network.pipeline.Varint21FrameDecoderMixin enabled
[27Aug2026 11:16:36.013] [main/INFO] [KryptonFNP ModMixinBootstrap/]: Mixin one.pkg.kfnp.mixin.network.pipeline.compression.ConnectionMixin enabled
[27Aug2026 11:16:36.013] [main/INFO] [KryptonFNP ModMixinBootstrap/]: Mixin one.pkg.kfnp.mixin.network.pipeline.encryption.ConnectionMixin enabled
[27Aug2026 11:16:36.013] [main/INFO] [KryptonFNP ModMixinBootstrap/]: Mixin one.pkg.kfnp.mixin.network.pipeline.encryption.ServerLoginPacketListenerImplMixin enabled
[27Aug2026 11:16:36.683] [main/INFO] [net.minecraftforge.coremod.CoreMod.placebo/COREMODLOG]: Patching IForgeItemStack#getEnchantmentLevel
[27Aug2026 11:16:36.698] [main/INFO] [net.minecraftforge.coremod.CoreMod.placebo/COREMODLOG]: Patching IForgeItemStack#getEnchantmentLevel
[27Aug2026 11:16:36.734] [main/WARN] [mixin/]: Error loading class: com/simibubi/create/content/equipment/armor/BacktankBlockEntity (java.lang.ClassNotFoundException: com.simibubi.create.content.equipment.armor.BacktankBlockEntity)
[27Aug2026 11:16:36.734] [main/WARN] [mixin/]: @Mixin target com.simibubi.create.content.equipment.armor.BacktankBlockEntity was not found jadeaddons.mixins.json:create.BacktankBlockEntityAccess from mod (unknown)
[27Aug2026 11:16:36.777] [main/WARN] [mixin/]: Error loading class: net/minecraft/client/player/KeyboardInput (java.lang.ClassNotFoundException: net.minecraft.client.player.KeyboardInput)
[27Aug2026 11:16:36.777] [main/WARN] [mixin/]: @Mixin target net.minecraft.client.player.KeyboardInput was not found fdlib.mixins.json:KeyboardInputMixin from mod (unknown)
[27Aug2026 11:16:37.102] [main/INFO] [settingdust.lazyyyyy.LazyyyyyMixinPlugin/]: Disabled 'lazy_entity_renderers.EntityRenderDispatcherMixin' due to config
[27Aug2026 11:16:37.103] [main/INFO] [settingdust.lazyyyyy.LazyyyyyMixinPlugin/]: Disabled 'lazy_entity_renderers.curios.Curios_ClientProxyMixin' due to config
[27Aug2026 11:16:37.103] [main/INFO] [settingdust.lazyyyyy.LazyyyyyMixinPlugin/]: Disabled 'lazy_entity_renderers.habitat.HabitatChestItemMixin' due to config
[27Aug2026 11:16:37.103] [main/INFO] [settingdust.lazyyyyy.LazyyyyyMixinPlugin/]: Disabled 'lazy_entity_renderers.supplementaries.SignPostBlockTileRendererMixin' due to config
[27Aug2026 11:16:37.104] [main/INFO] [settingdust.lazyyyyy.LazyyyyyMixinPlugin/]: Disabled 'lazy_entity_renderers.what_are_you_voting_for_2023.ClientEventBusSubscriberMixin' due to config
[27Aug2026 11:16:37.110] [main/INFO] [settingdust.lazyyyyy.LazyyyyyMixinPlugin/]: Disabled 'pack_resources_cache.ForgePathPackResourcesMixin' due to config
[27Aug2026 11:16:37.112] [main/INFO] [settingdust.lazyyyyy.LazyyyyyMixinPlugin/]: Disabled 'pack_resources_cache.PathPackResourcesMixin' due to config
[27Aug2026 11:16:37.112] [main/INFO] [settingdust.lazyyyyy.LazyyyyyMixinPlugin/]: Disabled 'pack_resources_cache.dynamic_trees.FlatTreeResourcePackMixin' due to config
[27Aug2026 11:16:37.113] [main/INFO] [settingdust.lazyyyyy.LazyyyyyMixinPlugin/]: Disabled 'pack_resources_cache.sinytra_connector.ModNioResourcePackMixin' due to config
[27Aug2026 11:16:37.121] [main/WARN] [mixin/]: Error loading class: net/jitl/client/ClientLoginChecker (java.lang.ClassNotFoundException: net.jitl.client.ClientLoginChecker)
[27Aug2026 11:16:37.122] [main/WARN] [mixin/]: @Mixin target net.jitl.client.ClientLoginChecker was not found lazyyyyy.forge.mixins.json:jitl.fix_login_crash.ClientLoginCheckerMixin from mod (unknown)
[27Aug2026 11:16:37.130] [main/WARN] [mixin/]: Error loading class: com/ultramega/cabletiers/registry/ClientEventHandler (java.lang.ClassNotFoundException: com.ultramega.cabletiers.registry.ClientEventHandler)
[27Aug2026 11:16:37.130] [main/WARN] [mixin/]: @Mixin target com.ultramega.cabletiers.registry.ClientEventHandler was not found lazyyyyy.forge.mixins.json:lazy_model_bake.cable_tiers.ClientEventHandlerMixin from mod (unknown)
[27Aug2026 11:16:37.137] [main/WARN] [mixin/]: Error loading class: com/refinedmods/refinedstorage/setup/ClientSetup (java.lang.ClassNotFoundException: com.refinedmods.refinedstorage.setup.ClientSetup)
[27Aug2026 11:16:37.138] [main/WARN] [mixin/]: @Mixin target com.refinedmods.refinedstorage.setup.ClientSetup was not found lazyyyyy.forge.mixins.json:lazy_model_bake.refined_storage.ClientSetupMixin from mod (unknown)
[27Aug2026 11:16:37.345] [main/INFO] [STDOUT/]: [org.arc.epic_ponder.mixinloader.CompatInfos:shouldMixin:48]: [Ares Hud Mixin Loader]Apply Default Mixin: org.arc.epic_ponder.mixin.epicfight.AnimationPlayerMixin.class -> yesman.epicfight.api.animation.AnimationPlayer.class
[27Aug2026 11:16:37.345] [main/INFO] [STDOUT/]: [org.arc.epic_ponder.mixinloader.CompatInfos:shouldMixin:48]: [Ares Hud Mixin Loader]Apply Default Mixin: org.arc.epic_ponder.mixin.epicfight.MixinCapabilityItem.class -> yesman.epicfight.world.capabilities.item.CapabilityItem.class
[27Aug2026 11:16:37.345] [main/INFO] [STDOUT/]: [org.arc.epic_ponder.mixinloader.CompatInfos:shouldMixin:48]: [Ares Hud Mixin Loader]Apply Default Mixin: org.arc.epic_ponder.mixin.epicfight.MixinCapabilityItem.class -> yesman.epicfight.world.capabilities.item.WeaponCapability.class
[27Aug2026 11:16:37.346] [main/INFO] [STDOUT/]: [org.arc.epic_ponder.mixinloader.CompatInfos:shouldMixin:48]: [Ares Hud Mixin Loader]Apply Default Mixin: org.arc.epic_ponder.mixin.epicfight.MixinLevelUtil.class -> yesman.epicfight.api.utils.LevelUtil.class
[27Aug2026 11:16:37.346] [main/INFO] [STDOUT/]: [org.arc.epic_ponder.mixinloader.CompatInfos:shouldMixin:48]: [Ares Hud Mixin Loader]Apply Default Mixin: org.arc.epic_ponder.mixin.epicfight.WeaponCapabilityAccessor.class -> yesman.epicfight.world.capabilities.item.WeaponCapability.class
[27Aug2026 11:16:37.347] [main/INFO] [STDOUT/]: [org.arc.epic_ponder.mixinloader.CompatInfos:shouldMixin:48]: [Ares Hud Mixin Loader]Apply Default Mixin: org.arc.epic_ponder.mixin.epicfight.client.RenderEngineEventsMixin.class -> yesman.epicfight.client.events.engine.RenderEngine$Events.class
[27Aug2026 11:16:37.347] [main/INFO] [STDOUT/]: [org.arc.epic_ponder.mixinloader.CompatInfos:shouldMixin:48]: [Ares Hud Mixin Loader]Apply Default Mixin: org.arc.epic_ponder.mixin.ponder.MixinPonderTooltipHandler.class -> net.createmod.ponder.foundation.PonderTooltipHandler.class
[27Aug2026 11:16:37.348] [main/INFO] [STDOUT/]: [org.arc.epic_ponder.mixinloader.CompatInfos:shouldMixin:48]: [Ares Hud Mixin Loader]Apply Default Mixin: org.arc.epic_ponder.mixin.ponder.MixinSchematicLevelHitbox.class -> net.createmod.catnip.levelWrappers.SchematicLevel.class
[27Aug2026 11:16:37.492] [main/WARN] [mixin/]: Error loading class: com/github/alexmodguy/alexscaves/server/event/CommonEvents (java.lang.ClassNotFoundException: com.github.alexmodguy.alexscaves.server.event.CommonEvents)
[27Aug2026 11:16:37.493] [main/WARN] [mixin/]: @Mixin target com.github.alexmodguy.alexscaves.server.event.CommonEvents was not found wolfcompass.mixins.json:AlexCaveFix from mod (unknown)
[27Aug2026 11:16:37.794] [main/WARN] [mixin/]: Error loading class: vectorwing/farmersdelight/common/block/TomatoVineBlock (java.lang.ClassNotFoundException: vectorwing.farmersdelight.common.block.TomatoVineBlock)
[27Aug2026 11:16:37.883] [main/INFO] [net.minecraftforge.coremod.CoreMod.placebo/COREMODLOG]: Patching IForgeItemStack#getEnchantmentLevel
[27Aug2026 11:16:37.885] [main/INFO] [net.minecraftforge.coremod.CoreMod.placebo/COREMODLOG]: Patching IForgeItemStack#getEnchantmentLevel
[27Aug2026 11:16:38.105] [main/INFO] [STDOUT/]: [com.hm.efn.mixinloader.CompatInfos:shouldMixin:86]: [EFN Mixin Loader]Apply Default Mixin: com.hm.efn.mixin.ActionAnimationMixin.class -> yesman.epicfight.api.animation.types.ActionAnimation.class
[27Aug2026 11:16:38.105] [main/INFO] [STDOUT/]: [com.hm.efn.mixinloader.CompatInfos:shouldMixin:86]: [EFN Mixin Loader]Apply Default Mixin: com.hm.efn.mixin.AnimationPlayerMixin.class -> yesman.epicfight.api.animation.AnimationPlayer.class
[27Aug2026 11:16:38.106] [main/INFO] [STDOUT/]: [com.hm.efn.mixinloader.CompatInfos:shouldMixin:86]: [EFN Mixin Loader]Apply Default Mixin: com.hm.efn.mixin.ArmaturesAccessor.class -> yesman.epicfight.gameasset.Armatures.class
[27Aug2026 11:16:38.106] [main/INFO] [STDOUT/]: [com.hm.efn.mixinloader.CompatInfos:shouldMixin:86]: [EFN Mixin Loader]Apply Default Mixin: com.hm.efn.mixin.GuardSkillMixin.class -> yesman.epicfight.skill.guard.GuardSkill.class
[27Aug2026 11:16:38.107] [main/INFO] [STDOUT/]: [com.hm.efn.mixinloader.CompatInfos:shouldMixin:86]: [EFN Mixin Loader]Apply Default Mixin: com.hm.efn.mixin.MixinEpicFightCameraAPI.class -> yesman.epicfight.api.client.camera.EpicFightCameraAPI.class
[27Aug2026 11:16:38.108] [main/INFO] [STDOUT/]: [com.hm.efn.mixinloader.CompatInfos:shouldMixin:86]: [EFN Mixin Loader]Apply Default Mixin: com.hm.efn.mixin.MixinInputManager.class -> com.p1nero.invincible.client.InputManager.class
[27Aug2026 11:16:38.108] [main/INFO] [STDOUT/]: [com.hm.efn.mixinloader.CompatInfos:shouldMixin:86]: [EFN Mixin Loader]Apply Default Mixin: com.hm.efn.mixin.MixinMob.class -> net.minecraft.world.entity.Mob.class
[27Aug2026 11:16:38.109] [main/INFO] [STDOUT/]: [com.hm.efn.mixinloader.CompatInfos:shouldMixin:86]: [EFN Mixin Loader]Apply Default Mixin: com.hm.efn.mixin.MixinPatchedItemInHandLayer.class -> yesman.epicfight.client.renderer.patched.layer.PatchedItemInHandLayer.class
[27Aug2026 11:16:38.109] [main/INFO] [STDOUT/]: [com.hm.efn.mixinloader.CompatInfos:shouldMixin:86]: [EFN Mixin Loader]Apply Default Mixin: com.hm.efn.mixin.NearestAttackableTargetGoalMixin.class -> net.minecraft.world.entity.ai.goal.target.NearestAttackableTargetGoal.class
[27Aug2026 11:16:38.109] [main/INFO] [STDOUT/]: [com.hm.efn.mixinloader.CompatInfos:shouldMixin:86]: [EFN Mixin Loader]Apply Default Mixin: com.hm.efn.mixin.ServerPlayerPatchMixin.class -> yesman.epicfight.world.capabilities.entitypatch.player.ServerPlayerPatch.class
[27Aug2026 11:16:38.110] [main/INFO] [STDOUT/]: [com.hm.efn.mixinloader.CompatInfos:shouldMixin:86]: [EFN Mixin Loader]Apply Default Mixin: com.hm.efn.mixin.SkillMixin.class -> yesman.epicfight.skill.Skill.class
[27Aug2026 11:16:38.110] [main/INFO] [STDOUT/]: [com.hm.efn.mixinloader.CompatInfos:shouldMixin:86]: [EFN Mixin Loader]Apply Default Mixin: com.hm.efn.mixin.UtilMixin.class -> net.minecraft.Util.class
[27Aug2026 11:16:38.111] [main/INFO] [STDOUT/]: [com.hm.efn.mixinloader.CompatInfos:shouldMixin:81]: [EFN Mixin Loader]Apply Compat Mixin: com.hm.efn.mixin.compat.cataclysm.MixinIABossMonster.class -> com.github.L_Ender.cataclysm.entity.InternalAnimationMonster.IABossMonsters.IABoss_monster.class
[27Aug2026 11:16:38.111] [main/INFO] [STDOUT/]: [com.hm.efn.mixinloader.CompatInfos:shouldMixin:81]: [EFN Mixin Loader]Apply Compat Mixin: com.hm.efn.mixin.compat.cataclysm.MixinLLibraryBossMonster.class -> com.github.L_Ender.cataclysm.entity.AnimationMonster.BossMonsters.LLibrary_Boss_Monster.class
[27Aug2026 11:16:38.111] [main/INFO] [STDOUT/]: [com.hm.efn.mixinloader.CompatInfos:shouldMixin:81]: [EFN Mixin Loader]Apply Compat Mixin: com.hm.efn.mixin.compat.citadel.AnimationHandlerMixin.class -> com.github.alexthe666.citadel.animation.AnimationHandler.class
[27Aug2026 11:16:38.113] [main/INFO] [STDOUT/]: [com.hm.efn.mixinloader.CompatInfos:shouldMixin:81]: [EFN Mixin Loader]Apply Compat Mixin: com.hm.efn.mixin.compat.geckolib.AnimationProcessorMixin.class -> software.bernie.geckolib.core.animation.AnimationProcessor.class
[27Aug2026 11:16:38.113] [main/INFO] [STDOUT/]: [com.hm.efn.mixinloader.CompatInfos:shouldMixin:81]: [EFN Mixin Loader]Apply Compat Mixin: com.hm.efn.mixin.compat.lionfishapi.AnimationHandlerMixin.class -> com.github.L_Ender.lionfishapi.server.animation.AnimationHandler.class
[27Aug2026 11:16:38.231] [main/WARN] [mixin/]: Error loading class: net/p3pp3rf1y/sophisticatedcore/util/InventoryHelper (java.lang.ClassNotFoundException: net.p3pp3rf1y.sophisticatedcore.util.InventoryHelper)
[27Aug2026 11:16:38.231] [main/WARN] [mixin/]: @Mixin target net.p3pp3rf1y.sophisticatedcore.util.InventoryHelper was not found tcrcore.mixins.json:sophisticatedbackpacks.BackpackInventoryHelperMixin from mod (unknown)
[27Aug2026 11:16:38.250] [main/WARN] [mixin/]: Error loading class: net/p3pp3rf1y/sophisticatedcore/upgrades/magnet/MagnetUpgradeWrapper (java.lang.ClassNotFoundException: net.p3pp3rf1y.sophisticatedcore.upgrades.magnet.MagnetUpgradeWrapper)
[27Aug2026 11:16:38.250] [main/WARN] [mixin/]: @Mixin target net.p3pp3rf1y.sophisticatedcore.upgrades.magnet.MagnetUpgradeWrapper was not found tcrcore.mixins.json:sophisticatedbackpacks.MagnetUpgradeWrapperMixin from mod (unknown)
[27Aug2026 11:16:38.396] [main/INFO] [settingdust.lazyyyyy.LazyyyyyMixinPlugin/]: Disabled 'lazy_entity_renderers.entity_model_features.EMFManagerMixin' due to config
[27Aug2026 11:16:38.396] [main/INFO] [settingdust.lazyyyyy.LazyyyyyMixinPlugin/]: Disabled 'pack_resources_cache.FilePackResourcesMixin' due to config
[27Aug2026 11:16:38.397] [main/INFO] [settingdust.lazyyyyy.LazyyyyyMixinPlugin/]: Disabled 'pack_resources_cache.PathPackResourcesMixin' due to config
[27Aug2026 11:16:38.397] [main/INFO] [settingdust.lazyyyyy.LazyyyyyMixinPlugin/]: Disabled 'pack_resources_cache.VanillaPackResourcesMixin' due to config
[27Aug2026 11:16:38.401] [main/WARN] [mixin/]: Error loading class: net/sweenus/simplyswords/config/Config (java.lang.ClassNotFoundException: net.sweenus.simplyswords.config.Config)
[27Aug2026 11:16:38.402] [main/WARN] [mixin/]: @Mixin target net.sweenus.simplyswords.config.Config was not found lazyyyyy.mixins.json:simply_swords.faster_config.ConfigMixin from mod (unknown)
[27Aug2026 11:16:38.986] [main/ERROR] [net.minecraftforge.fml.loading.RuntimeDistCleaner/DISTXFORM]: Attempted to load class com/mojang/blaze3d/vertex/PoseStack$Pose for invalid dist DEDICATED_SERVER
[27Aug2026 11:16:38.987] [main/WARN] [mixin/]: Error loading class: com/mojang/blaze3d/vertex/PoseStack$Pose (java.lang.RuntimeException: Attempted to load class com/mojang/blaze3d/vertex/PoseStack$Pose for invalid dist DEDICATED_SERVER)
[27Aug2026 11:16:39.108] [main/WARN] [mixin/]: Error loading class: com/mojang/blaze3d/platform/InputConstants$Key (java.lang.ClassNotFoundException: com.mojang.blaze3d.platform.InputConstants$Key)
[27Aug2026 11:16:39.114] [main/WARN] [mixin/]: Error loading class: net/minecraft/client/renderer/entity/EntityRendererProvider$Context (java.lang.ClassNotFoundException: net.minecraft.client.renderer.entity.EntityRendererProvider$Context)
[27Aug2026 11:16:39.124] [main/WARN] [mixin/]: Error loading class: net/minecraft/client/gui/layouts/GridLayout$RowHelper (java.lang.ClassNotFoundException: net.minecraft.client.gui.layouts.GridLayout$RowHelper)
[27Aug2026 11:16:39.151] [main/INFO] [MixinExtras|Service/]: Initializing MixinExtras via com.llamalad7.mixinextras.service.MixinExtrasServiceImpl(version=0.5.3).
[27Aug2026 11:16:39.290] [main/INFO] [settingdust.lazyyyyy.LazyyyyyMixinCanceller/]: Disabled ModernFix perf.resourcepacks
[27Aug2026 11:16:39.291] [main/WARN] [mixinsquared-canceller/]: Cancelled mixin org.embeddedt.modernfix.common.mixin.perf.resourcepacks.MinecraftServerMixin. Check debug logs for more information.
[27Aug2026 11:16:39.901] [main/INFO] [net.minecraft.server.Bootstrap/]: ModernFix reached bootstrap stage (39.79 s after launch)
[27Aug2026 11:16:40.213] [main/WARN] [mixin/]: @Final field delegatesByName:Ljava/util/Map; in modernfix-modernfix.mixins.json:perf.forge_registry_alloc.ForgeRegistryMixin from mod (unknown) should be final
[27Aug2026 11:16:40.213] [main/WARN] [mixin/]: @Final field delegatesByValue:Ljava/util/Map; in modernfix-modernfix.mixins.json:perf.forge_registry_alloc.ForgeRegistryMixin from mod (unknown) should be final
[27Aug2026 11:16:40.335] [main/INFO] [ModernFix/]: Injecting BlockStateBase cache population hook into getNeighborPathNodeType from com.abdelaziz.canary.mixin.ai.pathing.BlockStateBaseMixin
[27Aug2026 11:16:40.336] [main/INFO] [ModernFix/]: Injecting BlockStateBase cache population hook into getPathNodeType from com.abdelaziz.canary.mixin.ai.pathing.BlockStateBaseMixin
[27Aug2026 11:16:42.365] [main/INFO] [net.minecraft.server.Bootstrap/]: Vanilla bootstrap took 2447 milliseconds
[27Aug2026 11:16:43.579] [main/INFO] [net.minecraftforge.coremod.CoreMod.placebo/COREMODLOG]: Patching IForgeItemStack#getEnchantmentLevel
[27Aug2026 11:16:43.580] [main/INFO] [net.minecraftforge.coremod.CoreMod.placebo/COREMODLOG]: Patching IForgeItemStack#getEnchantmentLevel
[27Aug2026 11:16:43.824] [main/WARN] [mixin/]: @Final field f_31427_:[I in mixins.epicfight.json:common.MixinWitherBoss from mod (unknown) should be final
[27Aug2026 11:16:43.824] [main/WARN] [mixin/]: @Final field f_31428_:[I in mixins.epicfight.json:common.MixinWitherBoss from mod (unknown) should be final
[27Aug2026 11:16:45.136] [main/WARN] [net.minecraft.network.syncher.SynchedEntityData/]: defineId called for: class net.minecraft.world.entity.LivingEntity from class yesman.epicfight.world.capabilities.entitypatch.LivingEntityPatch
[27Aug2026 11:16:45.136] [main/WARN] [net.minecraft.network.syncher.SynchedEntityData/]: defineId called for: class net.minecraft.world.entity.LivingEntity from class yesman.epicfight.world.capabilities.entitypatch.LivingEntityPatch
[27Aug2026 11:16:45.136] [main/WARN] [net.minecraft.network.syncher.SynchedEntityData/]: defineId called for: class net.minecraft.world.entity.LivingEntity from class yesman.epicfight.world.capabilities.entitypatch.LivingEntityPatch
[27Aug2026 11:16:45.136] [main/WARN] [net.minecraft.network.syncher.SynchedEntityData/]: defineId called for: class net.minecraft.world.entity.LivingEntity from class yesman.epicfight.world.capabilities.entitypatch.LivingEntityPatch
[27Aug2026 11:16:45.137] [main/WARN] [net.minecraft.network.syncher.SynchedEntityData/]: defineId called for: class net.minecraft.world.entity.LivingEntity from class yesman.epicfight.world.capabilities.entitypatch.LivingEntityPatch
[27Aug2026 11:16:45.137] [main/WARN] [net.minecraft.network.syncher.SynchedEntityData/]: defineId called for: class net.minecraft.world.entity.LivingEntity from class yesman.epicfight.world.capabilities.entitypatch.LivingEntityPatch
[27Aug2026 11:16:45.137] [main/WARN] [net.minecraft.network.syncher.SynchedEntityData/]: defineId called for: class net.minecraft.world.entity.LivingEntity from class yesman.epicfight.world.capabilities.entitypatch.LivingEntityPatch
[27Aug2026 11:16:45.137] [main/WARN] [net.minecraft.network.syncher.SynchedEntityData/]: defineId called for: class net.minecraft.world.entity.LivingEntity from class yesman.epicfight.world.capabilities.entitypatch.LivingEntityPatch
[27Aug2026 11:16:45.137] [main/WARN] [net.minecraft.network.syncher.SynchedEntityData/]: defineId called for: class net.minecraft.world.entity.LivingEntity from class yesman.epicfight.world.capabilities.entitypatch.LivingEntityPatch
[27Aug2026 11:16:45.137] [main/WARN] [net.minecraft.network.syncher.SynchedEntityData/]: defineId called for: class net.minecraft.world.entity.LivingEntity from class yesman.epicfight.world.capabilities.entitypatch.LivingEntityPatch
[27Aug2026 11:16:45.137] [main/WARN] [net.minecraft.network.syncher.SynchedEntityData/]: defineId called for: class net.minecraft.world.entity.LivingEntity from class yesman.epicfight.world.capabilities.entitypatch.LivingEntityPatch
[27Aug2026 11:16:45.137] [main/WARN] [net.minecraft.network.syncher.SynchedEntityData/]: defineId called for: class net.minecraft.world.entity.LivingEntity from class yesman.epicfight.world.capabilities.entitypatch.LivingEntityPatch
[27Aug2026 11:16:45.172] [main/WARN] [mixin/]: Method overwrite conflict for scheduleRandomTick in corgilib-common.mixins.json:chunk.MixinChunkAccess from mod (unknown), previously written by dev.corgitaco.ohthetreesyoullgrow.mixin.chunk.MixinChunkAccess. Skipping method.
[27Aug2026 11:16:45.172] [main/WARN] [mixin/]: Method overwrite conflict for getScheduledRandomTicks in corgilib-common.mixins.json:chunk.MixinChunkAccess from mod (unknown), previously written by dev.corgitaco.ohthetreesyoullgrow.mixin.chunk.MixinChunkAccess. Skipping method.
[27Aug2026 11:16:46.406] [main/WARN] [mixin/]: Static binding violation: PRIVATE @Overwrite method m_47505_ in modernfix-modernfix.mixins.json:perf.remove_biome_temperature_cache.BiomeMixin from mod (unknown) cannot reduce visibiliy of PUBLIC target method, visibility will be upgraded.
[27Aug2026 11:16:46.990] [modloading-worker-0/WARN] [one.pkg.kfnp.shared.ModSharedBootstrap/]: ================= KRYPTON FNP =================
[27Aug2026 11:16:46.990] [modloading-worker-0/WARN] [one.pkg.kfnp.shared.ModSharedBootstrap/]: Do not send messages about your game malfunctioning due to KryptonFNP in places the author cannot see.
[27Aug2026 11:16:46.991] [modloading-worker-0/WARN] [one.pkg.kfnp.shared.ModSharedBootstrap/]: The author is unaware of this bug and therefore cannot fix it!
[27Aug2026 11:16:46.991] [modloading-worker-0/WARN] [one.pkg.kfnp.shared.ModSharedBootstrap/]: Please send feedback via CurseForge, Github, or Discord so the author can quickly locate the issue!
[27Aug2026 11:16:46.991] [modloading-worker-0/WARN] [one.pkg.kfnp.shared.ModSharedBootstrap/]: ===============================================
[27Aug2026 11:16:46.991] [modloading-worker-0/INFO] [one.pkg.kfnp.shared.ModSharedBootstrap/]: Krypton is now accelerating your Minecraft server's networking stack 🚀
[27Aug2026 11:16:47.142] [modloading-worker-0/INFO] [one.pkg.kfnp.shared.ModSharedBootstrap/]: Compression will use libdeflate (Linux x86_64), encryption will use OpenSSL 3.x.x (Linux x86_64)
[27Aug2026 11:16:47.385] [modloading-worker-0/INFO] [STDOUT/]: [org.arc.killcam.event.TickChange:init:40]: KillCam Tick system has been initialized.
[27Aug2026 11:16:47.669] [modloading-worker-0/INFO] [com.aetherteam.cumulus.Cumulus/]: Disabling Cumulus as it is on server.
[27Aug2026 11:16:47.752] [modloading-worker-0/INFO] [me.wesley1808.servercore.common.ServerCore/]: [ServerCore] Loaded V1.5.2+1.20.1!
[27Aug2026 11:16:47.801] [modloading-worker-0/INFO] [Puzzles Lib/]: Constructing common components for enchantinginfuser:main
[27Aug2026 11:16:47.948] [modloading-worker-0/INFO] [epicfight/]: Loaded mod compat: GeckolibCompat
[27Aug2026 11:16:47.948] [modloading-worker-0/WARN] [yesman.epicfight.main.EpicFightMod/]: Azure Lib version 3 is not supported yet.
[27Aug2026 11:16:47.949] [modloading-worker-0/INFO] [epicfight/]: Loaded mod compat: CuriosCompat
[27Aug2026 11:16:47.952] [modloading-worker-0/INFO] [epicfight/]: Loaded mod compat: PlayerAnimatorCompat
[27Aug2026 11:16:48.005] [modloading-worker-0/INFO] [STDOUT/]: [io.ejekta.kambrik.KambrikModForge:<clinit>:22]: Service loaders found: [io.ejekta.kambrik.bridge.KambrikSharedApiForge@630a5c16]
[27Aug2026 11:16:48.070] [modloading-worker-0/INFO] [net.minecraftforge.common.ForgeMod/FORGEMOD]: Forge mod loading, version 47.4.4, for MC 1.20.1 with MCP 20230612.114412
[27Aug2026 11:16:48.073] [modloading-worker-0/INFO] [net.minecraftforge.common.MinecraftForge/FORGE]: MinecraftForge v47.4.4 Initialized
[27Aug2026 11:16:48.189] [modloading-worker-0/INFO] [thedarkcolour.kotlinforforge.test.KotlinForForge/]: Kotlin For Forge Enabled!
[27Aug2026 11:16:48.295] [modloading-worker-0/INFO] [xaero.common.HudMod/]: Registering common data for channel xaerominimap:main!
[27Aug2026 11:16:48.300] [modloading-worker-0/INFO] [Puzzles Lib/]: Constructing common components for puzzleslib:main
[27Aug2026 11:16:48.381] [modloading-worker-0/INFO] [xaero.common.HudMod/]: Loading primary common config for channel xaerominimap:main!
[27Aug2026 11:16:48.387] [modloading-worker-0/INFO] [xaero.common.HudMod/]: Loading server config profiles for channel xaerominimap:main!
[27Aug2026 11:16:48.393] [modloading-worker-0/INFO] [zeta/]: Doing super early config setup for zeta
[27Aug2026 11:16:48.535] [modloading-worker-0/INFO] [xaero.map.WorldMap/]: Registering common data for channel xaeroworldmap:main!
[27Aug2026 11:16:48.545] [modloading-worker-0/INFO] [xaero.map.WorldMap/]: Loading primary common config for channel xaeroworldmap:main!
[27Aug2026 11:16:48.556] [modloading-worker-0/INFO] [xaero.map.WorldMap/]: Loading server config profiles for channel xaeroworldmap:main!
[27Aug2026 11:16:48.638] [modloading-worker-0/INFO] [net.magister.bookofdragons.BookOfDragons/]: Registering Book of Dragons configuration...
[27Aug2026 11:16:48.649] [modloading-worker-0/INFO] [net.magister.bookofdragons.config.RoostConfig/]: [RoostConfig] Loaded archetype 'cliff' with 2 dragons
[27Aug2026 11:16:48.649] [modloading-worker-0/INFO] [net.magister.bookofdragons.config.RoostConfig/]: [RoostConfig] Loaded archetype 'cave' with 2 dragons
[27Aug2026 11:16:48.649] [modloading-worker-0/INFO] [net.magister.bookofdragons.config.RoostConfig/]: [RoostConfig] Loaded archetype 'glade' with 2 dragons
[27Aug2026 11:16:48.649] [modloading-worker-0/INFO] [net.magister.bookofdragons.config.RoostConfig/]: [RoostConfig] Loaded archetype 'wetland' with 1 dragons
[27Aug2026 11:16:48.649] [modloading-worker-0/INFO] [net.magister.bookofdragons.config.RoostConfig/]: [RoostConfig] Loaded archetype 'barrens' with 2 dragons
[27Aug2026 11:16:48.649] [modloading-worker-0/INFO] [net.magister.bookofdragons.config.RoostConfig/]: [RoostConfig] Loaded 5 roost archetypes: [cave, glade, cliff, wetland, barrens]
[27Aug2026 11:16:48.654] [modloading-worker-0/INFO] [net.magister.bookofdragons.entity.data.DragonVariantConfig/]: Loaded dragon variants from config: /workspaces/laughing-guacamole/servidor_minecraft/config/bookofdragons/dragon_variants.json
[27Aug2026 11:16:48.654] [modloading-worker-0/INFO] [net.magister.bookofdragons.BookOfDragons/]: Configuration system initialized successfully!
[27Aug2026 11:16:48.658] [modloading-worker-0/INFO] [Bookshelf/]: Fixing MC-151457. Crafting remainder for minecraft:pufferfish_bucket is now minecraft:bucket.
[27Aug2026 11:16:48.658] [modloading-worker-0/INFO] [Bookshelf/]: Fixing MC-151457. Crafting remainder for minecraft:salmon_bucket is now minecraft:bucket.
[27Aug2026 11:16:48.658] [modloading-worker-0/INFO] [Bookshelf/]: Fixing MC-151457. Crafting remainder for minecraft:cod_bucket is now minecraft:bucket.
[27Aug2026 11:16:48.661] [modloading-worker-0/INFO] [Bookshelf/]: Fixing MC-151457. Crafting remainder for minecraft:tropical_fish_bucket is now minecraft:bucket.
[27Aug2026 11:16:48.661] [modloading-worker-0/INFO] [Bookshelf/]: Fixing MC-151457. Crafting remainder for minecraft:axolotl_bucket is now minecraft:bucket.
[27Aug2026 11:16:48.661] [modloading-worker-0/INFO] [Bookshelf/]: Fixing MC-151457. Crafting remainder for minecraft:powder_snow_bucket is now minecraft:bucket.
[27Aug2026 11:16:48.661] [modloading-worker-0/INFO] [Bookshelf/]: Fixing MC-151457. Crafting remainder for minecraft:tadpole_bucket is now minecraft:bucket.
[27Aug2026 11:16:48.972] [modloading-worker-0/INFO] [dev.architectury.networking.forge.NetworkManagerImpl/]: Registering C2S receiver with id architectury:sync_ids
[27Aug2026 11:16:48.975] [modloading-worker-0/INFO] [dev.architectury.networking.forge.NetworkManagerImpl/]: Registering C2S receiver with id ftblibrary:edit_nbt_response
[27Aug2026 11:16:48.983] [modloading-worker-0/INFO] [dev.architectury.networking.forge.NetworkManagerImpl/]: Registering C2S receiver with id ftbteams:open_gui
[27Aug2026 11:16:48.985] [modloading-worker-0/INFO] [dev.architectury.networking.forge.NetworkManagerImpl/]: Registering C2S receiver with id ftbteams:update_settings
[27Aug2026 11:16:48.989] [modloading-worker-0/INFO] [dev.architectury.networking.forge.NetworkManagerImpl/]: Registering C2S receiver with id ftbteams:send_message
[27Aug2026 11:16:48.994] [modloading-worker-0/INFO] [dev.architectury.networking.forge.NetworkManagerImpl/]: Registering C2S receiver with id ftbteams:create_party
[27Aug2026 11:16:48.996] [modloading-worker-0/INFO] [dev.architectury.networking.forge.NetworkManagerImpl/]: Registering C2S receiver with id ftbteams:player_gui_operation
[27Aug2026 11:16:49.025] [modloading-worker-0/INFO] [com.cupboard.Cupboard/]: Loaded config for: cupboard.json
[27Aug2026 11:16:49.134] [modloading-worker-0/INFO] [com.wintercogs.beyonddimensions.BeyondDimensions/]: Discovered 11 common integration modules and 2 client integration modules
[27Aug2026 11:16:49.136] [modloading-worker-0/INFO] [dev.architectury.networking.forge.NetworkManagerImpl/]: Registering C2S receiver with id ftbquests:submit_task
[27Aug2026 11:16:49.142] [modloading-worker-0/INFO] [dev.architectury.networking.forge.NetworkManagerImpl/]: Registering C2S receiver with id ftbquests:claim_reward
[27Aug2026 11:16:49.157] [modloading-worker-0/INFO] [dev.architectury.networking.forge.NetworkManagerImpl/]: Registering C2S receiver with id ftbquests:get_emergency_items
[27Aug2026 11:16:49.162] [modloading-worker-0/INFO] [dev.architectury.networking.forge.NetworkManagerImpl/]: Registering C2S receiver with id ftbquests:claim_all_rewards
[27Aug2026 11:16:49.164] [modloading-worker-0/INFO] [dev.architectury.networking.forge.NetworkManagerImpl/]: Registering C2S receiver with id ftbquests:claim_choice_reward
[27Aug2026 11:16:49.169] [modloading-worker-0/INFO] [dev.architectury.networking.forge.NetworkManagerImpl/]: Registering C2S receiver with id ftbquests:toggle_pinned
[27Aug2026 11:16:49.174] [modloading-worker-0/INFO] [dev.architectury.networking.forge.NetworkManagerImpl/]: Registering C2S receiver with id ftbquests:toggle_chapter_pinned
[27Aug2026 11:16:49.175] [modloading-worker-0/INFO] [dev.architectury.networking.forge.NetworkManagerImpl/]: Registering C2S receiver with id ftbquests:toggle_editing_mode
[27Aug2026 11:16:49.176] [modloading-worker-0/INFO] [dev.architectury.networking.forge.NetworkManagerImpl/]: Registering C2S receiver with id ftbquests:force_save
[27Aug2026 11:16:49.178] [modloading-worker-0/INFO] [net.potionstudios.biomeswevegone.BiomesWeveGone/]: Registering Oh The Biomes We've Gone items
[27Aug2026 11:16:49.180] [modloading-worker-0/INFO] [dev.architectury.networking.forge.NetworkManagerImpl/]: Registering C2S receiver with id ftbquests:set_custom_image
[27Aug2026 11:16:49.191] [modloading-worker-0/INFO] [dev.architectury.networking.forge.NetworkManagerImpl/]: Registering C2S receiver with id ftbquests:task_screen_config_resp
[27Aug2026 11:16:49.191] [modloading-worker-0/INFO] [dev.architectury.networking.forge.NetworkManagerImpl/]: Registering C2S receiver with id ftbquests:give_item_to_player
[27Aug2026 11:16:49.192] [modloading-worker-0/INFO] [dev.architectury.networking.forge.NetworkManagerImpl/]: Registering C2S receiver with id ftbquests:reorder_item
[27Aug2026 11:16:49.195] [modloading-worker-0/INFO] [dev.architectury.networking.forge.NetworkManagerImpl/]: Registering C2S receiver with id ftbquests:change_progress
[27Aug2026 11:16:49.196] [modloading-worker-0/INFO] [dev.architectury.networking.forge.NetworkManagerImpl/]: Registering C2S receiver with id ftbquests:create_object
[27Aug2026 11:16:49.200] [modloading-worker-0/INFO] [dev.architectury.networking.forge.NetworkManagerImpl/]: Registering C2S receiver with id ftbquests:create_task_at
[27Aug2026 11:16:49.203] [modloading-worker-0/INFO] [dev.architectury.networking.forge.NetworkManagerImpl/]: Registering C2S receiver with id ftbquests:delete_object
[27Aug2026 11:16:49.208] [modloading-worker-0/INFO] [dev.architectury.networking.forge.NetworkManagerImpl/]: Registering C2S receiver with id ftbquests:edit_object
[27Aug2026 11:16:49.213] [modloading-worker-0/INFO] [dev.architectury.networking.forge.NetworkManagerImpl/]: Registering C2S receiver with id ftbquests:move_chapter
[27Aug2026 11:16:49.215] [modloading-worker-0/INFO] [dev.architectury.networking.forge.NetworkManagerImpl/]: Registering C2S receiver with id ftbquests:move_quest
[27Aug2026 11:16:49.217] [modloading-worker-0/INFO] [dev.architectury.networking.forge.NetworkManagerImpl/]: Registering C2S receiver with id ftbquests:change_chapter_group
[27Aug2026 11:16:49.219] [modloading-worker-0/INFO] [dev.architectury.networking.forge.NetworkManagerImpl/]: Registering C2S receiver with id ftbquests:move_chapter_group
[27Aug2026 11:16:49.224] [modloading-worker-0/INFO] [dev.architectury.networking.forge.NetworkManagerImpl/]: Registering C2S receiver with id ftbquests:copy_quest
[27Aug2026 11:16:49.227] [modloading-worker-0/INFO] [dev.architectury.networking.forge.NetworkManagerImpl/]: Registering C2S receiver with id ftbquests:copy_chapter_image
[27Aug2026 11:16:49.228] [modloading-worker-0/INFO] [dev.architectury.networking.forge.NetworkManagerImpl/]: Registering C2S receiver with id ftbquests:sync_structures_request
[27Aug2026 11:16:49.233] [modloading-worker-0/INFO] [dev.architectury.networking.forge.NetworkManagerImpl/]: Registering C2S receiver with id ftbquests:request_team_data
[27Aug2026 11:16:49.261] [modloading-worker-0/INFO] [xaero.lib.XaeroLib/]: Registering common data for channel xaerolib:main!
[27Aug2026 11:16:49.262] [modloading-worker-0/INFO] [xaero.lib.XaeroLib/]: Loading primary common config for channel xaerolib:main!
[27Aug2026 11:16:49.264] [modloading-worker-0/INFO] [xaero.lib.XaeroLib/]: Loading server config profiles for channel xaerolib:main!
[27Aug2026 11:16:49.302] [modloading-worker-0/INFO] [net.potionstudios.biomeswevegone.BiomesWeveGone/]: Registering Oh The Biomes We've Gone Blocks
[27Aug2026 11:16:49.348] [modloading-worker-0/INFO] [net.blay09.mods.balm.forge.config.ForgeBalmConfig/]: Registering config for waystones:common (COMMON) with 46 properties.
[27Aug2026 11:16:49.359] [modloading-worker-0/INFO] [net.potionstudios.biomeswevegone.BiomesWeveGone/]: Registering Oh The Biomes We've Gone Wood
[27Aug2026 11:16:49.363] [modloading-worker-0/INFO] [net.potionstudios.biomeswevegone.BiomesWeveGone/]: Registering Oh The Biomes We've Gone Block Entities
[27Aug2026 11:16:49.363] [modloading-worker-0/INFO] [net.potionstudios.biomeswevegone.BiomesWeveGone/]: Registering Oh The Biomes We've Gone Entities
[27Aug2026 11:16:49.364] [modloading-worker-0/INFO] [net.potionstudios.biomeswevegone.BiomesWeveGone/]: Registering Oh The Biomes We've Gone Creative Tabs
[27Aug2026 11:16:49.364] [modloading-worker-0/INFO] [net.potionstudios.biomeswevegone.BiomesWeveGone/]: Registering Oh The Biomes We've Gone Sounds
[27Aug2026 11:16:49.366] [modloading-worker-0/INFO] [net.potionstudios.biomeswevegone.BiomesWeveGone/]: Registering Oh The Biomes We've Gone Block Predicate
[27Aug2026 11:16:49.374] [modloading-worker-0/INFO] [net.potionstudios.biomeswevegone.BiomesWeveGone/]: Registering Oh The Biomes We've Gone State Providers
[27Aug2026 11:16:49.379] [modloading-worker-0/INFO] [net.potionstudios.biomeswevegone.BiomesWeveGone/]: Registering Oh The Biomes We've Gone Tree Decorators
[27Aug2026 11:16:49.392] [modloading-worker-0/INFO] [net.potionstudios.biomeswevegone.BiomesWeveGone/]: Registering Oh The Biomes We've Gone Custom Features
[27Aug2026 11:16:49.394] [modloading-worker-0/INFO] [net.potionstudios.biomeswevegone.BiomesWeveGone/]: Registering Oh The Biomes We've Gone Structure Pieces
[27Aug2026 11:16:49.396] [modloading-worker-0/INFO] [net.potionstudios.biomeswevegone.BiomesWeveGone/]: Registering Oh The Biomes We've Gone Custom Structure Types
[27Aug2026 11:16:49.399] [modloading-worker-0/INFO] [net.potionstudios.biomeswevegone.BiomesWeveGone/]: Registering Oh The Biomes We've Gone Configured Features
[27Aug2026 11:16:49.412] [modloading-worker-0/INFO] [net.potionstudios.biomeswevegone.BiomesWeveGone/]: Creating and Registering Overworld Vegetation Configured Features
[27Aug2026 11:16:49.497] [modloading-worker-0/INFO] [net.potionstudios.biomeswevegone.BiomesWeveGone/]: Registering Oh The Biomes We've Gone Tree Configured Features
[27Aug2026 11:16:49.498] [modloading-worker-0/INFO] [net.potionstudios.biomeswevegone.BiomesWeveGone/]: Creating and Registering Vanilla Configured Features
[27Aug2026 11:16:49.500] [modloading-worker-0/INFO] [dev.architectury.networking.forge.NetworkManagerImpl/]: Registering C2S receiver with id artifacts:networking_channel/42a7ad70b1cc371599a0eff744096b8a
[27Aug2026 11:16:49.501] [modloading-worker-0/INFO] [dev.architectury.networking.forge.NetworkManagerImpl/]: Registering C2S receiver with id artifacts:networking_channel/74a5e841822a3a87854ae896a33430d6
[27Aug2026 11:16:49.503] [modloading-worker-0/INFO] [dev.architectury.networking.forge.NetworkManagerImpl/]: Registering C2S receiver with id artifacts:networking_channel/eb3d1e2748533430848cadf0f37c7e9c
[27Aug2026 11:16:49.507] [modloading-worker-0/INFO] [dev.architectury.networking.forge.NetworkManagerImpl/]: Registering C2S receiver with id artifacts:networking_channel/91c8520f19f93b3e8b6a727568e194ab
[27Aug2026 11:16:49.509] [modloading-worker-0/INFO] [net.potionstudios.biomeswevegone.BiomesWeveGone/]: Registering Oh The Biomes You'll Go Overworld Configured Features
[27Aug2026 11:16:49.509] [modloading-worker-0/INFO] [dev.architectury.networking.forge.NetworkManagerImpl/]: Registering C2S receiver with id artifacts:networking_channel/8c2784d778293fd482ed84b8aa5fedb9
[27Aug2026 11:16:49.510] [modloading-worker-0/INFO] [dev.architectury.networking.forge.NetworkManagerImpl/]: Registering C2S receiver with id artifacts:networking_channel/ea038224ea783d40b2863f52239e2604
[27Aug2026 11:16:49.512] [modloading-worker-0/INFO] [net.potionstudios.biomeswevegone.BiomesWeveGone/]: Registering Oh The Biomes We've Gone Placed Features
[27Aug2026 11:16:49.513] [modloading-worker-0/INFO] [dev.architectury.networking.forge.NetworkManagerImpl/]: Registering C2S receiver with id artifacts:networking_channel/97ad64b7ecaf33209991c4f031501a58
[27Aug2026 11:16:49.531] [modloading-worker-0/INFO] [net.potionstudios.biomeswevegone.BiomesWeveGone/]: Creating and Registering Overworld Tree Placed Features
[27Aug2026 11:16:49.562] [modloading-worker-0/INFO] [net.potionstudios.biomeswevegone.BiomesWeveGone/]: Creating and Registering Overworld Vegetation Placed Features
[27Aug2026 11:16:49.566] [modloading-worker-0/INFO] [net.potionstudios.biomeswevegone.BiomesWeveGone/]: Creating and Registering Vanilla Placed Features
[27Aug2026 11:16:49.567] [modloading-worker-0/INFO] [net.potionstudios.biomeswevegone.BiomesWeveGone/]: Registering Oh The Biomes We've Gone Custom Surface Rules
[27Aug2026 11:16:49.596] [modloading-worker-0/INFO] [net.potionstudios.biomeswevegone.BiomesWeveGone/]: Registering Oh The Biomes We've Gone Template Pools
[27Aug2026 11:16:49.622] [modloading-worker-0/INFO] [net.potionstudios.biomeswevegone.BiomesWeveGone/]: Registering Oh The Biome's We've Gone Village Template Pools
[27Aug2026 11:16:49.623] [modloading-worker-0/INFO] [net.potionstudios.biomeswevegone.BiomesWeveGone/]: Registering Oh The Biomes We've Gone Poi Types
[27Aug2026 11:16:49.624] [modloading-worker-0/INFO] [net.potionstudios.biomeswevegone.BiomesWeveGone/]: Registering Oh The Biomes We've Gone Villager Professions
[27Aug2026 11:16:49.627] [modloading-worker-0/INFO] [net.potionstudios.biomeswevegone.BiomesWeveGone/]: Registering Oh The Biomes We've Gone Custom Structure Processors
[27Aug2026 11:16:49.628] [modloading-worker-0/INFO] [net.potionstudios.biomeswevegone.BiomesWeveGone/]: Registering Oh The Biomes We've Gone villager types
[27Aug2026 11:16:49.629] [modloading-worker-0/INFO] [net.potionstudios.biomeswevegone.BiomesWeveGone/]: Registering Oh The Biomes We've Gone Schedules
[27Aug2026 11:16:49.633] [modloading-worker-0/INFO] [net.potionstudios.biomeswevegone.BiomesWeveGone/]: Registering Oh The Biomes We've Gone Memory Module Types
[27Aug2026 11:16:49.634] [modloading-worker-0/INFO] [net.potionstudios.biomeswevegone.BiomesWeveGone/]: Registering Oh The Biomes We've Gone Sensor Types
[27Aug2026 11:16:49.718] [modloading-worker-0/INFO] [dev.architectury.networking.forge.NetworkManagerImpl/]: Registering C2S receiver with id magistuarmory:packet_long_reach_attack
[27Aug2026 11:16:49.719] [modloading-worker-0/INFO] [dev.architectury.networking.forge.NetworkManagerImpl/]: Registering C2S receiver with id magistuarmory:packet_lance_collision
[27Aug2026 11:16:49.782] [modloading-worker-0/INFO] [azurelib/FileWatching]: Registered azurelib config for auto-sync function
[27Aug2026 11:16:49.810] [modloading-worker-0/INFO] [quark/]: Initializing TerraBlender underground biome compat
[27Aug2026 11:16:49.862] [modloading-worker-0/INFO] [com.merlin204.avalon.main.AvalonMOD/]: 自动注册实体: SHAKE_WAVE -> shake_wave
[27Aug2026 11:16:49.864] [modloading-worker-0/INFO] [com.merlin204.avalon.main.AvalonMOD/]: 自动注册实体: VFX -> vfx
[27Aug2026 11:16:49.864] [modloading-worker-0/INFO] [com.merlin204.avalon.main.AvalonMOD/]: 自动注册实体: ANIMATION_TEXTURE_VFX -> animation_texture_vfx
[27Aug2026 11:16:50.197] [modloading-worker-0/INFO] [quark-zeta/]: Discovered 164 modules to load.
[27Aug2026 11:16:50.564] [modloading-worker-0/INFO] [coroutil/]: forge loader environment detected
[27Aug2026 11:16:50.611] [modloading-worker-0/INFO] [quark-zeta/]: Constructed 164 modules.
[27Aug2026 11:16:50.704] [modloading-worker-0/INFO] [quark-zeta/]: Doing super early config setup for quark
[27Aug2026 11:16:50.798] [modloading-worker-0/INFO] [be.florens.expandability.ExpandAbility/]: ExpandAbility here, who dis?
[27Aug2026 11:16:50.860] [modloading-worker-0/INFO] [mixin/]: tcr_bosses.mixins.json:AbstractGolemInvoker from mod (unknown)->@Accessor[FIELD_GETTER]::getSpawnPosKey()Lnet/minecraft/network/syncher/EntityDataAccessor; should be static as its target is
[27Aug2026 11:16:50.863] [modloading-worker-0/INFO] [mixin/]: tcrcore.mixins.json:ba_bt.AbstractGolemInvoker from mod (unknown)->@Accessor[FIELD_GETTER]::getSpawnPosKey()Lnet/minecraft/network/syncher/EntityDataAccessor; should be static as its target is
[27Aug2026 11:16:50.883] [modloading-worker-0/INFO] [YetAnotherConfigLib/]: Deserializing YACLConfig from '/workspaces/laughing-guacamole/servidor_minecraft/config/yacl.json5'
[27Aug2026 11:16:55.220] [main/WARN] [dev.architectury.registry.registries.forge.RegistrarManagerImpl/]: Registry entry listened Registry Entry [minecraft:entity_type / artifacts:mimic] was not realized!
[27Aug2026 11:16:55.252] [main/INFO] [Moonlight/]: Initialized block sets in 19ms
[27Aug2026 11:16:55.510] [main/INFO] [ModernFix/]: Bypassed Mojang DFU
[27Aug2026 11:16:55.511] [main/INFO] [ModernFix/]: Instantiating Mojang DFU
[27Aug2026 11:16:57.306] [main/INFO] [ModdingLegacy/StructureGel/]: [structure_gel] Registering data for structure_gel:loot_table_alias
[27Aug2026 11:16:57.316] [main/INFO] [ModdingLegacy/StructureGel/]: [structure_gel] Registering data for structure_gel:data_handler_type
[27Aug2026 11:16:57.320] [main/INFO] [ModdingLegacy/StructureGel/]: [structure_gel] Registering data for structure_gel:dynamic_spawner
[27Aug2026 11:16:57.323] [main/INFO] [ModdingLegacy/StructureGel/]: [structure_gel] Registering data for structure_gel:jigsaw_type
[27Aug2026 11:16:57.419] [main/WARN] [net.minecraft.network.syncher.SynchedEntityData/]: defineId called for: class net.minecraft.world.entity.player.Player from class yesman.epicfight.world.capabilities.entitypatch.player.PlayerPatch
[27Aug2026 11:16:57.450] [main/WARN] [net.minecraft.network.syncher.SynchedEntityData/]: defineId called for: class net.minecraft.world.entity.TamableAnimal from class reascer.wom.world.entity.mob.EnderHand
[27Aug2026 11:16:57.450] [main/WARN] [net.minecraft.network.syncher.SynchedEntityData/]: defineId called for: class net.minecraft.world.entity.TamableAnimal from class reascer.wom.world.entity.mob.TargetingHelper
[27Aug2026 11:16:57.533] [main/WARN] [net.minecraft.network.syncher.SynchedEntityData/]: defineId called for: class net.minecraft.world.entity.boss.wither.WitherBoss from class yesman.epicfight.world.capabilities.entitypatch.boss.WitherPatch
[27Aug2026 11:16:57.533] [main/WARN] [net.minecraft.network.syncher.SynchedEntityData/]: defineId called for: class net.minecraft.world.entity.boss.wither.WitherBoss from class yesman.epicfight.world.capabilities.entitypatch.boss.WitherPatch
[27Aug2026 11:16:57.533] [main/WARN] [net.minecraft.network.syncher.SynchedEntityData/]: defineId called for: class net.minecraft.world.entity.boss.wither.WitherBoss from class yesman.epicfight.world.capabilities.entitypatch.boss.WitherPatch
[27Aug2026 11:16:57.534] [main/WARN] [net.minecraft.network.syncher.SynchedEntityData/]: defineId called for: class net.minecraft.world.entity.boss.wither.WitherBoss from class yesman.epicfight.world.capabilities.entitypatch.boss.WitherPatch
[27Aug2026 11:16:57.534] [main/WARN] [net.minecraft.network.syncher.SynchedEntityData/]: defineId called for: class net.minecraft.world.entity.boss.wither.WitherBoss from class yesman.epicfight.world.capabilities.entitypatch.boss.WitherPatch
[27Aug2026 11:16:57.534] [main/WARN] [net.minecraft.network.syncher.SynchedEntityData/]: defineId called for: class net.minecraft.world.entity.boss.wither.WitherBoss from class yesman.epicfight.world.capabilities.entitypatch.boss.WitherPatch
[27Aug2026 11:16:57.534] [main/WARN] [net.minecraft.network.syncher.SynchedEntityData/]: defineId called for: class net.minecraft.world.entity.boss.wither.WitherBoss from class yesman.epicfight.world.capabilities.entitypatch.boss.WitherPatch
[27Aug2026 11:16:57.534] [main/WARN] [net.minecraft.network.syncher.SynchedEntityData/]: defineId called for: class net.minecraft.world.entity.boss.wither.WitherBoss from class yesman.epicfight.world.capabilities.entitypatch.boss.WitherPatch
[27Aug2026 11:16:57.534] [main/WARN] [net.minecraft.network.syncher.SynchedEntityData/]: defineId called for: class net.minecraft.world.entity.boss.wither.WitherBoss from class yesman.epicfight.world.capabilities.entitypatch.boss.WitherPatch
[27Aug2026 11:16:57.814] [main/WARN] [net.minecraftforge.common.ForgeConfigSpec/CORE]: Configuration file /workspaces/laughing-guacamole/servidor_minecraft/config/killcam-common.toml is not correct. Correcting
[27Aug2026 11:16:57.815] [main/WARN] [net.minecraftforge.common.ForgeConfigSpec/CORE]: Incorrect key Kill Cam Settings.killCamFov was corrected from 0.45 to its default, 0.45. 
[27Aug2026 11:16:58.155] [modloading-worker-0/INFO] [CorgiLib/]: Initializing network...
[27Aug2026 11:16:58.161] [modloading-worker-0/INFO] [CorgiLib/]: Initialized network!
[27Aug2026 11:16:58.161] [Forge Version Check/INFO] [net.minecraftforge.fml.VersionChecker/]: Global Forge version check system disabled, no further processing.
[27Aug2026 11:16:58.175] [modloading-worker-0/INFO] [com.kuzhi.findme.FindMeMod/]: Find me core loaded
[27Aug2026 11:16:58.272] [modloading-worker-0/INFO] [com.limitedchunks.LimitedChunks/]: Limited chunkloading initialized
[27Aug2026 11:16:58.276] [modloading-worker-0/INFO] [FTB XMod Compat/]: Chose [Entity Tags] as the active game stages implementation
[27Aug2026 11:16:58.278] [modloading-worker-0/INFO] [xaero.lib.XaeroLib/]: Loading XaeroLib common 1/2!
[27Aug2026 11:16:58.279] [modloading-worker-0/INFO] [FTB XMod Compat/]: Chose [FALLBACK] as the active permissions implementation
[27Aug2026 11:16:58.282] [modloading-worker-0/INFO] [FTB XMod Compat/]: [FTB Quests] recipe helper provider is [JEI]
[27Aug2026 11:16:58.314] [modloading-worker-0/INFO] [com.brass_amber.ba_bt.BABattleTowers/]: HELLO FROM COMMON SETUP
[27Aug2026 11:16:58.409] [main/INFO] [com.p1nero.multiplayer_boss_fight.MultiplayerBossFightMod/]: Initializing multiplayer_boss_fight
[27Aug2026 11:16:58.411] [main/INFO] [com.p1nero.multiplayer_boss_fight.MultiplayerBossManager/]: Loaded 1 multiplayer boss config entries from /workspaces/laughing-guacamole/servidor_minecraft/config/multiplayer_boss_fight/config.json
[27Aug2026 11:16:58.420] [main/INFO] [ribbits/]: Registering Ribbit umbrella types...
[27Aug2026 11:16:58.421] [main/INFO] [ribbits/]: Registering Ribbit professions...
[27Aug2026 11:16:58.421] [main/INFO] [ribbits/]: Registering Ribbit instruments...
[27Aug2026 11:16:58.422] [main/INFO] [ribbits/]: Registering Ribbit data serializers...
[27Aug2026 11:16:58.431] [main/INFO] [org.arc.killcam.KillCam/]: Epic Fight detected! Registering EpicFight KillCam module.
[27Aug2026 11:16:58.432] [main/INFO] [org.arc.killcam.KillCam/]: EFN detected! KillCam will delegate Time Slow to EFN engine.
[27Aug2026 11:16:58.496] [main/INFO] [com.asanginxst.epicfightx.EpicFightExtraMod/]: EFX: Replacing Epic Fight Weapon Types...
[27Aug2026 11:16:58.512] [main/INFO] [com.finderfeed.fdlib.FDLib/]: Loading FD animations...
[27Aug2026 11:16:58.512] [main/INFO] [com.finderfeed.fdlib.FDLib/]: Loading animation: fdlib:testanim
[27Aug2026 11:16:58.513] [Thread-0/INFO] [ModernFix/]: Please use /mfsrc to reload any changed mod config files
[27Aug2026 11:16:58.521] [main/INFO] [com.finderfeed.fdlib.FDLib/]: FD Animations loaded!
[27Aug2026 11:16:58.521] [main/INFO] [com.finderfeed.fdlib.FDLib/]: Loading FD models...
[27Aug2026 11:16:58.521] [main/INFO] [com.finderfeed.fdlib.FDLib/]: Loading model: fdlib:test
[27Aug2026 11:16:58.529] [main/INFO] [com.finderfeed.fdlib.FDLib/]: Loading model: fdlib:test
[27Aug2026 11:16:58.529] [main/INFO] [com.finderfeed.fdlib.FDLib/]: FD Models loaded!
[27Aug2026 11:16:58.531] [main/INFO] [zeta/]: Common setup: Performing initial refresh of zeta's config on thread 'main'
[27Aug2026 11:16:58.531] [main/INFO] [zeta/]: 'zeta' is enabling Zeta's piston structure resolver.
[27Aug2026 11:16:58.532] [main/INFO] [zeta/]: Waiting for server start before accepting filewatcher changes to zeta's config
[27Aug2026 11:16:58.887] [main/INFO] [terrablender/]: Registered region minecraft:overworld to index 0 for type OVERWORLD
[27Aug2026 11:16:58.887] [main/INFO] [terrablender/]: Registered region minecraft:nether to index 0 for type NETHER
[27Aug2026 11:16:58.887] [main/INFO] [terrablender/]: Registered region biomeswevegone:region_0 to index 1 for type OVERWORLD
[27Aug2026 11:16:58.887] [main/INFO] [terrablender/]: Registered region biomeswevegone:region_1 to index 2 for type OVERWORLD
[27Aug2026 11:16:58.887] [main/INFO] [terrablender/]: Registered region biomeswevegone:region_2 to index 3 for type OVERWORLD
[27Aug2026 11:16:58.980] [main/INFO] [Moonlight/]: Initialized color sets in 46ms
[27Aug2026 11:16:58.987] [main/INFO] [terrablender/]: Registered region quark:biome_provider to index 4 for type OVERWORLD
[27Aug2026 11:16:58.988] [main/INFO] [quark-zeta/]: Common setup: Performing initial refresh of quark's config on thread 'main'
[27Aug2026 11:16:59.005] [main/INFO] [quark-zeta/]: Waiting for server start before accepting filewatcher changes to quark's config
[27Aug2026 11:16:59.026] [main/INFO] [Supplementaries/]: Finished mod setup in: [0, 2, 0, 1, 0, 0, 14, 1] ms
[27Aug2026 11:16:59.135] [modloading-worker-0/INFO] [xaero.minimap.XaeroMinimap/]: Loading Xaero's Minimap - Stage 1/2 (Server)
[27Aug2026 11:16:59.137] [modloading-worker-0/INFO] [xaero.map.server.WorldMapServer/]: Loading Xaero's World Map - Stage 1/2 (Server)
[27Aug2026 11:16:59.138] [modloading-worker-0/INFO] [xaero.lib.XaeroLib/]: Loading XaeroLib server 1/2!
[27Aug2026 11:16:59.159] [main/INFO] [xaero.minimap.XaeroMinimap/]: Loading Xaero's Minimap - Stage 2/2 (Server)
[27Aug2026 11:16:59.159] [main/INFO] [xaero.map.server.WorldMapServer/]: Loading Xaero's World Map - Stage 2/2 (Server)
[27Aug2026 11:16:59.160] [main/INFO] [xaero.lib.XaeroLib/]: Loading XaeroLib common 2/2!
[27Aug2026 11:16:59.161] [main/INFO] [xaero.lib.XaeroLib/]: Loading XaeroLib server 2/2!
[27Aug2026 11:16:59.345] [modloading-worker-0/INFO] [io.redspace.ironsspellbooks.IronsSpellbooks/]: Got IMC []
[27Aug2026 11:16:59.444] [modloading-worker-0/INFO] [AttributeFix/]: Loaded values for 83 compatible attributes.
[27Aug2026 11:16:59.459] [modloading-worker-0/WARN] [AttributeFix/]: Attribute ID 'obscure_api:penetration' does not belong to a known attribute. This entry will be ignored.
[27Aug2026 11:16:59.459] [modloading-worker-0/WARN] [AttributeFix/]: Attribute ID 'obscure_api:dodge' does not belong to a known attribute. This entry will be ignored.
[27Aug2026 11:16:59.459] [modloading-worker-0/WARN] [AttributeFix/]: Attribute ID 'obscure_api:regeneration' does not belong to a known attribute. This entry will be ignored.
[27Aug2026 11:16:59.459] [modloading-worker-0/WARN] [AttributeFix/]: Attribute ID 'fallen_gems_affixes:spread_reduction' does not belong to a known attribute. This entry will be ignored.
[27Aug2026 11:16:59.459] [modloading-worker-0/WARN] [AttributeFix/]: Attribute ID 'obscure_api:magic_resistance' does not belong to a known attribute. This entry will be ignored.
[27Aug2026 11:16:59.459] [modloading-worker-0/WARN] [AttributeFix/]: Attribute ID 'obscure_api:accuracy' does not belong to a known attribute. This entry will be ignored.
[27Aug2026 11:16:59.460] [modloading-worker-0/WARN] [AttributeFix/]: Attribute ID 'block_factorys_bosses:movement_recovery' does not belong to a known attribute. This entry will be ignored.
[27Aug2026 11:16:59.460] [modloading-worker-0/WARN] [AttributeFix/]: Attribute ID 'fallen_gems_affixes:kick_reduction' does not belong to a known attribute. This entry will be ignored.
[27Aug2026 11:16:59.460] [modloading-worker-0/WARN] [AttributeFix/]: Attribute ID 'block_factorys_bosses:burning_stability' does not belong to a known attribute. This entry will be ignored.
[27Aug2026 11:16:59.460] [modloading-worker-0/WARN] [AttributeFix/]: Attribute ID 'obscure_api:critical_damage' does not belong to a known attribute. This entry will be ignored.
[27Aug2026 11:16:59.460] [modloading-worker-0/WARN] [AttributeFix/]: Attribute ID 'fallen_gems_affixes:bullet_damage' does not belong to a known attribute. This entry will be ignored.
[27Aug2026 11:16:59.460] [modloading-worker-0/WARN] [AttributeFix/]: Attribute ID 'fallen_gems_affixes:fire_rate' does not belong to a known attribute. This entry will be ignored.
[27Aug2026 11:16:59.460] [modloading-worker-0/WARN] [AttributeFix/]: Attribute ID 'fallen_gems_affixes:projectile_speed' does not belong to a known attribute. This entry will be ignored.
[27Aug2026 11:16:59.460] [modloading-worker-0/WARN] [AttributeFix/]: Attribute ID 'block_factorys_bosses:roll_animtime' does not belong to a known attribute. This entry will be ignored.
[27Aug2026 11:16:59.460] [modloading-worker-0/WARN] [AttributeFix/]: Attribute ID 'obscure_api:resilience' does not belong to a known attribute. This entry will be ignored.
[27Aug2026 11:16:59.460] [modloading-worker-0/WARN] [AttributeFix/]: Attribute ID 'obscure_api:magic_damage' does not belong to a known attribute. This entry will be ignored.
[27Aug2026 11:16:59.460] [modloading-worker-0/WARN] [AttributeFix/]: Attribute ID 'obscure_api:healing_power' does not belong to a known attribute. This entry will be ignored.
[27Aug2026 11:16:59.460] [modloading-worker-0/WARN] [AttributeFix/]: Attribute ID 'fallen_gems_affixes:max_health_damage' does not belong to a known attribute. This entry will be ignored.
[27Aug2026 11:16:59.461] [modloading-worker-0/WARN] [AttributeFix/]: Attribute ID 'parcool:stamina_recovery' does not belong to a known attribute. This entry will be ignored.
[27Aug2026 11:16:59.461] [modloading-worker-0/WARN] [AttributeFix/]: Attribute ID 'fallen_gems_affixes:reload_speed' does not belong to a known attribute. This entry will be ignored.
[27Aug2026 11:16:59.461] [modloading-worker-0/WARN] [AttributeFix/]: Attribute ID 'obscure_api:parry' does not belong to a known attribute. This entry will be ignored.
[27Aug2026 11:16:59.462] [modloading-worker-0/WARN] [AttributeFix/]: Attribute ID 'fallen_gems_affixes:additional_ammo' does not belong to a known attribute. This entry will be ignored.
[27Aug2026 11:16:59.462] [modloading-worker-0/WARN] [AttributeFix/]: Attribute ID 'obscure_api:critical_hit' does not belong to a known attribute. This entry will be ignored.
[27Aug2026 11:16:59.462] [modloading-worker-0/WARN] [AttributeFix/]: Attribute ID 'parcool:max_stamina' does not belong to a known attribute. This entry will be ignored.
[27Aug2026 11:16:59.462] [modloading-worker-0/INFO] [AttributeFix/]: Loaded 107 values from config.
[27Aug2026 11:16:59.482] [modloading-worker-0/INFO] [AttributeFix/]: Saving config file. 107 entries.
[27Aug2026 11:16:59.483] [modloading-worker-0/INFO] [AttributeFix/]: Applying changes for 107 attributes.
[27Aug2026 11:16:59.494] [modloading-worker-0/INFO] [Jade/]: Start loading plugin at net.blay09.mods.balm.forge.compat.hudinfo.ForgeJadeModCompat
[27Aug2026 11:16:59.508] [modloading-worker-0/INFO] [Jade/]: Start loading plugin at snownee.jade.addon.JadeAddonsBase
[27Aug2026 11:16:59.514] [modloading-worker-0/INFO] [Jade/]: Start loading plugin at com.aetherteam.aether.integration.jade.AetherJadePlugin
[27Aug2026 11:16:59.516] [modloading-worker-0/INFO] [Jade/]: Start loading plugin at com.black_dog20.tabstats.common.compat.Jade
[27Aug2026 11:16:59.517] [modloading-worker-0/INFO] [Jade/]: Start loading plugin at com.wintercogs.beyonddimensions.integration.module.jade.BDJadePlugin
[27Aug2026 11:16:59.518] [modloading-worker-0/INFO] [Jade/]: Start loading plugin at net.blay09.mods.waystones.compat.JadeIntegration
[27Aug2026 11:16:59.518] [modloading-worker-0/INFO] [Jade/]: Start loading plugin at snownee.jade.addon.vanilla.VanillaPlugin
[27Aug2026 11:16:59.529] [modloading-worker-0/INFO] [Jade/]: Start loading plugin at snownee.jade.addon.universal.UniversalPlugin
[27Aug2026 11:16:59.533] [modloading-worker-0/INFO] [Jade/]: Start loading plugin at snownee.jade.addon.core.CorePlugin
[27Aug2026 11:16:59.535] [modloading-worker-0/INFO] [Jade/]: Start loading plugin at net.mehvahdjukaar.supplementaries.integration.JadeCompat
[27Aug2026 11:16:59.544] [main/INFO] [citadel/]: adding citadel surface rules via terrablender...
[27Aug2026 11:16:59.546] [main/INFO] [citadel/]: Added 0 vanilla biome surface rule types via terrablender
[27Aug2026 11:16:59.546] [main/INFO] [citadel/]: Added 0 modded biome surface rule types via terrablender
[27Aug2026 11:16:59.946] [main/INFO] [epicfight/]: Data keys [epicfight:basic_attack_active, epicfight:combo_counter] for epicfight:basic_attack
[27Aug2026 11:16:59.946] [main/INFO] [epicfight/]: Data keys [epicfight:penalty_restore_counter, epicfight:penalty] for epicfight:guard
[27Aug2026 11:16:59.946] [main/INFO] [epicfight/]: Data keys [epicfight:last_active, epicfight:penalty_restore_counter, epicfight:penalty, epicfight:parry_motion_counter] for epicfight:parrying
[27Aug2026 11:16:59.946] [main/INFO] [epicfight/]: Data keys [epicfight:penalty_restore_counter, epicfight:penalty] for epicfight:impact_guard
[27Aug2026 11:16:59.947] [main/INFO] [epicfight/]: Data keys [epicfight:resisting_damage_type, epicfight:stacks, epicfight:tick_record] for epicfight:adaptive_skin
[27Aug2026 11:16:59.947] [main/INFO] [epicfight/]: Data keys [epicfight:tick_record] for epicfight:adrenaline_fiend
[27Aug2026 11:16:59.947] [main/INFO] [epicfight/]: Data keys [epicfight:entity_id, epicfight:stacks] for epicfight:bonebreaker
[27Aug2026 11:16:59.947] [main/INFO] [epicfight/]: Data keys [epicfight:entity_id, epicfight:tick_record] for epicfight:vengeance
[27Aug2026 11:16:59.947] [main/INFO] [epicfight/]: Data keys [epicfight:slam_protect_next_fall, epicfight:fall_distance] for epicfight:meteor_slam
[27Aug2026 11:16:59.947] [main/INFO] [epicfight/]: Data keys [epicfight:stacks] for epicfight:revelation
[27Aug2026 11:16:59.947] [main/INFO] [epicfight/]: Data keys [epicfight:slam_protect_next_fall] for epicfight:demolition_leap
[27Aug2026 11:16:59.947] [main/INFO] [epicfight/]: Data keys [epicfight:jump_count, epicfight:slam_protect_next_fall, epicfight:jump_key_pressed_last_tick] for epicfight:phantom_ascent
[27Aug2026 11:16:59.947] [main/INFO] [epicfight/]: Data keys [epicfight:last_hit_count] for epicfight:grasping_spire
[27Aug2026 11:16:59.947] [main/INFO] [epicfight/]: Data keys [epicfight:sheath] for epicfight:battojutsu_passive
[27Aug2026 11:16:59.947] [main/INFO] [epicfight/]: Data keys [epicfight:sheath] for epicfight:battojutsu
[27Aug2026 11:16:59.948] [main/INFO] [epicfight/]: Data keys [epicfight:combo_counter] for epicfight:blade_rush
[27Aug2026 11:16:59.948] [main/INFO] [epicfight/]: Data keys [epicfight:thrown_trident_entity_id] for epicfight:everlasting_allegiance
[27Aug2026 11:16:59.948] [main/INFO] [epicfight/]: Data keys [wom:target_id] for wom:ender_obscuris
[27Aug2026 11:16:59.948] [main/INFO] [epicfight/]: Data keys [wom:timer_refresh, wom:dodge, wom:timer] for wom:dodge_master
[27Aug2026 11:16:59.948] [main/INFO] [epicfight/]: Data keys [wom:cooldown, wom:registered_position, wom:timer_refresh, wom:dodge, wom:active, wom:registered_health, wom:timer] for wom:time_travel
[27Aug2026 11:16:59.948] [main/INFO] [epicfight/]: Data keys [wom:cooldown] for wom:punishment_kick
[27Aug2026 11:16:59.948] [main/INFO] [epicfight/]: Data keys [wom:consumprion_value, epicfight:penalty_restore_counter, epicfight:penalty, wom:parrying, wom:last_active] for wom:counter_attack
[27Aug2026 11:16:59.948] [main/INFO] [epicfight/]: Data keys [wom:consumprion_value, epicfight:penalty_restore_counter, wom:charge, epicfight:penalty, wom:holding_stance, wom:cooldown, wom:timer_refresh, wom:vengence_duration, wom:timer] for wom:vengeful_parry
[27Aug2026 11:16:59.948] [main/INFO] [epicfight/]: Data keys [epicfight:penalty_restore_counter, wom:charge, epicfight:penalty, wom:cooldown, wom:parrying] for wom:perfect_bulwark
[27Aug2026 11:16:59.948] [main/INFO] [epicfight/]: Data keys [wom:charge, wom:cycle] for wom:soul_protection
[27Aug2026 11:16:59.948] [main/INFO] [epicfight/]: Data keys [wom:charge, wom:cycle] for wom:shulker_cloak
[27Aug2026 11:16:59.949] [main/INFO] [epicfight/]: Data keys [epicfight:penalty_restore_counter, epicfight:penalty, wom:active, wom:timer] for wom:buster_parade
[27Aug2026 11:16:59.949] [main/INFO] [epicfight/]: Data keys [wom:duree, wom:timer_refresh, wom:active, wom:timer] for wom:pain_anticipation
[27Aug2026 11:16:59.949] [main/INFO] [epicfight/]: Data keys [wom:duree, wom:timer_refresh, wom:active, wom:timer] for wom:latent_retribution
[27Aug2026 11:16:59.949] [main/INFO] [epicfight/]: Data keys [wom:power, wom:rate] for wom:critical_knowledge
[27Aug2026 11:16:59.949] [main/INFO] [epicfight/]: Data keys [wom:recovery_rate, wom:cooldown, wom:max_shield] for wom:heart_shield
[27Aug2026 11:16:59.949] [main/INFO] [epicfight/]: Data keys [wom:melody_index, wom:step, wom:saved_elapsed_time] for wom:dancing_blade
[27Aug2026 11:16:59.949] [main/INFO] [epicfight/]: Data keys [wom:stage, wom:duree, wom:timer_refresh, wom:active, wom:cycle, wom:timer] for wom:meditation
[27Aug2026 11:16:59.949] [main/INFO] [epicfight/]: Data keys [wom:cooldown] for wom:dopamine
[27Aug2026 11:16:59.949] [main/INFO] [epicfight/]: Data keys [wom:last_active] for wom:manipulator
[27Aug2026 11:16:59.949] [main/INFO] [epicfight/]: Data keys [wom:power, wom:rate, wom:timer, wom:stack] for wom:lethal_focus
[27Aug2026 11:16:59.949] [main/INFO] [epicfight/]: Data keys [wom:jump_key_up, wom:timer_refresh, wom:wall_running, wom:wall_glide, wom:timer, wom:angle] for wom:spider_techniques
[27Aug2026 11:16:59.950] [main/INFO] [epicfight/]: Data keys [wom:consumprion_value, wom:jump_key_up, wom:mermaid_movement, wom:water_dashing, wom:cooldown, wom:crawling, wom:diving] for wom:aqua_maneuvre
[27Aug2026 11:16:59.950] [main/INFO] [epicfight/]: Data keys [wom:consumprion_value, wom:stage, wom:buffing, wom:wall_running, wom:wall_glide, wom:active, wom:timer, wom:verso] for wom:natural_sprinter
[27Aug2026 11:16:59.950] [main/INFO] [epicfight/]: Data keys [wom:timer] for wom:lunatic_vivacity
[27Aug2026 11:16:59.950] [main/INFO] [epicfight/]: Data keys [wom:consumprion_value, wom:registered_health, wom:timer] for wom:voodoo_magic
[27Aug2026 11:16:59.950] [main/INFO] [epicfight/]: Data keys [wom:target_id, wom:target_distance] for wom:back_and_forth
[27Aug2026 11:16:59.950] [main/INFO] [epicfight/]: Data keys [wom:combo, wom:cooldown] for wom:shooting_style
[27Aug2026 11:16:59.950] [main/INFO] [epicfight/]: Data keys [wom:active, wom:timer] for wom:proximity_exploiter
[27Aug2026 11:16:59.950] [main/INFO] [epicfight/]: Data keys [wom:timer, wom:stack] for wom:all_eyes_on_you
[27Aug2026 11:16:59.950] [main/INFO] [epicfight/]: Data keys [wom:timer, wom:stack] for wom:all_eyes_on_me
[27Aug2026 11:16:59.950] [main/INFO] [epicfight/]: Data keys [wom:cooldown, wom:timer] for wom:avatar_of_might
[27Aug2026 11:16:59.950] [main/INFO] [epicfight/]: Data keys [wom:active, wom:stack, wom:attacks] for wom:agony_plunge
[27Aug2026 11:16:59.950] [main/INFO] [epicfight/]: Data keys [wom:saved_charge, wom:charging_time, wom:movespeed, wom:timer_refresh, wom:charging, wom:active, wom:charged, wom:timer, wom:charged_attack] for wom:torment_passive
[27Aug2026 11:16:59.951] [main/INFO] [epicfight/]: Data keys [wom:timer_refresh, wom:active, wom:timer] for wom:true_berserk
[27Aug2026 11:16:59.951] [main/INFO] [epicfight/]: Data keys [wom:stack] for wom:herrscher_passive
[27Aug2026 11:16:59.951] [main/INFO] [epicfight/]: Data keys [wom:buffed, wom:buffing, wom:timer_refresh, wom:redemptioon, wom:expiation, wom:strenght, wom:timer, wom:verso] for wom:plunder_perdition
[27Aug2026 11:16:59.951] [main/INFO] [epicfight/]: Data keys [wom:sheath] for wom:satsujin_passive
[27Aug2026 11:16:59.951] [main/INFO] [epicfight/]: Data keys [wom:charge, wom:holding_stance, wom:frequency, wom:cooldown, wom:timer_refresh, wom:damage, wom:stack, wom:attacks, wom:saved_charge, wom:timedslash, wom:charging, wom:active, wom:timer, wom:second_draw] for wom:sakura_state
[27Aug2026 11:16:59.951] [main/INFO] [epicfight/]: Data keys [wom:reload_cooldown, wom:zoom, wom:combo, wom:using_item, wom:cooldown, wom:shoot, wom:nofalldamage] for wom:ender_blast
[27Aug2026 11:16:59.951] [main/INFO] [epicfight/]: Data keys [wom:reload_cooldown, wom:zoom, wom:combo, wom:using_item, wom:cooldown, wom:shoot, wom:nofalldamage, wom:side] for wom:ender_fusion
[27Aug2026 11:16:59.951] [main/INFO] [epicfight/]: Data keys [wom:guard_point, wom:charging_time, wom:holding_stance, wom:combo, wom:gesetz_sprengkopf, wom:cooldown, wom:parrying, wom:guard_point_result, wom:charged] for wom:regierung
[27Aug2026 11:16:59.951] [main/INFO] [epicfight/]: Data keys [wom:crescent, wom:lunar_eclipse_stack, wom:timer_refresh, wom:echo, wom:timer] for wom:lunar_eclipse
[27Aug2026 11:16:59.951] [main/INFO] [epicfight/]: Data keys [wom:idle, wom:verso] for wom:lunar_echo_passive
[27Aug2026 11:16:59.951] [main/INFO] [epicfight/]: Data keys [wom:darkness_portal_angle, wom:serius_focus_cooldown, wom:shoot_cooldown, wom:timer_refresh, wom:blackhole_timer, wom:zoom_cooldown, wom:ascending, wom:darkness_target, wom:blackhole, wom:darkness_target_reaped, wom:darkness_portal_vec, wom:witheraftereffect, wom:darkness_target_hited, wom:darkness_target_vec, wom:witherccatharsis, wom:zoom, wom:darkness_portal_timer, wom:blackhole_vec, wom:blackhole_active, wom:serius_focus, wom:shoot, wom:active, wom:darkness_activate_portal, wom:timer] for wom:demonic_ascension
[27Aug2026 11:16:59.952] [main/INFO] [epicfight/]: Data keys [wom:particle, wom:idle, wom:blink, wom:withercurse, wom:catharsis, wom:lapse, wom:basic_attack] for wom:demon_mark_passive
[27Aug2026 11:16:59.952] [main/INFO] [epicfight/]: Data keys [wom:solar_crematorio, wom:particle, wom:charge, wom:timer_refresh, wom:heat_level, wom:solar_obscuridad, wom:solar_infernio, wom:solar_obscuridad_ta_timer, wom:stored_heat_level, wom:heating_speed, wom:charging, wom:cycle, wom:timer, wom:timed_attack] for wom:solar_arcano
[27Aug2026 11:16:59.952] [main/INFO] [epicfight/]: Data keys [wom:solar_crematorio, wom:particle, wom:charge, wom:timer_refresh, wom:heat_level, wom:solar_obscuridad, wom:solar_infernio, wom:solar_obscuridad_ta_timer, wom:stored_heat_level, wom:heating_speed, wom:charging, wom:cycle, wom:timer, wom:timed_attack] for wom:solar_passive
[27Aug2026 11:16:59.952] [main/INFO] [epicfight/]: Data keys [wom:serius_focus_cooldown, wom:serius_focus] for wom:rechargement
[27Aug2026 11:16:59.952] [main/INFO] [epicfight/]: Data keys [wom:bullet_loaded_old, wom:super_reload, wom:bullet_overloaded, wom:bullet_loaded, wom:shell_number, wom:active, wom:shell_anim, wom:shell_delay] for wom:napoleon_passive
[27Aug2026 11:16:59.952] [main/INFO] [epicfight/]: Data keys [dodge_parry_reward:delay_timer] for dodge_parry_reward:health_boost1
[27Aug2026 11:16:59.952] [main/INFO] [epicfight/]: Data keys [dodge_parry_reward:delay_timer] for dodge_parry_reward:health_boost2
[27Aug2026 11:16:59.952] [main/INFO] [epicfight/]: Data keys [dodge_parry_reward:delay_timer] for dodge_parry_reward:health_boost3
[27Aug2026 11:16:59.952] [main/INFO] [epicfight/]: Data keys [dodge_parry_reward:delay_timer] for dodge_parry_reward:health_boost4
[27Aug2026 11:16:59.952] [main/INFO] [epicfight/]: Data keys [dodge_parry_reward:delay_timer] for dodge_parry_reward:absorb1
[27Aug2026 11:16:59.952] [main/INFO] [epicfight/]: Data keys [dodge_parry_reward:delay_timer] for dodge_parry_reward:absorb2
[27Aug2026 11:16:59.953] [main/INFO] [epicfight/]: Data keys [dodge_parry_reward:delay_timer] for dodge_parry_reward:absorb3
[27Aug2026 11:16:59.953] [main/INFO] [epicfight/]: Data keys [dodge_parry_reward:delay_timer] for dodge_parry_reward:absorb4
[27Aug2026 11:16:59.953] [main/INFO] [epicfight/]: Data keys [dodge_parry_reward:delay_timer] for dodge_parry_reward:heal1
[27Aug2026 11:16:59.953] [main/INFO] [epicfight/]: Data keys [dodge_parry_reward:delay_timer] for dodge_parry_reward:heal2
[27Aug2026 11:16:59.953] [main/INFO] [epicfight/]: Data keys [dodge_parry_reward:delay_timer] for dodge_parry_reward:heal3
[27Aug2026 11:16:59.953] [main/INFO] [epicfight/]: Data keys [dodge_parry_reward:delay_timer] for dodge_parry_reward:heal4
[27Aug2026 11:16:59.953] [main/INFO] [epicfight/]: Data keys [dodge_parry_reward:delay_timer] for dodge_parry_reward:resist1
[27Aug2026 11:16:59.953] [main/INFO] [epicfight/]: Data keys [dodge_parry_reward:delay_timer] for dodge_parry_reward:resist2
[27Aug2026 11:16:59.953] [main/INFO] [epicfight/]: Data keys [dodge_parry_reward:delay_timer] for dodge_parry_reward:resist3
[27Aug2026 11:16:59.953] [main/INFO] [epicfight/]: Data keys [dodge_parry_reward:delay_timer] for dodge_parry_reward:resist4
[27Aug2026 11:16:59.953] [main/INFO] [epicfight/]: Data keys [dodge_parry_reward:delay_timer] for dodge_parry_reward:stun_imm1
[27Aug2026 11:16:59.953] [main/INFO] [epicfight/]: Data keys [dodge_parry_reward:delay_timer] for dodge_parry_reward:stun_imm2
[27Aug2026 11:16:59.954] [main/INFO] [epicfight/]: Data keys [dodge_parry_reward:delay_timer] for dodge_parry_reward:stun_imm3
[27Aug2026 11:16:59.954] [main/INFO] [epicfight/]: Data keys [dodge_parry_reward:delay_timer] for dodge_parry_reward:stun_imm4
[27Aug2026 11:16:59.954] [main/INFO] [epicfight/]: Data keys [dodge_parry_reward:delay_timer] for dodge_parry_reward:damage_boost1
[27Aug2026 11:16:59.954] [main/INFO] [epicfight/]: Data keys [dodge_parry_reward:delay_timer] for dodge_parry_reward:damage_boost2
[27Aug2026 11:16:59.954] [main/INFO] [epicfight/]: Data keys [dodge_parry_reward:delay_timer] for dodge_parry_reward:damage_boost3
[27Aug2026 11:16:59.954] [main/INFO] [epicfight/]: Data keys [dodge_parry_reward:delay_timer] for dodge_parry_reward:damage_boost4
[27Aug2026 11:16:59.954] [main/INFO] [epicfight/]: Data keys [dodge_parry_reward:delay_timer] for dodge_parry_reward:speed1
[27Aug2026 11:16:59.954] [main/INFO] [epicfight/]: Data keys [dodge_parry_reward:delay_timer] for dodge_parry_reward:speed2
[27Aug2026 11:16:59.954] [main/INFO] [epicfight/]: Data keys [dodge_parry_reward:delay_timer] for dodge_parry_reward:speed3
[27Aug2026 11:16:59.954] [main/INFO] [epicfight/]: Data keys [dodge_parry_reward:delay_timer] for dodge_parry_reward:speed4
[27Aug2026 11:16:59.954] [main/INFO] [epicfight/]: Data keys [dodge_parry_reward:delay_timer] for dodge_parry_reward:stamina1
[27Aug2026 11:16:59.954] [main/INFO] [epicfight/]: Data keys [dodge_parry_reward:delay_timer] for dodge_parry_reward:stamina2
[27Aug2026 11:16:59.955] [main/INFO] [epicfight/]: Data keys [dodge_parry_reward:delay_timer] for dodge_parry_reward:stamina3
[27Aug2026 11:16:59.955] [main/INFO] [epicfight/]: Data keys [dodge_parry_reward:delay_timer] for dodge_parry_reward:stamina4
[27Aug2026 11:16:59.955] [main/INFO] [epicfight/]: Data keys [epicfightx:dodge_attacking] for epicfightx:roll
[27Aug2026 11:16:59.955] [main/INFO] [epicfight/]: Data keys [epicfightx:dodge_attacking] for epicfightx:step
[27Aug2026 11:16:59.955] [main/INFO] [epicfight/]: Data keys [epicfightx:counter_available, epicfightx:dodge_start_time, epicfightx:is_special_animation] for epicfightx:combat_mastery_i
[27Aug2026 11:16:59.955] [main/INFO] [epicfight/]: Data keys [epicfightx:sprint_available, epicfightx:dodge_start_time, epicfightx:sprint_active] for epicfightx:combat_mastery_ii
[27Aug2026 11:16:59.955] [main/INFO] [epicfight/]: Data keys [epicfightx:cooldown] for epicfightx:pickaxe_skill
[27Aug2026 11:16:59.955] [main/INFO] [epicfight/]: Data keys [epicfightx:great_tachi_marked_entities] for epicfightx:otachi_skill
[27Aug2026 11:16:59.955] [main/INFO] [epicfight/]: Data keys [epicfightx:attack_count, epicfightx:sheath_form, epicfightx:attack_count_snapshot] for epicfightx:katana_skill
[27Aug2026 11:16:59.955] [main/INFO] [epicfight/]: Data keys [epicfightx:sheath_killed, epicfightx:sheath] for epicfightx:battojutsu_passive
[27Aug2026 11:16:59.955] [main/INFO] [epicfight/]: Data keys [epicfightx:sheath] for epicfightx:battojutsu
[27Aug2026 11:16:59.955] [main/INFO] [epicfight/]: Data keys [invincible:left, invincible:right, invincible:parry_timer, invincible:up, invincible:down, invincible:cooldown, invincible:dodge_success_timer] for invincible:combo_demo
[27Aug2026 11:16:59.956] [main/INFO] [epicfight/]: Data keys [sword_soaring:cooldown_timer, sword_soaring:sword_entity_id] for sword_soaring:kill_aura_1
[27Aug2026 11:16:59.956] [main/INFO] [epicfight/]: Data keys [sword_soaring:cooldown_timer, sword_soaring:sword_entity_id] for sword_soaring:kill_aura_2
[27Aug2026 11:16:59.956] [main/INFO] [epicfight/]: Data keys [sword_soaring:cooldown_timer, sword_soaring:protect_count, sword_soaring:sword_entity_id] for sword_soaring:screen_sword
[27Aug2026 11:16:59.956] [main/INFO] [epicfight/]: Data keys [sword_soaring:cooldown_timer, sword_soaring:delay_timer, sword_soaring:play_big_dipper] for sword_soaring:rain_sword
[27Aug2026 11:16:59.956] [main/INFO] [epicfight/]: Data keys [sword_soaring:cooldown_timer, sword_soaring:camera_timer] for sword_soaring:babylon
[27Aug2026 11:16:59.956] [main/INFO] [epicfight/]: Data keys [sword_soaring:cooldown_timer, sword_soaring:is_charging, sword_soaring:is_pressing] for sword_soaring:wan_jian_gui_zong
[27Aug2026 11:16:59.956] [main/INFO] [epicfight/]: Data keys [sword_soaring:cooldown_timer, sword_soaring:accelerating, sword_soaring:flying] for sword_soaring:sword_soaring_apprentice
[27Aug2026 11:16:59.956] [main/INFO] [epicfight/]: Data keys [sword_soaring:cooldown_timer, sword_soaring:accelerating, sword_soaring:flying] for sword_soaring:sword_soaring_expert
[27Aug2026 11:16:59.956] [main/INFO] [epicfight/]: Data keys [sword_soaring:cooldown_timer, sword_soaring:accelerating, sword_soaring:flying] for sword_soaring:sword_soaring_master
[27Aug2026 11:16:59.956] [main/INFO] [epicfight/]: Data keys [sword_soaring:cooldown_timer, sword_soaring:accelerating, sword_soaring:flying] for sword_soaring:sword_soaring_elytra_apprentice
[27Aug2026 11:16:59.956] [main/INFO] [epicfight/]: Data keys [sword_soaring:cooldown_timer, sword_soaring:accelerating, sword_soaring:flying] for sword_soaring:sword_soaring_elytra_expert
[27Aug2026 11:16:59.956] [main/INFO] [epicfight/]: Data keys [sword_soaring:cooldown_timer, sword_soaring:accelerating, sword_soaring:flying] for sword_soaring:sword_soaring_elytra_master
[27Aug2026 11:16:59.957] [main/INFO] [epicfight/]: Data keys [invincible:left, invincible:right, invincible:parry_timer, invincible:up, invincible:down, invincible:cooldown, invincible:dodge_success_timer] for sword_soaring:vatansever_innate
[27Aug2026 11:16:59.957] [main/INFO] [epicfight/]: Data keys [sword_soaring:artifact_spirit_entity_id, sword_soaring:sword_count] for sword_soaring:vatansever_passive
[27Aug2026 11:16:59.957] [main/INFO] [epicfight/]: Data keys [efn:scythe_blood_power, efn:scythe_sheath] for efn:scythe_skill
[27Aug2026 11:16:59.957] [main/INFO] [epicfight/]: Data keys [efn:thornwheel_loop, efn:press_innate, efn:thornwheel_loop_available] for efn:thornwheel
[27Aug2026 11:16:59.957] [main/INFO] [epicfight/]: Data keys [efn:jump_key_pressed_last_tick, efn:jump_count, efn:murasama_forward_dodge] for efn:murasama_dodge
[27Aug2026 11:16:59.957] [main/INFO] [epicfight/]: Data keys [efn:base_puncture_chance, efn:puncture_increment, efn:max_puncture_chance, efn:current_puncture_chance] for efn:parry_master
[27Aug2026 11:16:59.957] [main/INFO] [epicfight/]: Data keys [efn:buff_active, efn:defense_start_tick, efn:buff_end_tick] for efn:precise_parry
[27Aug2026 11:16:59.957] [main/INFO] [epicfight/]: Data keys [efn:cooldown_1, efn:cooldown, efn:cooldown_2] for efn:judgementcutend
[27Aug2026 11:16:59.957] [main/INFO] [epicfight/]: Data keys [efn:cooldown_1, efn:cooldown, efn:cooldown_2] for efn:stomp
[27Aug2026 11:16:59.957] [main/INFO] [epicfight/]: Data keys [efn:murasama_zansetsu_start_time, efn:arts_key, efn:murasama_zansetsu_slash_release, efn:murasama_zansetsu_input_mode, efn:murasama_left_mouse_pressed, efn:murasama_zansetsu_timer, efn:murasama_zandatsu_available, efn:murasama_zandatsu_start_time, efn:murasama_zansetsu_attack_counter, efn:murasama_zandatsu_end_time, efn:murasama_pair_flag, efn:murasama_key_left_down, efn:murasama_input_mode_switch_pressed, efn:murasama_opposite_triggered, efn:arts_key_pressed, efn:murasama_last_triggered_sector, efn:murasama_zansetsu_end_time, efn:murasama_zansetsu_active, efn:murasama_zansetsu_sector, efn:murasama_key_right_down] for efn:zansetsu
[27Aug2026 11:16:59.958] [main/INFO] [epicfight/]: Data keys [efn:cooldown_1, efn:cooldown, efn:cooldown_2] for efn:execution
[27Aug2026 11:16:59.958] [main/INFO] [epicfight/]: Data keys [epicfight:penalty_restore_counter, epicfight:penalty, efn:efn_delay_protection_end, efn:efn_last_parry_time, efn:efn_shake_detected, efn:efn_shake_penalty_count, efn:efn_last_active, efn:efn_parry_motion_counter, efn:efn_last_guard_start_tick, efn:efn_starting_parry, efn:efn_last_successful_defense_tick, efn:efn_first_shake] for efn:efn_parry
[27Aug2026 11:16:59.958] [main/INFO] [epicfight/]: Data keys [epicfight:penalty_restore_counter, epicfight:penalty, efn:efn_delay_protection_end, efn:efn_last_parry_time, efn:efn_shake_detected, efn:efn_shake_penalty_count, efn:efn_last_active, efn:efn_parry_motion_counter, efn:efn_last_guard_start_tick, efn:efn_starting_parry, efn:efn_last_successful_defense_tick, efn:efn_first_shake] for efn:murasama_parry
[27Aug2026 11:16:59.958] [main/INFO] [epicfight/]: Data keys [efn:arts_input_buffer, efn:cooldown_1, efn:cooldown, efn:arts_key, efn:sekiro_art_index, efn:arts_key_pressed, efn:cooldown_2] for efn:mortal_blade
[27Aug2026 11:16:59.958] [main/INFO] [epicfight/]: Data keys [invincible:left, efn:energy_check, efn:cooldown_1, efn:pressing_key2, efn:pressing_key1, efn:key1_press_timer, invincible:down, efn:cooldown, efn:was_long_pressed, efn:down_key, efn:demon_key, efn:charge_stage, invincible:right, invincible:cooldown, efn:press_doppelganger, efn:press_key4, efn:guard_key, efn:pressing_innate, efn:key2_press_timer, efn:sprint_key, efn:press_key3, efn:arts_key, efn:press_summon_sword, efn:jump_key, invincible:dodge_success_timer, efn:is_pressing, efn:key3_press_timer, efn:innate_press_timer, efn:charge_message, efn:force_release, efn:pressing_key3, efn:up_key, efn:doppelganger_delay, efn:full_charge_message, efn:doppelganger_style, efn:press_innate, efn:cooldown_2, efn:press_key2, efn:doppelganger_tick, efn:angel_key, efn:sneak_key, efn:charge_ticks, invincible:parry_timer, efn:press_key1, efn:have_doppelganger, efn:key4_press_timer, efn:is_charging, invincible:up, efn:charge_power, efn:arts_key_pressed, efn:pressing_key4, efn:combo_counter] for efn:yamato
[27Aug2026 11:16:59.958] [main/INFO] [epicfight/]: Data keys [efn:doppelganger_delay, efn:stun_cooldown, efn:doppelganger_tick, efn:doppelganger_style, efn:have_doppelganger, efn:parry_cooldown] for efn:yamato_passive
[27Aug2026 11:16:59.958] [main/INFO] [epicfight/]: Data keys [invincible:left, efn:energy_check, efn:cooldown_1, efn:pressing_key2, efn:damage_history, efn:pressing_key1, efn:key1_press_timer, invincible:down, efn:cooldown, efn:was_long_pressed, efn:down_key, efn:demon_key, efn:charge_stage, invincible:right, invincible:cooldown, efn:is_replay_damage, efn:press_key4, efn:guard_key, efn:pressing_innate, efn:key2_press_timer, efn:sprint_key, efn:press_key3, efn:arts_key, efn:press_summon_sword, efn:jump_key, invincible:dodge_success_timer, efn:is_pressing, efn:key3_press_timer, efn:innate_press_timer, efn:charge_message, efn:force_release, efn:pressing_key3, efn:up_key, efn:full_charge_message, efn:press_innate, efn:cooldown_2, efn:press_key2, efn:angel_key, efn:sneak_key, efn:charge_ticks, efn:replay_enhanced, invincible:parry_timer, efn:press_key1, efn:key4_press_timer, efn:is_charging, invincible:up, efn:charge_power, efn:arts_key_pressed, efn:pressing_key4, efn:combo_counter] for efn:shortsword
[27Aug2026 11:16:59.958] [main/INFO] [epicfight/]: Data keys [efn:up_key, invincible:left, efn:energy_check, efn:cooldown_1, efn:pressing_key2, efn:pressing_key1, efn:key1_press_timer, invincible:down, efn:cooldown, efn:full_charge_message, efn:was_long_pressed, efn:down_key, efn:press_innate, efn:cooldown_2, efn:demon_key, efn:charge_stage, invincible:right, invincible:cooldown, efn:press_key2, efn:angel_key, efn:sneak_key, efn:press_key4, efn:guard_key, efn:charge_ticks, efn:pressing_innate, efn:key2_press_timer, efn:sprint_key, invincible:parry_timer, efn:press_key3, efn:arts_key, efn:press_key1, efn:press_summon_sword, efn:jump_key, invincible:dodge_success_timer, efn:is_pressing, efn:key4_press_timer, efn:is_charging, efn:key3_press_timer, efn:innate_press_timer, efn:charge_message, invincible:up, efn:charge_power, efn:arts_key_pressed, efn:pressing_key4, efn:force_release, efn:combo_counter, efn:pressing_key3] for efn:ruinsgreatsword
[27Aug2026 11:16:59.959] [main/INFO] [epicfight/]: Data keys [efn:up_key, invincible:left, efn:energy_check, efn:cooldown_1, efn:pressing_key2, efn:pressing_key1, efn:key1_press_timer, invincible:down, efn:cooldown, efn:full_charge_message, efn:was_long_pressed, efn:down_key, efn:press_innate, efn:cooldown_2, efn:demon_key, efn:charge_stage, invincible:right, invincible:cooldown, efn:press_key2, efn:angel_key, efn:sneak_key, efn:press_key4, efn:guard_key, efn:charge_ticks, efn:pressing_innate, efn:key2_press_timer, efn:sprint_key, invincible:parry_timer, efn:press_key3, efn:arts_key, efn:press_key1, efn:press_summon_sword, efn:jump_key, invincible:dodge_success_timer, efn:is_pressing, efn:key4_press_timer, efn:is_charging, efn:key3_press_timer, efn:innate_press_timer, efn:charge_message, invincible:up, efn:charge_power, efn:arts_key_pressed, efn:pressing_key4, efn:force_release, efn:combo_counter, efn:pressing_key3] for efn:pioneer
[27Aug2026 11:16:59.959] [main/INFO] [epicfight/]: Data keys [invincible:left, efn:energy_check, efn:cooldown_1, efn:pressing_key2, efn:pressing_key1, efn:key1_press_timer, invincible:down, efn:cooldown, efn:murasama_zansetsu_input_mode, efn:was_long_pressed, efn:down_key, efn:demon_key, efn:charge_stage, invincible:right, invincible:cooldown, efn:murasama_input_mode_switch_pressed, efn:murasama_zansetsu_end_time, efn:sprint_sheath_timer, efn:press_key4, efn:murasama_key_right_down, efn:guard_key, efn:pressing_innate, efn:key2_press_timer, efn:murasama_sheath_timer, efn:sprint_key, efn:press_key3, efn:murasama_zansetsu_start_time, efn:arts_key, efn:press_summon_sword, efn:murasama_zansetsu_timer, efn:jump_key, efn:murasama_sheath, invincible:dodge_success_timer, efn:murasama_forward_dodge, efn:is_pressing, efn:key3_press_timer, efn:murasama_zansetsu_attack_counter, efn:innate_press_timer, efn:charge_message, efn:force_release, efn:pressing_key3, efn:up_key, efn:full_charge_message, efn:manual_unsheath, efn:press_innate, efn:murasama_zandatsu_start_time, efn:cooldown_2, efn:murasama_zandatsu_end_time, efn:press_key2, efn:angel_key, efn:murasama_zansetsu_sector, efn:sneak_key, efn:charge_ticks, invincible:parry_timer, efn:murasama_zansetsu_slash_release, efn:press_key1, efn:murasama_left_mouse_pressed, efn:murasama_zandatsu_available, efn:key4_press_timer, efn:is_charging, invincible:up, efn:murasama_air_borne, efn:murasama_pair_flag, efn:murasama_key_left_down, efn:murasama_opposite_triggered, efn:charge_power, efn:murasama_last_triggered_sector, efn:arts_key_pressed, efn:murasama_zansetsu_active, efn:pressing_key4, efn:combo_counter] for efn:murasama
[27Aug2026 11:16:59.959] [main/INFO] [epicfight/]: Data keys [efn:backward_pressed_last_tick, efn:jump_count, efn:murasama_zansetsu_input_mode, efn:manual_unsheath, efn:up_key_pressed_last_tick, efn:murasama_zandatsu_start_time, efn:is_double_tap_sprint, efn:murasama_zandatsu_end_time, efn:forward_backward_timer, efn:murasama_input_mode_switch_pressed, efn:murasama_zansetsu_end_time, efn:murasama_zansetsu_sector, efn:sprint_sheath_timer, efn:murasama_key_right_down, efn:jump_key_pressed_last_tick, efn:forward_backward_remaining_ticks, efn:murasama_sheath_timer, efn:murasama_zansetsu_start_time, efn:murasama_zansetsu_slash_release, efn:forward_backward_window_active, efn:murasama_left_mouse_pressed, efn:murasama_zansetsu_timer, efn:double_tap_timer, efn:forward_backward_success, efn:murasama_sheath, efn:murasama_zandatsu_available, efn:murasama_forward_dodge, efn:forward_pressed_last_tick, efn:forward_backward_end_tick, efn:murasama_zansetsu_attack_counter, efn:was_double_tap_sprint, efn:murasama_pair_flag, efn:murasama_key_left_down, efn:murasama_opposite_triggered, efn:murasama_last_triggered_sector, efn:murasama_zansetsu_active] for efn:murasama_passive
[27Aug2026 11:16:59.959] [main/INFO] [epicfight/]: Data keys [efn:up_key, invincible:left, efn:energy_check, efn:cooldown_1, efn:pressing_key2, efn:pressing_key1, efn:key1_press_timer, invincible:down, efn:cooldown, efn:full_charge_message, efn:was_long_pressed, efn:down_key, efn:press_innate, efn:cooldown_2, efn:demon_key, efn:charge_stage, invincible:right, invincible:cooldown, efn:press_key2, efn:angel_key, efn:sneak_key, efn:press_key4, efn:guard_key, efn:charge_ticks, efn:pressing_innate, efn:key2_press_timer, efn:sprint_key, invincible:parry_timer, efn:press_key3, efn:arts_key, efn:press_key1, efn:press_summon_sword, efn:jump_key, invincible:dodge_success_timer, efn:is_pressing, efn:key4_press_timer, efn:is_charging, efn:key3_press_timer, efn:innate_press_timer, efn:charge_message, invincible:up, efn:charge_power, efn:arts_key_pressed, efn:pressing_key4, efn:force_release, efn:combo_counter, efn:pressing_key3] for efn:meenlance
[27Aug2026 11:16:59.959] [main/INFO] [epicfight/]: Data keys [efn:up_key, invincible:left, efn:energy_check, efn:cooldown_1, efn:pressing_key2, efn:pressing_key1, efn:key1_press_timer, invincible:down, efn:cooldown, efn:full_charge_message, efn:was_long_pressed, efn:down_key, efn:press_innate, efn:cooldown_2, efn:demon_key, efn:charge_stage, invincible:right, invincible:cooldown, efn:press_key2, efn:angel_key, efn:sneak_key, efn:press_key4, efn:guard_key, efn:charge_ticks, efn:pressing_innate, efn:key2_press_timer, efn:sprint_key, invincible:parry_timer, efn:press_key3, efn:arts_key, efn:press_key1, efn:press_summon_sword, efn:jump_key, invincible:dodge_success_timer, efn:is_pressing, efn:key4_press_timer, efn:is_charging, efn:key3_press_timer, efn:innate_press_timer, efn:charge_message, invincible:up, efn:charge_power, efn:arts_key_pressed, efn:pressing_key4, efn:force_release, efn:combo_counter, efn:pressing_key3] for efn:kusabimaru
[27Aug2026 11:16:59.959] [main/INFO] [epicfight/]: Data keys [invincible:left, efn:energy_check, efn:cooldown_1, efn:pressing_key2, efn:pressing_key1, efn:key1_press_timer, invincible:down, efn:cooldown, efn:murasama_zansetsu_input_mode, efn:was_long_pressed, efn:down_key, efn:demon_key, efn:charge_stage, invincible:right, invincible:cooldown, efn:murasama_input_mode_switch_pressed, efn:murasama_zansetsu_end_time, efn:sprint_sheath_timer, efn:press_key4, efn:murasama_key_right_down, efn:guard_key, efn:pressing_innate, efn:key2_press_timer, efn:murasama_sheath_timer, efn:sprint_key, efn:press_key3, efn:murasama_zansetsu_start_time, efn:arts_key, efn:press_summon_sword, efn:murasama_zansetsu_timer, efn:jump_key, efn:murasama_sheath, invincible:dodge_success_timer, efn:murasama_forward_dodge, efn:is_pressing, efn:key3_press_timer, efn:murasama_zansetsu_attack_counter, efn:innate_press_timer, efn:charge_message, efn:force_release, efn:pressing_key3, efn:up_key, efn:full_charge_message, efn:manual_unsheath, efn:press_innate, efn:murasama_zandatsu_start_time, efn:cooldown_2, efn:murasama_zandatsu_end_time, efn:press_key2, efn:angel_key, efn:murasama_zansetsu_sector, efn:sneak_key, efn:charge_ticks, invincible:parry_timer, efn:murasama_zansetsu_slash_release, efn:press_key1, efn:murasama_left_mouse_pressed, efn:murasama_zandatsu_available, efn:key4_press_timer, efn:is_charging, invincible:up, efn:murasama_air_borne, efn:murasama_pair_flag, efn:murasama_key_left_down, efn:murasama_opposite_triggered, efn:charge_power, efn:murasama_last_triggered_sector, efn:arts_key_pressed, efn:murasama_zansetsu_active, efn:pressing_key4, efn:combo_counter] for efn:hf_blade
[27Aug2026 11:16:59.960] [main/INFO] [epicfight/]: Data keys [efn:backward_pressed_last_tick, efn:jump_count, efn:murasama_zansetsu_input_mode, efn:manual_unsheath, efn:up_key_pressed_last_tick, efn:murasama_zandatsu_start_time, efn:is_double_tap_sprint, efn:murasama_zandatsu_end_time, efn:forward_backward_timer, efn:murasama_input_mode_switch_pressed, efn:murasama_zansetsu_end_time, efn:murasama_zansetsu_sector, efn:sprint_sheath_timer, efn:murasama_key_right_down, efn:jump_key_pressed_last_tick, efn:forward_backward_remaining_ticks, efn:murasama_sheath_timer, efn:murasama_zansetsu_start_time, efn:murasama_zansetsu_slash_release, efn:forward_backward_window_active, efn:murasama_left_mouse_pressed, efn:murasama_zansetsu_timer, efn:double_tap_timer, efn:forward_backward_success, efn:murasama_sheath, efn:murasama_zandatsu_available, efn:murasama_forward_dodge, efn:forward_pressed_last_tick, efn:forward_backward_end_tick, efn:murasama_zansetsu_attack_counter, efn:was_double_tap_sprint, efn:murasama_pair_flag, efn:murasama_key_left_down, efn:murasama_opposite_triggered, efn:murasama_last_triggered_sector, efn:murasama_zansetsu_active] for efn:hf_blade_passive
[27Aug2026 11:16:59.960] [main/INFO] [epicfight/]: Data keys [efn:up_key, invincible:left, efn:energy_check, efn:cooldown_1, efn:pressing_key2, efn:pressing_key1, efn:key1_press_timer, invincible:down, efn:cooldown, efn:full_charge_message, efn:was_long_pressed, efn:down_key, efn:press_innate, efn:cooldown_2, efn:demon_key, efn:charge_stage, invincible:right, invincible:cooldown, efn:press_key2, efn:angel_key, efn:sneak_key, efn:press_key4, efn:guard_key, efn:charge_ticks, efn:pressing_innate, efn:key2_press_timer, efn:sprint_key, invincible:parry_timer, efn:press_key3, efn:arts_key, efn:press_key1, efn:press_summon_sword, efn:jump_key, invincible:dodge_success_timer, efn:is_pressing, efn:key4_press_timer, efn:is_charging, efn:key3_press_timer, efn:innate_press_timer, efn:charge_message, invincible:up, efn:charge_power, efn:arts_key_pressed, efn:pressing_key4, efn:force_release, efn:combo_counter, efn:pressing_key3] for efn:exsiliumgladius
[27Aug2026 11:16:59.960] [main/INFO] [epicfight/]: Data keys [invincible:left, invincible:right, invincible:parry_timer, invincible:up, invincible:down, invincible:cooldown, invincible:dodge_success_timer] for efn:examplecombo
[27Aug2026 11:16:59.960] [main/INFO] [epicfight/]: Data keys [efn:up_key, invincible:left, efn:energy_check, efn:cooldown_1, efn:pressing_key2, efn:pressing_key1, efn:key1_press_timer, invincible:down, efn:cooldown, efn:full_charge_message, efn:was_long_pressed, efn:down_key, efn:press_innate, efn:cooldown_2, efn:demon_key, efn:charge_stage, invincible:right, invincible:cooldown, efn:press_key2, efn:angel_key, efn:sneak_key, efn:press_key4, efn:guard_key, efn:charge_ticks, efn:pressing_innate, efn:key2_press_timer, efn:sprint_key, invincible:parry_timer, efn:press_key3, efn:arts_key, efn:press_key1, efn:press_summon_sword, efn:jump_key, invincible:dodge_success_timer, efn:is_pressing, efn:key4_press_timer, efn:is_charging, efn:key3_press_timer, efn:innate_press_timer, efn:charge_message, invincible:up, efn:charge_power, efn:arts_key_pressed, efn:pressing_key4, efn:force_release, efn:combo_counter, efn:pressing_key3] for efn:crescentmoon
[27Aug2026 11:16:59.960] [main/INFO] [epicfight/]: Data keys [efn:up_key, invincible:left, efn:energy_check, efn:cooldown_1, efn:pressing_key2, efn:pressing_key1, efn:key1_press_timer, invincible:down, efn:cooldown, efn:full_charge_message, efn:was_long_pressed, efn:down_key, efn:press_innate, efn:cooldown_2, efn:demon_key, efn:charge_stage, invincible:right, invincible:cooldown, efn:press_key2, efn:angel_key, efn:sneak_key, efn:press_key4, efn:guard_key, efn:charge_ticks, efn:pressing_innate, efn:key2_press_timer, efn:sprint_key, invincible:parry_timer, efn:press_key3, efn:arts_key, efn:press_key1, efn:press_summon_sword, efn:jump_key, invincible:dodge_success_timer, efn:is_pressing, efn:key4_press_timer, efn:is_charging, efn:key3_press_timer, efn:innate_press_timer, efn:charge_message, invincible:up, efn:charge_power, efn:arts_key_pressed, efn:pressing_key4, efn:force_release, efn:combo_counter, efn:pressing_key3] for efn:broadblade
[27Aug2026 11:16:59.960] [main/INFO] [epicfight/]: Data keys [efn:up_key, invincible:left, efn:energy_check, efn:cooldown_1, efn:pressing_key2, efn:pressing_key1, efn:key1_press_timer, invincible:down, efn:cooldown, efn:full_charge_message, efn:was_long_pressed, efn:down_key, efn:press_innate, efn:cooldown_2, efn:demon_key, efn:charge_stage, invincible:right, invincible:cooldown, efn:press_key2, efn:angel_key, efn:sneak_key, efn:press_key4, efn:guard_key, efn:charge_ticks, efn:pressing_innate, efn:key2_press_timer, efn:sprint_key, invincible:parry_timer, efn:press_key3, efn:arts_key, efn:press_key1, efn:press_summon_sword, efn:jump_key, invincible:dodge_success_timer, efn:is_pressing, efn:key4_press_timer, efn:is_charging, efn:key3_press_timer, efn:innate_press_timer, efn:charge_message, invincible:up, efn:charge_power, efn:arts_key_pressed, efn:pressing_key4, efn:force_release, efn:combo_counter, efn:pressing_key3] for efn:bloodlust
[27Aug2026 11:16:59.961] [main/INFO] [epicfight/]: Data keys [efn:up_key, invincible:left, efn:energy_check, efn:cooldown_1, efn:pressing_key2, efn:pressing_key1, efn:key1_press_timer, invincible:down, efn:cooldown, efn:full_charge_message, efn:was_long_pressed, efn:down_key, efn:press_innate, efn:cooldown_2, efn:demon_key, efn:charge_stage, invincible:right, invincible:cooldown, efn:press_key2, efn:angel_key, efn:sneak_key, efn:press_key4, efn:guard_key, efn:charge_ticks, efn:pressing_innate, efn:key2_press_timer, efn:sprint_key, invincible:parry_timer, efn:press_key3, efn:arts_key, efn:press_key1, efn:press_summon_sword, efn:jump_key, invincible:dodge_success_timer, efn:is_pressing, efn:key4_press_timer, efn:is_charging, efn:key3_press_timer, efn:innate_press_timer, efn:charge_message, invincible:up, efn:charge_power, efn:arts_key_pressed, efn:pressing_key4, efn:force_release, efn:combo_counter, efn:pressing_key3] for efn:beastclaw
[27Aug2026 11:16:59.961] [main/INFO] [epicfight/]: Data keys [efn:up_key, invincible:left, efn:energy_check, efn:cooldown_1, efn:pressing_key2, efn:pressing_key1, efn:key1_press_timer, invincible:down, efn:cooldown, efn:full_charge_message, efn:was_long_pressed, efn:down_key, efn:press_innate, efn:cooldown_2, efn:demon_key, efn:charge_stage, invincible:right, invincible:cooldown, efn:press_key2, efn:angel_key, efn:sneak_key, efn:press_key4, efn:guard_key, efn:charge_ticks, efn:pressing_innate, efn:key2_press_timer, efn:sprint_key, invincible:parry_timer, efn:press_key3, efn:arts_key, efn:press_key1, efn:press_summon_sword, efn:jump_key, invincible:dodge_success_timer, efn:is_pressing, efn:key4_press_timer, efn:is_charging, efn:key3_press_timer, efn:innate_press_timer, efn:charge_message, invincible:up, efn:charge_power, efn:arts_key_pressed, efn:pressing_key4, efn:force_release, efn:combo_counter, efn:pressing_key3] for efn:aetherialdusk
[27Aug2026 11:16:59.961] [main/INFO] [epicfight/]: Data keys [dodge_parry_reward:delay_timer] for tcrcore:regen_mana
[27Aug2026 11:17:00.289] [main/INFO] [com.mojang.authlib.yggdrasil.YggdrasilAuthenticationService/]: Environment: authHost='https://authserver.mojang.com', accountsHost='https://api.mojang.com', sessionHost='https://sessionserver.mojang.com', servicesHost='https://api.minecraftservices.com', name='PROD'
[27Aug2026 11:17:00.935] [main/INFO] [epicfight/]: Data keys [epicfight:basic_attack_active, epicfight:combo_counter] for epicfight:basic_attack
[27Aug2026 11:17:00.936] [main/INFO] [epicfight/]: Data keys [epicfight:penalty_restore_counter, epicfight:penalty] for epicfight:guard
[27Aug2026 11:17:00.936] [main/INFO] [epicfight/]: Data keys [epicfight:last_active, epicfight:penalty_restore_counter, epicfight:penalty, epicfight:parry_motion_counter] for epicfight:parrying
[27Aug2026 11:17:00.936] [main/INFO] [epicfight/]: Data keys [epicfight:penalty_restore_counter, epicfight:penalty] for epicfight:impact_guard
[27Aug2026 11:17:00.936] [main/INFO] [epicfight/]: Data keys [epicfight:resisting_damage_type, epicfight:stacks, epicfight:tick_record] for epicfight:adaptive_skin
[27Aug2026 11:17:00.936] [main/INFO] [epicfight/]: Data keys [epicfight:tick_record] for epicfight:adrenaline_fiend
[27Aug2026 11:17:00.936] [main/INFO] [epicfight/]: Data keys [epicfight:entity_id, epicfight:stacks] for epicfight:bonebreaker
[27Aug2026 11:17:00.936] [main/INFO] [epicfight/]: Data keys [epicfight:entity_id, epicfight:tick_record] for epicfight:vengeance
[27Aug2026 11:17:00.936] [main/INFO] [epicfight/]: Data keys [epicfight:slam_protect_next_fall, epicfight:fall_distance] for epicfight:meteor_slam
[27Aug2026 11:17:00.936] [main/INFO] [epicfight/]: Data keys [epicfight:stacks] for epicfight:revelation
[27Aug2026 11:17:00.936] [main/INFO] [epicfight/]: Data keys [epicfight:slam_protect_next_fall] for epicfight:demolition_leap
[27Aug2026 11:17:00.936] [main/INFO] [epicfight/]: Data keys [epicfight:jump_count, epicfight:slam_protect_next_fall, epicfight:jump_key_pressed_last_tick] for epicfight:phantom_ascent
[27Aug2026 11:17:00.936] [main/INFO] [epicfight/]: Data keys [epicfight:last_hit_count] for epicfight:grasping_spire
[27Aug2026 11:17:00.936] [main/INFO] [epicfight/]: Data keys [epicfight:sheath] for epicfight:battojutsu_passive
[27Aug2026 11:17:00.936] [main/INFO] [epicfight/]: Data keys [epicfight:sheath] for epicfight:battojutsu
[27Aug2026 11:17:00.936] [main/INFO] [epicfight/]: Data keys [epicfight:combo_counter] for epicfight:blade_rush
[27Aug2026 11:17:00.937] [main/INFO] [epicfight/]: Data keys [epicfight:thrown_trident_entity_id] for epicfight:everlasting_allegiance
[27Aug2026 11:17:00.937] [main/INFO] [epicfight/]: Data keys [wom:target_id] for wom:ender_obscuris
[27Aug2026 11:17:00.937] [main/INFO] [epicfight/]: Data keys [wom:timer_refresh, wom:dodge, wom:timer] for wom:dodge_master
[27Aug2026 11:17:00.937] [main/INFO] [epicfight/]: Data keys [wom:cooldown, wom:registered_position, wom:timer_refresh, wom:dodge, wom:active, wom:registered_health, wom:timer] for wom:time_travel
[27Aug2026 11:17:00.937] [main/INFO] [epicfight/]: Data keys [wom:cooldown] for wom:punishment_kick
[27Aug2026 11:17:00.937] [main/INFO] [epicfight/]: Data keys [wom:consumprion_value, epicfight:penalty_restore_counter, epicfight:penalty, wom:parrying, wom:last_active] for wom:counter_attack
[27Aug2026 11:17:00.937] [main/INFO] [epicfight/]: Data keys [wom:consumprion_value, epicfight:penalty_restore_counter, wom:charge, epicfight:penalty, wom:holding_stance, wom:cooldown, wom:timer_refresh, wom:vengence_duration, wom:timer] for wom:vengeful_parry
[27Aug2026 11:17:00.937] [main/INFO] [epicfight/]: Data keys [epicfight:penalty_restore_counter, wom:charge, epicfight:penalty, wom:cooldown, wom:parrying] for wom:perfect_bulwark
[27Aug2026 11:17:00.937] [main/INFO] [epicfight/]: Data keys [wom:charge, wom:cycle] for wom:soul_protection
[27Aug2026 11:17:00.937] [main/INFO] [epicfight/]: Data keys [wom:charge, wom:cycle] for wom:shulker_cloak
[27Aug2026 11:17:00.937] [main/INFO] [epicfight/]: Data keys [epicfight:penalty_restore_counter, epicfight:penalty, wom:active, wom:timer] for wom:buster_parade
[27Aug2026 11:17:00.937] [main/INFO] [epicfight/]: Data keys [wom:duree, wom:timer_refresh, wom:active, wom:timer] for wom:pain_anticipation
[27Aug2026 11:17:00.937] [main/INFO] [epicfight/]: Data keys [wom:duree, wom:timer_refresh, wom:active, wom:timer] for wom:latent_retribution
[27Aug2026 11:17:00.937] [main/INFO] [epicfight/]: Data keys [wom:power, wom:rate] for wom:critical_knowledge
[27Aug2026 11:17:00.937] [main/INFO] [epicfight/]: Data keys [wom:recovery_rate, wom:cooldown, wom:max_shield] for wom:heart_shield
[27Aug2026 11:17:00.937] [main/INFO] [epicfight/]: Data keys [wom:melody_index, wom:step, wom:saved_elapsed_time] for wom:dancing_blade
[27Aug2026 11:17:00.937] [main/INFO] [epicfight/]: Data keys [wom:stage, wom:duree, wom:timer_refresh, wom:active, wom:cycle, wom:timer] for wom:meditation
[27Aug2026 11:17:00.937] [main/INFO] [epicfight/]: Data keys [wom:cooldown] for wom:dopamine
[27Aug2026 11:17:00.937] [main/INFO] [epicfight/]: Data keys [wom:last_active] for wom:manipulator
[27Aug2026 11:17:00.937] [main/INFO] [epicfight/]: Data keys [wom:power, wom:rate, wom:timer, wom:stack] for wom:lethal_focus
[27Aug2026 11:17:00.938] [main/INFO] [epicfight/]: Data keys [wom:jump_key_up, wom:timer_refresh, wom:wall_running, wom:wall_glide, wom:timer, wom:angle] for wom:spider_techniques
[27Aug2026 11:17:00.938] [main/INFO] [epicfight/]: Data keys [wom:consumprion_value, wom:jump_key_up, wom:mermaid_movement, wom:water_dashing, wom:cooldown, wom:crawling, wom:diving] for wom:aqua_maneuvre
[27Aug2026 11:17:00.938] [main/INFO] [epicfight/]: Data keys [wom:consumprion_value, wom:stage, wom:buffing, wom:wall_running, wom:wall_glide, wom:active, wom:timer, wom:verso] for wom:natural_sprinter
[27Aug2026 11:17:00.938] [main/INFO] [epicfight/]: Data keys [wom:timer] for wom:lunatic_vivacity
[27Aug2026 11:17:00.938] [main/INFO] [epicfight/]: Data keys [wom:consumprion_value, wom:registered_health, wom:timer] for wom:voodoo_magic
[27Aug2026 11:17:00.938] [main/INFO] [epicfight/]: Data keys [wom:target_id, wom:target_distance] for wom:back_and_forth
[27Aug2026 11:17:00.938] [main/INFO] [epicfight/]: Data keys [wom:combo, wom:cooldown] for wom:shooting_style
[27Aug2026 11:17:00.938] [main/INFO] [epicfight/]: Data keys [wom:active, wom:timer] for wom:proximity_exploiter
[27Aug2026 11:17:00.938] [main/INFO] [epicfight/]: Data keys [wom:timer, wom:stack] for wom:all_eyes_on_you
[27Aug2026 11:17:00.938] [main/INFO] [epicfight/]: Data keys [wom:timer, wom:stack] for wom:all_eyes_on_me
[27Aug2026 11:17:00.938] [main/INFO] [epicfight/]: Data keys [wom:cooldown, wom:timer] for wom:avatar_of_might
[27Aug2026 11:17:00.938] [main/INFO] [epicfight/]: Data keys [wom:active, wom:stack, wom:attacks] for wom:agony_plunge
[27Aug2026 11:17:00.939] [main/INFO] [epicfight/]: Data keys [wom:saved_charge, wom:charging_time, wom:movespeed, wom:timer_refresh, wom:charging, wom:active, wom:charged, wom:timer, wom:charged_attack] for wom:torment_passive
[27Aug2026 11:17:00.939] [main/INFO] [epicfight/]: Data keys [wom:timer_refresh, wom:active, wom:timer] for wom:true_berserk
[27Aug2026 11:17:00.939] [main/INFO] [epicfight/]: Data keys [wom:stack] for wom:herrscher_passive
[27Aug2026 11:17:00.939] [main/INFO] [epicfight/]: Data keys [wom:buffed, wom:buffing, wom:timer_refresh, wom:redemptioon, wom:expiation, wom:strenght, wom:timer, wom:verso] for wom:plunder_perdition
[27Aug2026 11:17:00.939] [main/INFO] [epicfight/]: Data keys [wom:sheath] for wom:satsujin_passive
[27Aug2026 11:17:00.939] [main/INFO] [epicfight/]: Data keys [wom:charge, wom:holding_stance, wom:frequency, wom:cooldown, wom:timer_refresh, wom:damage, wom:stack, wom:attacks, wom:saved_charge, wom:timedslash, wom:charging, wom:active, wom:timer, wom:second_draw] for wom:sakura_state
[27Aug2026 11:17:00.939] [main/INFO] [epicfight/]: Data keys [wom:reload_cooldown, wom:zoom, wom:combo, wom:using_item, wom:cooldown, wom:shoot, wom:nofalldamage] for wom:ender_blast
[27Aug2026 11:17:00.939] [main/INFO] [epicfight/]: Data keys [wom:reload_cooldown, wom:zoom, wom:combo, wom:using_item, wom:cooldown, wom:shoot, wom:nofalldamage, wom:side] for wom:ender_fusion
[27Aug2026 11:17:00.939] [main/INFO] [epicfight/]: Data keys [wom:guard_point, wom:charging_time, wom:holding_stance, wom:combo, wom:gesetz_sprengkopf, wom:cooldown, wom:parrying, wom:guard_point_result, wom:charged] for wom:regierung
[27Aug2026 11:17:00.939] [main/INFO] [epicfight/]: Data keys [wom:crescent, wom:lunar_eclipse_stack, wom:timer_refresh, wom:echo, wom:timer] for wom:lunar_eclipse
[27Aug2026 11:17:00.939] [main/INFO] [epicfight/]: Data keys [wom:idle, wom:verso] for wom:lunar_echo_passive
[27Aug2026 11:17:00.940] [main/INFO] [epicfight/]: Data keys [wom:darkness_portal_angle, wom:serius_focus_cooldown, wom:shoot_cooldown, wom:timer_refresh, wom:blackhole_timer, wom:zoom_cooldown, wom:ascending, wom:darkness_target, wom:blackhole, wom:darkness_target_reaped, wom:darkness_portal_vec, wom:witheraftereffect, wom:darkness_target_hited, wom:darkness_target_vec, wom:witherccatharsis, wom:zoom, wom:darkness_portal_timer, wom:blackhole_vec, wom:blackhole_active, wom:serius_focus, wom:shoot, wom:active, wom:darkness_activate_portal, wom:timer] for wom:demonic_ascension
[27Aug2026 11:17:00.940] [main/INFO] [epicfight/]: Data keys [wom:particle, wom:idle, wom:blink, wom:withercurse, wom:catharsis, wom:lapse, wom:basic_attack] for wom:demon_mark_passive
[27Aug2026 11:17:00.940] [main/INFO] [epicfight/]: Data keys [wom:solar_crematorio, wom:particle, wom:charge, wom:timer_refresh, wom:heat_level, wom:solar_obscuridad, wom:solar_infernio, wom:solar_obscuridad_ta_timer, wom:stored_heat_level, wom:heating_speed, wom:charging, wom:cycle, wom:timer, wom:timed_attack] for wom:solar_arcano
[27Aug2026 11:17:00.940] [main/INFO] [epicfight/]: Data keys [wom:solar_crematorio, wom:particle, wom:charge, wom:timer_refresh, wom:heat_level, wom:solar_obscuridad, wom:solar_infernio, wom:solar_obscuridad_ta_timer, wom:stored_heat_level, wom:heating_speed, wom:charging, wom:cycle, wom:timer, wom:timed_attack] for wom:solar_passive
[27Aug2026 11:17:00.940] [main/INFO] [epicfight/]: Data keys [wom:serius_focus_cooldown, wom:serius_focus] for wom:rechargement
[27Aug2026 11:17:00.940] [main/INFO] [epicfight/]: Data keys [wom:bullet_loaded_old, wom:super_reload, wom:bullet_overloaded, wom:bullet_loaded, wom:shell_number, wom:active, wom:shell_anim, wom:shell_delay] for wom:napoleon_passive
[27Aug2026 11:17:00.940] [main/INFO] [epicfight/]: Data keys [dodge_parry_reward:delay_timer] for dodge_parry_reward:health_boost1
[27Aug2026 11:17:00.940] [main/INFO] [epicfight/]: Data keys [dodge_parry_reward:delay_timer] for dodge_parry_reward:health_boost2
[27Aug2026 11:17:00.940] [main/INFO] [epicfight/]: Data keys [dodge_parry_reward:delay_timer] for dodge_parry_reward:health_boost3
[27Aug2026 11:17:00.940] [main/INFO] [epicfight/]: Data keys [dodge_parry_reward:delay_timer] for dodge_parry_reward:health_boost4
[27Aug2026 11:17:00.941] [main/INFO] [epicfight/]: Data keys [dodge_parry_reward:delay_timer] for dodge_parry_reward:absorb1
[27Aug2026 11:17:00.941] [main/INFO] [epicfight/]: Data keys [dodge_parry_reward:delay_timer] for dodge_parry_reward:absorb2
[27Aug2026 11:17:00.941] [main/INFO] [epicfight/]: Data keys [dodge_parry_reward:delay_timer] for dodge_parry_reward:absorb3
[27Aug2026 11:17:00.941] [main/INFO] [epicfight/]: Data keys [dodge_parry_reward:delay_timer] for dodge_parry_reward:absorb4
[27Aug2026 11:17:00.941] [main/INFO] [epicfight/]: Data keys [dodge_parry_reward:delay_timer] for dodge_parry_reward:heal1
[27Aug2026 11:17:00.941] [main/INFO] [epicfight/]: Data keys [dodge_parry_reward:delay_timer] for dodge_parry_reward:heal2
[27Aug2026 11:17:00.941] [main/INFO] [epicfight/]: Data keys [dodge_parry_reward:delay_timer] for dodge_parry_reward:heal3
[27Aug2026 11:17:00.941] [main/INFO] [epicfight/]: Data keys [dodge_parry_reward:delay_timer] for dodge_parry_reward:heal4
[27Aug2026 11:17:00.941] [main/INFO] [epicfight/]: Data keys [dodge_parry_reward:delay_timer] for dodge_parry_reward:resist1
[27Aug2026 11:17:00.941] [main/INFO] [epicfight/]: Data keys [dodge_parry_reward:delay_timer] for dodge_parry_reward:resist2
[27Aug2026 11:17:00.941] [main/INFO] [epicfight/]: Data keys [dodge_parry_reward:delay_timer] for dodge_parry_reward:resist3
[27Aug2026 11:17:00.941] [main/INFO] [epicfight/]: Data keys [dodge_parry_reward:delay_timer] for dodge_parry_reward:resist4
[27Aug2026 11:17:00.942] [main/INFO] [epicfight/]: Data keys [dodge_parry_reward:delay_timer] for dodge_parry_reward:stun_imm1
[27Aug2026 11:17:00.942] [main/INFO] [epicfight/]: Data keys [dodge_parry_reward:delay_timer] for dodge_parry_reward:stun_imm2
[27Aug2026 11:17:00.942] [main/INFO] [epicfight/]: Data keys [dodge_parry_reward:delay_timer] for dodge_parry_reward:stun_imm3
[27Aug2026 11:17:00.942] [main/INFO] [epicfight/]: Data keys [dodge_parry_reward:delay_timer] for dodge_parry_reward:stun_imm4
[27Aug2026 11:17:00.942] [main/INFO] [epicfight/]: Data keys [dodge_parry_reward:delay_timer] for dodge_parry_reward:damage_boost1
[27Aug2026 11:17:00.942] [main/INFO] [epicfight/]: Data keys [dodge_parry_reward:delay_timer] for dodge_parry_reward:damage_boost2
[27Aug2026 11:17:00.942] [main/INFO] [epicfight/]: Data keys [dodge_parry_reward:delay_timer] for dodge_parry_reward:damage_boost3
[27Aug2026 11:17:00.942] [main/INFO] [epicfight/]: Data keys [dodge_parry_reward:delay_timer] for dodge_parry_reward:damage_boost4
[27Aug2026 11:17:00.942] [main/INFO] [epicfight/]: Data keys [dodge_parry_reward:delay_timer] for dodge_parry_reward:speed1
[27Aug2026 11:17:00.942] [main/INFO] [epicfight/]: Data keys [dodge_parry_reward:delay_timer] for dodge_parry_reward:speed2
[27Aug2026 11:17:00.942] [main/INFO] [epicfight/]: Data keys [dodge_parry_reward:delay_timer] for dodge_parry_reward:speed3
[27Aug2026 11:17:00.942] [main/INFO] [epicfight/]: Data keys [dodge_parry_reward:delay_timer] for dodge_parry_reward:speed4
[27Aug2026 11:17:00.943] [main/INFO] [epicfight/]: Data keys [dodge_parry_reward:delay_timer] for dodge_parry_reward:stamina1
[27Aug2026 11:17:00.943] [main/INFO] [epicfight/]: Data keys [dodge_parry_reward:delay_timer] for dodge_parry_reward:stamina2
[27Aug2026 11:17:00.943] [main/INFO] [epicfight/]: Data keys [dodge_parry_reward:delay_timer] for dodge_parry_reward:stamina3
[27Aug2026 11:17:00.943] [main/INFO] [epicfight/]: Data keys [dodge_parry_reward:delay_timer] for dodge_parry_reward:stamina4
[27Aug2026 11:17:00.943] [main/INFO] [epicfight/]: Data keys [epicfightx:dodge_attacking] for epicfightx:roll
[27Aug2026 11:17:00.943] [main/INFO] [epicfight/]: Data keys [epicfightx:dodge_attacking] for epicfightx:step
[27Aug2026 11:17:00.943] [main/INFO] [epicfight/]: Data keys [epicfightx:counter_available, epicfightx:dodge_start_time, epicfightx:is_special_animation] for epicfightx:combat_mastery_i
[27Aug2026 11:17:00.943] [main/INFO] [epicfight/]: Data keys [epicfightx:sprint_available, epicfightx:dodge_start_time, epicfightx:sprint_active] for epicfightx:combat_mastery_ii
[27Aug2026 11:17:00.943] [main/INFO] [epicfight/]: Data keys [epicfightx:cooldown] for epicfightx:pickaxe_skill
[27Aug2026 11:17:00.943] [main/INFO] [epicfight/]: Data keys [epicfightx:great_tachi_marked_entities] for epicfightx:otachi_skill
[27Aug2026 11:17:00.943] [main/INFO] [epicfight/]: Data keys [epicfightx:attack_count, epicfightx:sheath_form, epicfightx:attack_count_snapshot] for epicfightx:katana_skill
[27Aug2026 11:17:00.943] [main/INFO] [epicfight/]: Data keys [epicfightx:sheath_killed, epicfightx:sheath] for epicfightx:battojutsu_passive
[27Aug2026 11:17:00.943] [main/INFO] [epicfight/]: Data keys [epicfightx:sheath] for epicfightx:battojutsu
[27Aug2026 11:17:00.944] [main/INFO] [epicfight/]: Data keys [invincible:left, invincible:right, invincible:parry_timer, invincible:up, invincible:down, invincible:cooldown, invincible:dodge_success_timer] for invincible:combo_demo
[27Aug2026 11:17:00.944] [main/INFO] [epicfight/]: Data keys [sword_soaring:cooldown_timer, sword_soaring:sword_entity_id] for sword_soaring:kill_aura_1
[27Aug2026 11:17:00.944] [main/INFO] [epicfight/]: Data keys [sword_soaring:cooldown_timer, sword_soaring:sword_entity_id] for sword_soaring:kill_aura_2
[27Aug2026 11:17:00.944] [main/INFO] [epicfight/]: Data keys [sword_soaring:cooldown_timer, sword_soaring:protect_count, sword_soaring:sword_entity_id] for sword_soaring:screen_sword
[27Aug2026 11:17:00.944] [main/INFO] [epicfight/]: Data keys [sword_soaring:cooldown_timer, sword_soaring:delay_timer, sword_soaring:play_big_dipper] for sword_soaring:rain_sword
[27Aug2026 11:17:00.944] [main/INFO] [epicfight/]: Data keys [sword_soaring:cooldown_timer, sword_soaring:camera_timer] for sword_soaring:babylon
[27Aug2026 11:17:00.944] [main/INFO] [epicfight/]: Data keys [sword_soaring:cooldown_timer, sword_soaring:is_charging, sword_soaring:is_pressing] for sword_soaring:wan_jian_gui_zong
[27Aug2026 11:17:00.944] [main/INFO] [epicfight/]: Data keys [sword_soaring:cooldown_timer, sword_soaring:accelerating, sword_soaring:flying] for sword_soaring:sword_soaring_apprentice
[27Aug2026 11:17:00.944] [main/INFO] [epicfight/]: Data keys [sword_soaring:cooldown_timer, sword_soaring:accelerating, sword_soaring:flying] for sword_soaring:sword_soaring_expert
[27Aug2026 11:17:00.944] [main/INFO] [epicfight/]: Data keys [sword_soaring:cooldown_timer, sword_soaring:accelerating, sword_soaring:flying] for sword_soaring:sword_soaring_master
[27Aug2026 11:17:00.944] [main/INFO] [epicfight/]: Data keys [sword_soaring:cooldown_timer, sword_soaring:accelerating, sword_soaring:flying] for sword_soaring:sword_soaring_elytra_apprentice
[27Aug2026 11:17:00.945] [main/INFO] [epicfight/]: Data keys [sword_soaring:cooldown_timer, sword_soaring:accelerating, sword_soaring:flying] for sword_soaring:sword_soaring_elytra_expert
[27Aug2026 11:17:00.945] [main/INFO] [epicfight/]: Data keys [sword_soaring:cooldown_timer, sword_soaring:accelerating, sword_soaring:flying] for sword_soaring:sword_soaring_elytra_master
[27Aug2026 11:17:00.945] [main/INFO] [epicfight/]: Data keys [invincible:left, invincible:right, invincible:parry_timer, invincible:up, invincible:down, invincible:cooldown, invincible:dodge_success_timer] for sword_soaring:vatansever_innate
[27Aug2026 11:17:00.945] [main/INFO] [epicfight/]: Data keys [sword_soaring:artifact_spirit_entity_id, sword_soaring:sword_count] for sword_soaring:vatansever_passive
[27Aug2026 11:17:00.945] [main/INFO] [epicfight/]: Data keys [efn:scythe_blood_power, efn:scythe_sheath] for efn:scythe_skill
[27Aug2026 11:17:00.945] [main/INFO] [epicfight/]: Data keys [efn:thornwheel_loop, efn:press_innate, efn:thornwheel_loop_available] for efn:thornwheel
[27Aug2026 11:17:00.945] [main/INFO] [epicfight/]: Data keys [efn:jump_key_pressed_last_tick, efn:jump_count, efn:murasama_forward_dodge] for efn:murasama_dodge
[27Aug2026 11:17:00.945] [main/INFO] [epicfight/]: Data keys [efn:base_puncture_chance, efn:puncture_increment, efn:max_puncture_chance, efn:current_puncture_chance] for efn:parry_master
[27Aug2026 11:17:00.945] [main/INFO] [epicfight/]: Data keys [efn:buff_active, efn:defense_start_tick, efn:buff_end_tick] for efn:precise_parry
[27Aug2026 11:17:00.945] [main/INFO] [epicfight/]: Data keys [efn:cooldown_1, efn:cooldown, efn:cooldown_2] for efn:judgementcutend
[27Aug2026 11:17:00.945] [main/INFO] [epicfight/]: Data keys [efn:cooldown_1, efn:cooldown, efn:cooldown_2] for efn:stomp
[27Aug2026 11:17:00.946] [main/INFO] [epicfight/]: Data keys [efn:murasama_zansetsu_start_time, efn:arts_key, efn:murasama_zansetsu_slash_release, efn:murasama_zansetsu_input_mode, efn:murasama_left_mouse_pressed, efn:murasama_zansetsu_timer, efn:murasama_zandatsu_available, efn:murasama_zandatsu_start_time, efn:murasama_zansetsu_attack_counter, efn:murasama_zandatsu_end_time, efn:murasama_pair_flag, efn:murasama_key_left_down, efn:murasama_input_mode_switch_pressed, efn:murasama_opposite_triggered, efn:arts_key_pressed, efn:murasama_last_triggered_sector, efn:murasama_zansetsu_end_time, efn:murasama_zansetsu_active, efn:murasama_zansetsu_sector, efn:murasama_key_right_down] for efn:zansetsu
[27Aug2026 11:17:00.946] [main/INFO] [epicfight/]: Data keys [efn:cooldown_1, efn:cooldown, efn:cooldown_2] for efn:execution
[27Aug2026 11:17:00.946] [main/INFO] [epicfight/]: Data keys [epicfight:penalty_restore_counter, epicfight:penalty, efn:efn_delay_protection_end, efn:efn_last_parry_time, efn:efn_shake_detected, efn:efn_shake_penalty_count, efn:efn_last_active, efn:efn_parry_motion_counter, efn:efn_last_guard_start_tick, efn:efn_starting_parry, efn:efn_last_successful_defense_tick, efn:efn_first_shake] for efn:efn_parry
[27Aug2026 11:17:00.946] [main/INFO] [epicfight/]: Data keys [epicfight:penalty_restore_counter, epicfight:penalty, efn:efn_delay_protection_end, efn:efn_last_parry_time, efn:efn_shake_detected, efn:efn_shake_penalty_count, efn:efn_last_active, efn:efn_parry_motion_counter, efn:efn_last_guard_start_tick, efn:efn_starting_parry, efn:efn_last_successful_defense_tick, efn:efn_first_shake] for efn:murasama_parry
[27Aug2026 11:17:00.946] [main/INFO] [epicfight/]: Data keys [efn:arts_input_buffer, efn:cooldown_1, efn:cooldown, efn:arts_key, efn:sekiro_art_index, efn:arts_key_pressed, efn:cooldown_2] for efn:mortal_blade
[27Aug2026 11:17:00.946] [main/INFO] [epicfight/]: Data keys [invincible:left, efn:energy_check, efn:cooldown_1, efn:pressing_key2, efn:pressing_key1, efn:key1_press_timer, invincible:down, efn:cooldown, efn:was_long_pressed, efn:down_key, efn:demon_key, efn:charge_stage, invincible:right, invincible:cooldown, efn:press_doppelganger, efn:press_key4, efn:guard_key, efn:pressing_innate, efn:key2_press_timer, efn:sprint_key, efn:press_key3, efn:arts_key, efn:press_summon_sword, efn:jump_key, invincible:dodge_success_timer, efn:is_pressing, efn:key3_press_timer, efn:innate_press_timer, efn:charge_message, efn:force_release, efn:pressing_key3, efn:up_key, efn:doppelganger_delay, efn:full_charge_message, efn:doppelganger_style, efn:press_innate, efn:cooldown_2, efn:press_key2, efn:doppelganger_tick, efn:angel_key, efn:sneak_key, efn:charge_ticks, invincible:parry_timer, efn:press_key1, efn:have_doppelganger, efn:key4_press_timer, efn:is_charging, invincible:up, efn:charge_power, efn:arts_key_pressed, efn:pressing_key4, efn:combo_counter] for efn:yamato
[27Aug2026 11:17:00.946] [main/INFO] [epicfight/]: Data keys [efn:doppelganger_delay, efn:stun_cooldown, efn:doppelganger_tick, efn:doppelganger_style, efn:have_doppelganger, efn:parry_cooldown] for efn:yamato_passive
[27Aug2026 11:17:00.946] [main/INFO] [epicfight/]: Data keys [invincible:left, efn:energy_check, efn:cooldown_1, efn:pressing_key2, efn:damage_history, efn:pressing_key1, efn:key1_press_timer, invincible:down, efn:cooldown, efn:was_long_pressed, efn:down_key, efn:demon_key, efn:charge_stage, invincible:right, invincible:cooldown, efn:is_replay_damage, efn:press_key4, efn:guard_key, efn:pressing_innate, efn:key2_press_timer, efn:sprint_key, efn:press_key3, efn:arts_key, efn:press_summon_sword, efn:jump_key, invincible:dodge_success_timer, efn:is_pressing, efn:key3_press_timer, efn:innate_press_timer, efn:charge_message, efn:force_release, efn:pressing_key3, efn:up_key, efn:full_charge_message, efn:press_innate, efn:cooldown_2, efn:press_key2, efn:angel_key, efn:sneak_key, efn:charge_ticks, efn:replay_enhanced, invincible:parry_timer, efn:press_key1, efn:key4_press_timer, efn:is_charging, invincible:up, efn:charge_power, efn:arts_key_pressed, efn:pressing_key4, efn:combo_counter] for efn:shortsword
[27Aug2026 11:17:00.947] [main/INFO] [epicfight/]: Data keys [efn:up_key, invincible:left, efn:energy_check, efn:cooldown_1, efn:pressing_key2, efn:pressing_key1, efn:key1_press_timer, invincible:down, efn:cooldown, efn:full_charge_message, efn:was_long_pressed, efn:down_key, efn:press_innate, efn:cooldown_2, efn:demon_key, efn:charge_stage, invincible:right, invincible:cooldown, efn:press_key2, efn:angel_key, efn:sneak_key, efn:press_key4, efn:guard_key, efn:charge_ticks, efn:pressing_innate, efn:key2_press_timer, efn:sprint_key, invincible:parry_timer, efn:press_key3, efn:arts_key, efn:press_key1, efn:press_summon_sword, efn:jump_key, invincible:dodge_success_timer, efn:is_pressing, efn:key4_press_timer, efn:is_charging, efn:key3_press_timer, efn:innate_press_timer, efn:charge_message, invincible:up, efn:charge_power, efn:arts_key_pressed, efn:pressing_key4, efn:force_release, efn:combo_counter, efn:pressing_key3] for efn:ruinsgreatsword
[27Aug2026 11:17:00.947] [main/INFO] [epicfight/]: Data keys [efn:up_key, invincible:left, efn:energy_check, efn:cooldown_1, efn:pressing_key2, efn:pressing_key1, efn:key1_press_timer, invincible:down, efn:cooldown, efn:full_charge_message, efn:was_long_pressed, efn:down_key, efn:press_innate, efn:cooldown_2, efn:demon_key, efn:charge_stage, invincible:right, invincible:cooldown, efn:press_key2, efn:angel_key, efn:sneak_key, efn:press_key4, efn:guard_key, efn:charge_ticks, efn:pressing_innate, efn:key2_press_timer, efn:sprint_key, invincible:parry_timer, efn:press_key3, efn:arts_key, efn:press_key1, efn:press_summon_sword, efn:jump_key, invincible:dodge_success_timer, efn:is_pressing, efn:key4_press_timer, efn:is_charging, efn:key3_press_timer, efn:innate_press_timer, efn:charge_message, invincible:up, efn:charge_power, efn:arts_key_pressed, efn:pressing_key4, efn:force_release, efn:combo_counter, efn:pressing_key3] for efn:pioneer
[27Aug2026 11:17:00.947] [main/INFO] [epicfight/]: Data keys [invincible:left, efn:energy_check, efn:cooldown_1, efn:pressing_key2, efn:pressing_key1, efn:key1_press_timer, invincible:down, efn:cooldown, efn:murasama_zansetsu_input_mode, efn:was_long_pressed, efn:down_key, efn:demon_key, efn:charge_stage, invincible:right, invincible:cooldown, efn:murasama_input_mode_switch_pressed, efn:murasama_zansetsu_end_time, efn:sprint_sheath_timer, efn:press_key4, efn:murasama_key_right_down, efn:guard_key, efn:pressing_innate, efn:key2_press_timer, efn:murasama_sheath_timer, efn:sprint_key, efn:press_key3, efn:murasama_zansetsu_start_time, efn:arts_key, efn:press_summon_sword, efn:murasama_zansetsu_timer, efn:jump_key, efn:murasama_sheath, invincible:dodge_success_timer, efn:murasama_forward_dodge, efn:is_pressing, efn:key3_press_timer, efn:murasama_zansetsu_attack_counter, efn:innate_press_timer, efn:charge_message, efn:force_release, efn:pressing_key3, efn:up_key, efn:full_charge_message, efn:manual_unsheath, efn:press_innate, efn:murasama_zandatsu_start_time, efn:cooldown_2, efn:murasama_zandatsu_end_time, efn:press_key2, efn:angel_key, efn:murasama_zansetsu_sector, efn:sneak_key, efn:charge_ticks, invincible:parry_timer, efn:murasama_zansetsu_slash_release, efn:press_key1, efn:murasama_left_mouse_pressed, efn:murasama_zandatsu_available, efn:key4_press_timer, efn:is_charging, invincible:up, efn:murasama_air_borne, efn:murasama_pair_flag, efn:murasama_key_left_down, efn:murasama_opposite_triggered, efn:charge_power, efn:murasama_last_triggered_sector, efn:arts_key_pressed, efn:murasama_zansetsu_active, efn:pressing_key4, efn:combo_counter] for efn:murasama
[27Aug2026 11:17:00.947] [main/INFO] [epicfight/]: Data keys [efn:backward_pressed_last_tick, efn:jump_count, efn:murasama_zansetsu_input_mode, efn:manual_unsheath, efn:up_key_pressed_last_tick, efn:murasama_zandatsu_start_time, efn:is_double_tap_sprint, efn:murasama_zandatsu_end_time, efn:forward_backward_timer, efn:murasama_input_mode_switch_pressed, efn:murasama_zansetsu_end_time, efn:murasama_zansetsu_sector, efn:sprint_sheath_timer, efn:murasama_key_right_down, efn:jump_key_pressed_last_tick, efn:forward_backward_remaining_ticks, efn:murasama_sheath_timer, efn:murasama_zansetsu_start_time, efn:murasama_zansetsu_slash_release, efn:forward_backward_window_active, efn:murasama_left_mouse_pressed, efn:murasama_zansetsu_timer, efn:double_tap_timer, efn:forward_backward_success, efn:murasama_sheath, efn:murasama_zandatsu_available, efn:murasama_forward_dodge, efn:forward_pressed_last_tick, efn:forward_backward_end_tick, efn:murasama_zansetsu_attack_counter, efn:was_double_tap_sprint, efn:murasama_pair_flag, efn:murasama_key_left_down, efn:murasama_opposite_triggered, efn:murasama_last_triggered_sector, efn:murasama_zansetsu_active] for efn:murasama_passive
[27Aug2026 11:17:00.947] [main/INFO] [epicfight/]: Data keys [efn:up_key, invincible:left, efn:energy_check, efn:cooldown_1, efn:pressing_key2, efn:pressing_key1, efn:key1_press_timer, invincible:down, efn:cooldown, efn:full_charge_message, efn:was_long_pressed, efn:down_key, efn:press_innate, efn:cooldown_2, efn:demon_key, efn:charge_stage, invincible:right, invincible:cooldown, efn:press_key2, efn:angel_key, efn:sneak_key, efn:press_key4, efn:guard_key, efn:charge_ticks, efn:pressing_innate, efn:key2_press_timer, efn:sprint_key, invincible:parry_timer, efn:press_key3, efn:arts_key, efn:press_key1, efn:press_summon_sword, efn:jump_key, invincible:dodge_success_timer, efn:is_pressing, efn:key4_press_timer, efn:is_charging, efn:key3_press_timer, efn:innate_press_timer, efn:charge_message, invincible:up, efn:charge_power, efn:arts_key_pressed, efn:pressing_key4, efn:force_release, efn:combo_counter, efn:pressing_key3] for efn:meenlance
[27Aug2026 11:17:00.949] [main/INFO] [epicfight/]: Data keys [efn:up_key, invincible:left, efn:energy_check, efn:cooldown_1, efn:pressing_key2, efn:pressing_key1, efn:key1_press_timer, invincible:down, efn:cooldown, efn:full_charge_message, efn:was_long_pressed, efn:down_key, efn:press_innate, efn:cooldown_2, efn:demon_key, efn:charge_stage, invincible:right, invincible:cooldown, efn:press_key2, efn:angel_key, efn:sneak_key, efn:press_key4, efn:guard_key, efn:charge_ticks, efn:pressing_innate, efn:key2_press_timer, efn:sprint_key, invincible:parry_timer, efn:press_key3, efn:arts_key, efn:press_key1, efn:press_summon_sword, efn:jump_key, invincible:dodge_success_timer, efn:is_pressing, efn:key4_press_timer, efn:is_charging, efn:key3_press_timer, efn:innate_press_timer, efn:charge_message, invincible:up, efn:charge_power, efn:arts_key_pressed, efn:pressing_key4, efn:force_release, efn:combo_counter, efn:pressing_key3] for efn:kusabimaru
[27Aug2026 11:17:00.949] [main/INFO] [epicfight/]: Data keys [invincible:left, efn:energy_check, efn:cooldown_1, efn:pressing_key2, efn:pressing_key1, efn:key1_press_timer, invincible:down, efn:cooldown, efn:murasama_zansetsu_input_mode, efn:was_long_pressed, efn:down_key, efn:demon_key, efn:charge_stage, invincible:right, invincible:cooldown, efn:murasama_input_mode_switch_pressed, efn:murasama_zansetsu_end_time, efn:sprint_sheath_timer, efn:press_key4, efn:murasama_key_right_down, efn:guard_key, efn:pressing_innate, efn:key2_press_timer, efn:murasama_sheath_timer, efn:sprint_key, efn:press_key3, efn:murasama_zansetsu_start_time, efn:arts_key, efn:press_summon_sword, efn:murasama_zansetsu_timer, efn:jump_key, efn:murasama_sheath, invincible:dodge_success_timer, efn:murasama_forward_dodge, efn:is_pressing, efn:key3_press_timer, efn:murasama_zansetsu_attack_counter, efn:innate_press_timer, efn:charge_message, efn:force_release, efn:pressing_key3, efn:up_key, efn:full_charge_message, efn:manual_unsheath, efn:press_innate, efn:murasama_zandatsu_start_time, efn:cooldown_2, efn:murasama_zandatsu_end_time, efn:press_key2, efn:angel_key, efn:murasama_zansetsu_sector, efn:sneak_key, efn:charge_ticks, invincible:parry_timer, efn:murasama_zansetsu_slash_release, efn:press_key1, efn:murasama_left_mouse_pressed, efn:murasama_zandatsu_available, efn:key4_press_timer, efn:is_charging, invincible:up, efn:murasama_air_borne, efn:murasama_pair_flag, efn:murasama_key_left_down, efn:murasama_opposite_triggered, efn:charge_power, efn:murasama_last_triggered_sector, efn:arts_key_pressed, efn:murasama_zansetsu_active, efn:pressing_key4, efn:combo_counter] for efn:hf_blade
[27Aug2026 11:17:00.949] [main/INFO] [epicfight/]: Data keys [efn:backward_pressed_last_tick, efn:jump_count, efn:murasama_zansetsu_input_mode, efn:manual_unsheath, efn:up_key_pressed_last_tick, efn:murasama_zandatsu_start_time, efn:is_double_tap_sprint, efn:murasama_zandatsu_end_time, efn:forward_backward_timer, efn:murasama_input_mode_switch_pressed, efn:murasama_zansetsu_end_time, efn:murasama_zansetsu_sector, efn:sprint_sheath_timer, efn:murasama_key_right_down, efn:jump_key_pressed_last_tick, efn:forward_backward_remaining_ticks, efn:murasama_sheath_timer, efn:murasama_zansetsu_start_time, efn:murasama_zansetsu_slash_release, efn:forward_backward_window_active, efn:murasama_left_mouse_pressed, efn:murasama_zansetsu_timer, efn:double_tap_timer, efn:forward_backward_success, efn:murasama_sheath, efn:murasama_zandatsu_available, efn:murasama_forward_dodge, efn:forward_pressed_last_tick, efn:forward_backward_end_tick, efn:murasama_zansetsu_attack_counter, efn:was_double_tap_sprint, efn:murasama_pair_flag, efn:murasama_key_left_down, efn:murasama_opposite_triggered, efn:murasama_last_triggered_sector, efn:murasama_zansetsu_active] for efn:hf_blade_passive
[27Aug2026 11:17:00.949] [main/INFO] [epicfight/]: Data keys [efn:up_key, invincible:left, efn:energy_check, efn:cooldown_1, efn:pressing_key2, efn:pressing_key1, efn:key1_press_timer, invincible:down, efn:cooldown, efn:full_charge_message, efn:was_long_pressed, efn:down_key, efn:press_innate, efn:cooldown_2, efn:demon_key, efn:charge_stage, invincible:right, invincible:cooldown, efn:press_key2, efn:angel_key, efn:sneak_key, efn:press_key4, efn:guard_key, efn:charge_ticks, efn:pressing_innate, efn:key2_press_timer, efn:sprint_key, invincible:parry_timer, efn:press_key3, efn:arts_key, efn:press_key1, efn:press_summon_sword, efn:jump_key, invincible:dodge_success_timer, efn:is_pressing, efn:key4_press_timer, efn:is_charging, efn:key3_press_timer, efn:innate_press_timer, efn:charge_message, invincible:up, efn:charge_power, efn:arts_key_pressed, efn:pressing_key4, efn:force_release, efn:combo_counter, efn:pressing_key3] for efn:exsiliumgladius
[27Aug2026 11:17:00.950] [main/INFO] [epicfight/]: Data keys [invincible:left, invincible:right, invincible:parry_timer, invincible:up, invincible:down, invincible:cooldown, invincible:dodge_success_timer] for efn:examplecombo
[27Aug2026 11:17:00.950] [main/INFO] [epicfight/]: Data keys [efn:up_key, invincible:left, efn:energy_check, efn:cooldown_1, efn:pressing_key2, efn:pressing_key1, efn:key1_press_timer, invincible:down, efn:cooldown, efn:full_charge_message, efn:was_long_pressed, efn:down_key, efn:press_innate, efn:cooldown_2, efn:demon_key, efn:charge_stage, invincible:right, invincible:cooldown, efn:press_key2, efn:angel_key, efn:sneak_key, efn:press_key4, efn:guard_key, efn:charge_ticks, efn:pressing_innate, efn:key2_press_timer, efn:sprint_key, invincible:parry_timer, efn:press_key3, efn:arts_key, efn:press_key1, efn:press_summon_sword, efn:jump_key, invincible:dodge_success_timer, efn:is_pressing, efn:key4_press_timer, efn:is_charging, efn:key3_press_timer, efn:innate_press_timer, efn:charge_message, invincible:up, efn:charge_power, efn:arts_key_pressed, efn:pressing_key4, efn:force_release, efn:combo_counter, efn:pressing_key3] for efn:crescentmoon
[27Aug2026 11:17:00.950] [main/INFO] [epicfight/]: Data keys [efn:up_key, invincible:left, efn:energy_check, efn:cooldown_1, efn:pressing_key2, efn:pressing_key1, efn:key1_press_timer, invincible:down, efn:cooldown, efn:full_charge_message, efn:was_long_pressed, efn:down_key, efn:press_innate, efn:cooldown_2, efn:demon_key, efn:charge_stage, invincible:right, invincible:cooldown, efn:press_key2, efn:angel_key, efn:sneak_key, efn:press_key4, efn:guard_key, efn:charge_ticks, efn:pressing_innate, efn:key2_press_timer, efn:sprint_key, invincible:parry_timer, efn:press_key3, efn:arts_key, efn:press_key1, efn:press_summon_sword, efn:jump_key, invincible:dodge_success_timer, efn:is_pressing, efn:key4_press_timer, efn:is_charging, efn:key3_press_timer, efn:innate_press_timer, efn:charge_message, invincible:up, efn:charge_power, efn:arts_key_pressed, efn:pressing_key4, efn:force_release, efn:combo_counter, efn:pressing_key3] for efn:broadblade
[27Aug2026 11:17:00.950] [main/INFO] [epicfight/]: Data keys [efn:up_key, invincible:left, efn:energy_check, efn:cooldown_1, efn:pressing_key2, efn:pressing_key1, efn:key1_press_timer, invincible:down, efn:cooldown, efn:full_charge_message, efn:was_long_pressed, efn:down_key, efn:press_innate, efn:cooldown_2, efn:demon_key, efn:charge_stage, invincible:right, invincible:cooldown, efn:press_key2, efn:angel_key, efn:sneak_key, efn:press_key4, efn:guard_key, efn:charge_ticks, efn:pressing_innate, efn:key2_press_timer, efn:sprint_key, invincible:parry_timer, efn:press_key3, efn:arts_key, efn:press_key1, efn:press_summon_sword, efn:jump_key, invincible:dodge_success_timer, efn:is_pressing, efn:key4_press_timer, efn:is_charging, efn:key3_press_timer, efn:innate_press_timer, efn:charge_message, invincible:up, efn:charge_power, efn:arts_key_pressed, efn:pressing_key4, efn:force_release, efn:combo_counter, efn:pressing_key3] for efn:bloodlust
[27Aug2026 11:17:00.950] [main/INFO] [epicfight/]: Data keys [efn:up_key, invincible:left, efn:energy_check, efn:cooldown_1, efn:pressing_key2, efn:pressing_key1, efn:key1_press_timer, invincible:down, efn:cooldown, efn:full_charge_message, efn:was_long_pressed, efn:down_key, efn:press_innate, efn:cooldown_2, efn:demon_key, efn:charge_stage, invincible:right, invincible:cooldown, efn:press_key2, efn:angel_key, efn:sneak_key, efn:press_key4, efn:guard_key, efn:charge_ticks, efn:pressing_innate, efn:key2_press_timer, efn:sprint_key, invincible:parry_timer, efn:press_key3, efn:arts_key, efn:press_key1, efn:press_summon_sword, efn:jump_key, invincible:dodge_success_timer, efn:is_pressing, efn:key4_press_timer, efn:is_charging, efn:key3_press_timer, efn:innate_press_timer, efn:charge_message, invincible:up, efn:charge_power, efn:arts_key_pressed, efn:pressing_key4, efn:force_release, efn:combo_counter, efn:pressing_key3] for efn:beastclaw
[27Aug2026 11:17:00.951] [main/INFO] [epicfight/]: Data keys [efn:up_key, invincible:left, efn:energy_check, efn:cooldown_1, efn:pressing_key2, efn:pressing_key1, efn:key1_press_timer, invincible:down, efn:cooldown, efn:full_charge_message, efn:was_long_pressed, efn:down_key, efn:press_innate, efn:cooldown_2, efn:demon_key, efn:charge_stage, invincible:right, invincible:cooldown, efn:press_key2, efn:angel_key, efn:sneak_key, efn:press_key4, efn:guard_key, efn:charge_ticks, efn:pressing_innate, efn:key2_press_timer, efn:sprint_key, invincible:parry_timer, efn:press_key3, efn:arts_key, efn:press_key1, efn:press_summon_sword, efn:jump_key, invincible:dodge_success_timer, efn:is_pressing, efn:key4_press_timer, efn:is_charging, efn:key3_press_timer, efn:innate_press_timer, efn:charge_message, invincible:up, efn:charge_power, efn:arts_key_pressed, efn:pressing_key4, efn:force_release, efn:combo_counter, efn:pressing_key3] for efn:aetherialdusk
[27Aug2026 11:17:00.951] [main/INFO] [epicfight/]: Data keys [dodge_parry_reward:delay_timer] for tcrcore:regen_mana
[27Aug2026 11:17:01.055] [main/WARN] [net.minecraft.server.packs.VanillaPackResourcesBuilder/]: Assets URL 'union:/workspaces/laughing-guacamole/servidor_minecraft/libraries/net/minecraft/server/1.20.1-20230612.114412/server-1.20.1-20230612.114412-srg.jar%23424!/assets/.mcassetsroot' uses unexpected schema
[27Aug2026 11:17:01.055] [main/WARN] [net.minecraft.server.packs.VanillaPackResourcesBuilder/]: Assets URL 'union:/workspaces/laughing-guacamole/servidor_minecraft/libraries/net/minecraft/server/1.20.1-20230612.114412/server-1.20.1-20230612.114412-srg.jar%23424!/data/.mcassetsroot' uses unexpected schema
[27Aug2026 11:17:01.135] [main/INFO] [settingdust.lazyyyyy.LazyyyyyMixinCanceller/]: Disabled ModernFix perf.resourcepacks
[27Aug2026 11:17:01.135] [main/WARN] [mixinsquared-canceller/]: Cancelled mixin org.embeddedt.modernfix.common.mixin.perf.resourcepacks.ForgePathPackResourcesMixin. Check debug logs for more information.
[27Aug2026 11:17:01.246] [main/INFO] [Moonlight/]: Starting runtime resource generation for pack type SERVER_DATA with generators from mods [supplementaries]: [net.mehvahdjukaar.supplementaries.dynamicpack.ServerDynamicResourcesGenerator@348af4a9]
[27Aug2026 11:17:01.247] [main/INFO] [Moonlight/]: Generating runtime assets for pack Supplementaries Generated Pack (supplementaries)
[27Aug2026 11:17:01.293] [main/INFO] [Supplementaries/]: Generated runtime SERVER_DATA for pack Supplementaries Generated Pack (supplementaries) in: 45 ms (multithreaded)
[27Aug2026 11:17:01.293] [main/INFO] [Moonlight/]: Finished runtime resources generation for 1 packs in a total of 46 ms
[27Aug2026 11:17:03.831] [main/INFO] [bountiful/]: Adding serverside commands..
[27Aug2026 11:17:03.966] [main/INFO] [com.github.alexthe666.alexsmobs.AlexsMobs/]: Adding datapack listener capsid_recipes
[27Aug2026 11:17:04.157] [Worker-Main-2/ERROR] [net.minecraft.tags.TagLoader/]: Not a valid resource location: regions_unexplored:regions_unexplored:rocky_meadow Non [a-z0-9/._-] character in path of location: regions_unexplored:regions_unexplored:rocky_meadow; Not a valid resource location: regions_unexplored:regions_unexplored:shrubland Non [a-z0-9/._-] character in path of location: regions_unexplored:regions_unexplored:shrubland
[27Aug2026 11:17:04.158] [Worker-Main-2/ERROR] [net.minecraft.tags.TagLoader/]: Couldn't read tag list minecraft:village_plains from minecraft:tags/worldgen/biome/village_plains.json in data pack tcr_data
java.lang.RuntimeException: Not a valid resource location: regions_unexplored:regions_unexplored:rocky_meadow Non [a-z0-9/._-] character in path of location: regions_unexplored:regions_unexplored:rocky_meadow; Not a valid resource location: regions_unexplored:regions_unexplored:shrubland Non [a-z0-9/._-] character in path of location: regions_unexplored:regions_unexplored:shrubland
	at com.mojang.serialization.DataResult.lambda$getOrThrow$5(DataResult.java:101) ~[datafixerupper-6.0.8.jar%2377!/:?]
	at com.mojang.datafixers.util.Either$Right.map(Either.java:99) ~[datafixerupper-6.0.8.jar%2377!/:?]
	at com.mojang.serialization.DataResult.getOrThrow(DataResult.java:93) ~[datafixerupper-6.0.8.jar%2377!/:?]
	at net.minecraft.tags.TagLoader.m_144495_(TagLoader.java:53) ~[server-1.20.1-20230612.114412-srg.jar%23424!/:?]
	at net.minecraft.tags.TagLoader.m_203900_(TagLoader.java:114) ~[server-1.20.1-20230612.114412-srg.jar%23424!/:?]
	at net.minecraft.tags.TagManager.m_203920_(TagManager.java:55) ~[server-1.20.1-20230612.114412-srg.jar%23424!/:?]
	at java.util.concurrent.CompletableFuture$AsyncSupply.run(CompletableFuture.java:1768) ~[?:?]
	at java.util.concurrent.CompletableFuture$AsyncSupply.exec(CompletableFuture.java:1760) ~[?:?]
	at java.util.concurrent.ForkJoinTask.doExec(ForkJoinTask.java:373) ~[?:?]
	at java.util.concurrent.ForkJoinPool$WorkQueue.topLevelExec(ForkJoinPool.java:1182) ~[?:?]
	at java.util.concurrent.ForkJoinPool.scan(ForkJoinPool.java:1655) ~[?:?]
	at java.util.concurrent.ForkJoinPool.runWorker(ForkJoinPool.java:1622) ~[?:?]
	at java.util.concurrent.ForkJoinWorkerThread.run(ForkJoinWorkerThread.java:165) ~[?:?]
[27Aug2026 11:17:04.161] [Worker-Main-2/ERROR] [net.minecraft.tags.TagLoader/]: Couldn't read tag list minecraft:village_snowy from minecraft:tags/worldgen/biome/village_snowy.json in data pack tcr_data
com.google.gson.JsonSyntaxException: com.google.gson.stream.MalformedJsonException: Expected ':' at line 8 column 8 path $.values[3].o
	at com.google.gson.internal.Streams.parse(Streams.java:61) ~[gson-2.10.jar%2372!/:?]
	at com.google.gson.JsonParser.parseReader(JsonParser.java:102) ~[gson-2.10.jar%2372!/:?]
	at com.google.gson.JsonParser.parseReader(JsonParser.java:70) ~[gson-2.10.jar%2372!/:?]
	at net.minecraft.tags.TagLoader.m_144495_(TagLoader.java:49) ~[server-1.20.1-20230612.114412-srg.jar%23424!/:?]
	at net.minecraft.tags.TagLoader.m_203900_(TagLoader.java:114) ~[server-1.20.1-20230612.114412-srg.jar%23424!/:?]
	at net.minecraft.tags.TagManager.m_203920_(TagManager.java:55) ~[server-1.20.1-20230612.114412-srg.jar%23424!/:?]
	at java.util.concurrent.CompletableFuture$AsyncSupply.run(CompletableFuture.java:1768) ~[?:?]
	at java.util.concurrent.CompletableFuture$AsyncSupply.exec(CompletableFuture.java:1760) ~[?:?]
	at java.util.concurrent.ForkJoinTask.doExec(ForkJoinTask.java:373) ~[?:?]
	at java.util.concurrent.ForkJoinPool$WorkQueue.topLevelExec(ForkJoinPool.java:1182) ~[?:?]
	at java.util.concurrent.ForkJoinPool.scan(ForkJoinPool.java:1655) ~[?:?]
	at java.util.concurrent.ForkJoinPool.runWorker(ForkJoinPool.java:1622) ~[?:?]
	at java.util.concurrent.ForkJoinWorkerThread.run(ForkJoinWorkerThread.java:165) ~[?:?]
Caused by: com.google.gson.stream.MalformedJsonException: Expected ':' at line 8 column 8 path $.values[3].o
	at com.google.gson.stream.JsonReader.syntaxError(JsonReader.java:1657) ~[gson-2.10.jar%2372!/:?]
	at com.google.gson.stream.JsonReader.doPeek(JsonReader.java:539) ~[gson-2.10.jar%2372!/:?]
	at com.google.gson.stream.JsonReader.peek(JsonReader.java:433) ~[gson-2.10.jar%2372!/:?]
	at com.google.gson.internal.bind.TypeAdapters$28.read(TypeAdapters.java:786) ~[gson-2.10.jar%2372!/:?]
	at com.google.gson.internal.bind.TypeAdapters$28.read(TypeAdapters.java:725) ~[gson-2.10.jar%2372!/:?]
	at com.google.gson.internal.Streams.parse(Streams.java:49) ~[gson-2.10.jar%2372!/:?]
	... 12 more
[27Aug2026 11:17:04.201] [Worker-Main-2/ERROR] [net.minecraft.tags.TagLoader/]: Couldn't load tag integrated_villages:has_structure/airship_village_biomes as it is missing following references: #integrated_villages:collections/end_voids (from structure_set_control)
[27Aug2026 11:17:04.217] [Worker-Main-1/ERROR] [net.minecraft.tags.TagLoader/]: Couldn't load tag tcrcore:respawnable as it is missing following references: nightfall_invade:gate_of_disaster (from tcrcore-2.8.7.jar)
[27Aug2026 11:17:04.323] [Worker-Main-3/ERROR] [net.minecraft.tags.TagLoader/]: Couldn't load tag minecraft:deep_dark as it is missing following references: #apotheosis:sculk (from tcr_data), 
	#apotheosis:deep_dark (from tcr_data)
[27Aug2026 11:17:04.832] [Worker-Main-3/ERROR] [net.minecraft.server.packs.resources.SimpleJsonResourceReloadListener/]: Couldn't parse data file cataclysm_spellbooks:abyss_spell_book from cataclysm_spellbooks:recipes/abyss_spell_book.json
com.google.gson.JsonParseException: java.io.EOFException: End of input at line 1 column 1 path $
	at net.minecraft.util.GsonHelper.m_13780_(GsonHelper.java:526) ~[server-1.20.1-20230612.114412-srg.jar%23424!/:?]
	at net.minecraft.util.GsonHelper.m_263475_(GsonHelper.java:531) ~[server-1.20.1-20230612.114412-srg.jar%23424!/:?]
	at net.minecraft.util.GsonHelper.m_13776_(GsonHelper.java:581) ~[server-1.20.1-20230612.114412-srg.jar%23424!/:?]
	at net.minecraft.server.packs.resources.SimpleJsonResourceReloadListener.m_278771_(SimpleJsonResourceReloadListener.java:41) ~[server-1.20.1-20230612.114412-srg.jar%23424!/:?]
	at net.minecraft.server.packs.resources.SimpleJsonResourceReloadListener.m_5944_(SimpleJsonResourceReloadListener.java:29) ~[server-1.20.1-20230612.114412-srg.jar%23424!/:?]
	at net.minecraft.server.packs.resources.SimpleJsonResourceReloadListener.m_5944_(SimpleJsonResourceReloadListener.java:17) ~[server-1.20.1-20230612.114412-srg.jar%23424!/:?]
	at net.minecraft.server.packs.resources.SimplePreparableReloadListener.m_10786_(SimplePreparableReloadListener.java:11) ~[server-1.20.1-20230612.114412-srg.jar%23424!/:?]
	at java.util.concurrent.CompletableFuture$AsyncSupply.run(CompletableFuture.java:1768) ~[?:?]
	at java.util.concurrent.CompletableFuture$AsyncSupply.exec(CompletableFuture.java:1760) ~[?:?]
	at java.util.concurrent.ForkJoinTask.doExec(ForkJoinTask.java:373) ~[?:?]
	at java.util.concurrent.ForkJoinPool$WorkQueue.topLevelExec(ForkJoinPool.java:1182) ~[?:?]
	at java.util.concurrent.ForkJoinPool.scan(ForkJoinPool.java:1655) ~[?:?]
	at java.util.concurrent.ForkJoinPool.runWorker(ForkJoinPool.java:1622) ~[?:?]
	at java.util.concurrent.ForkJoinWorkerThread.run(ForkJoinWorkerThread.java:165) ~[?:?]
Caused by: java.io.EOFException: End of input at line 1 column 1 path $
	at com.google.gson.stream.JsonReader.nextNonWhitespace(JsonReader.java:1455) ~[gson-2.10.jar%2372!/:?]
	at com.google.gson.stream.JsonReader.doPeek(JsonReader.java:558) ~[gson-2.10.jar%2372!/:?]
	at com.google.gson.stream.JsonReader.peek(JsonReader.java:433) ~[gson-2.10.jar%2372!/:?]
	at com.google.gson.internal.bind.TypeAdapters$28.read(TypeAdapters.java:769) ~[gson-2.10.jar%2372!/:?]
	at com.google.gson.internal.bind.TypeAdapters$28.read(TypeAdapters.java:725) ~[gson-2.10.jar%2372!/:?]
	at com.google.gson.internal.bind.TypeAdapters$34$1.read(TypeAdapters.java:1007) ~[gson-2.10.jar%2372!/:?]
	at net.minecraft.util.GsonHelper.m_13780_(GsonHelper.java:524) ~[server-1.20.1-20230612.114412-srg.jar%23424!/:?]
	... 13 more
[27Aug2026 11:17:04.840] [Worker-Main-3/ERROR] [net.minecraft.server.packs.resources.SimpleJsonResourceReloadListener/]: Couldn't parse data file efn:air_tachi from efn:recipes/air_tachi.json
com.google.gson.JsonParseException: java.io.EOFException: End of input at line 1 column 1 path $
	at net.minecraft.util.GsonHelper.m_13780_(GsonHelper.java:526) ~[server-1.20.1-20230612.114412-srg.jar%23424!/:?]
	at net.minecraft.util.GsonHelper.m_263475_(GsonHelper.java:531) ~[server-1.20.1-20230612.114412-srg.jar%23424!/:?]
	at net.minecraft.util.GsonHelper.m_13776_(GsonHelper.java:581) ~[server-1.20.1-20230612.114412-srg.jar%23424!/:?]
	at net.minecraft.server.packs.resources.SimpleJsonResourceReloadListener.m_278771_(SimpleJsonResourceReloadListener.java:41) ~[server-1.20.1-20230612.114412-srg.jar%23424!/:?]
	at net.minecraft.server.packs.resources.SimpleJsonResourceReloadListener.m_5944_(SimpleJsonResourceReloadListener.java:29) ~[server-1.20.1-20230612.114412-srg.jar%23424!/:?]
	at net.minecraft.server.packs.resources.SimpleJsonResourceReloadListener.m_5944_(SimpleJsonResourceReloadListener.java:17) ~[server-1.20.1-20230612.114412-srg.jar%23424!/:?]
	at net.minecraft.server.packs.resources.SimplePreparableReloadListener.m_10786_(SimplePreparableReloadListener.java:11) ~[server-1.20.1-20230612.114412-srg.jar%23424!/:?]
	at java.util.concurrent.CompletableFuture$AsyncSupply.run(CompletableFuture.java:1768) ~[?:?]
	at java.util.concurrent.CompletableFuture$AsyncSupply.exec(CompletableFuture.java:1760) ~[?:?]
	at java.util.concurrent.ForkJoinTask.doExec(ForkJoinTask.java:373) ~[?:?]
	at java.util.concurrent.ForkJoinPool$WorkQueue.topLevelExec(ForkJoinPool.java:1182) ~[?:?]
	at java.util.concurrent.ForkJoinPool.scan(ForkJoinPool.java:1655) ~[?:?]
	at java.util.concurrent.ForkJoinPool.runWorker(ForkJoinPool.java:1622) ~[?:?]
	at java.util.concurrent.ForkJoinWorkerThread.run(ForkJoinWorkerThread.java:165) ~[?:?]
Caused by: java.io.EOFException: End of input at line 1 column 1 path $
	at com.google.gson.stream.JsonReader.nextNonWhitespace(JsonReader.java:1455) ~[gson-2.10.jar%2372!/:?]
	at com.google.gson.stream.JsonReader.doPeek(JsonReader.java:558) ~[gson-2.10.jar%2372!/:?]
	at com.google.gson.stream.JsonReader.peek(JsonReader.java:433) ~[gson-2.10.jar%2372!/:?]
	at com.google.gson.internal.bind.TypeAdapters$28.read(TypeAdapters.java:769) ~[gson-2.10.jar%2372!/:?]
	at com.google.gson.internal.bind.TypeAdapters$28.read(TypeAdapters.java:725) ~[gson-2.10.jar%2372!/:?]
	at com.google.gson.internal.bind.TypeAdapters$34$1.read(TypeAdapters.java:1007) ~[gson-2.10.jar%2372!/:?]
	at net.minecraft.util.GsonHelper.m_13780_(GsonHelper.java:524) ~[server-1.20.1-20230612.114412-srg.jar%23424!/:?]
	... 13 more
[27Aug2026 11:17:04.842] [Worker-Main-3/ERROR] [net.minecraft.server.packs.resources.SimpleJsonResourceReloadListener/]: Couldn't parse data file efn:air_tachi_to_co from efn:recipes/air_tachi_to_co.json
com.google.gson.JsonParseException: java.io.EOFException: End of input at line 1 column 1 path $
	at net.minecraft.util.GsonHelper.m_13780_(GsonHelper.java:526) ~[server-1.20.1-20230612.114412-srg.jar%23424!/:?]
	at net.minecraft.util.GsonHelper.m_263475_(GsonHelper.java:531) ~[server-1.20.1-20230612.114412-srg.jar%23424!/:?]
	at net.minecraft.util.GsonHelper.m_13776_(GsonHelper.java:581) ~[server-1.20.1-20230612.114412-srg.jar%23424!/:?]
	at net.minecraft.server.packs.resources.SimpleJsonResourceReloadListener.m_278771_(SimpleJsonResourceReloadListener.java:41) ~[server-1.20.1-20230612.114412-srg.jar%23424!/:?]
	at net.minecraft.server.packs.resources.SimpleJsonResourceReloadListener.m_5944_(SimpleJsonResourceReloadListener.java:29) ~[server-1.20.1-20230612.114412-srg.jar%23424!/:?]
	at net.minecraft.server.packs.resources.SimpleJsonResourceReloadListener.m_5944_(SimpleJsonResourceReloadListener.java:17) ~[server-1.20.1-20230612.114412-srg.jar%23424!/:?]
	at net.minecraft.server.packs.resources.SimplePreparableReloadListener.m_10786_(SimplePreparableReloadListener.java:11) ~[server-1.20.1-20230612.114412-srg.jar%23424!/:?]
	at java.util.concurrent.CompletableFuture$AsyncSupply.run(CompletableFuture.java:1768) ~[?:?]
	at java.util.concurrent.CompletableFuture$AsyncSupply.exec(CompletableFuture.java:1760) ~[?:?]
	at java.util.concurrent.ForkJoinTask.doExec(ForkJoinTask.java:373) ~[?:?]
	at java.util.concurrent.ForkJoinPool$WorkQueue.topLevelExec(ForkJoinPool.java:1182) ~[?:?]
	at java.util.concurrent.ForkJoinPool.scan(ForkJoinPool.java:1655) ~[?:?]
	at java.util.concurrent.ForkJoinPool.runWorker(ForkJoinPool.java:1622) ~[?:?]
	at java.util.concurrent.ForkJoinWorkerThread.run(ForkJoinWorkerThread.java:165) ~[?:?]
Caused by: java.io.EOFException: End of input at line 1 column 1 path $
	at com.google.gson.stream.JsonReader.nextNonWhitespace(JsonReader.java:1455) ~[gson-2.10.jar%2372!/:?]
	at com.google.gson.stream.JsonReader.doPeek(JsonReader.java:558) ~[gson-2.10.jar%2372!/:?]
	at com.google.gson.stream.JsonReader.peek(JsonReader.java:433) ~[gson-2.10.jar%2372!/:?]
	at com.google.gson.internal.bind.TypeAdapters$28.read(TypeAdapters.java:769) ~[gson-2.10.jar%2372!/:?]
	at com.google.gson.internal.bind.TypeAdapters$28.read(TypeAdapters.java:725) ~[gson-2.10.jar%2372!/:?]
	at com.google.gson.internal.bind.TypeAdapters$34$1.read(TypeAdapters.java:1007) ~[gson-2.10.jar%2372!/:?]
	at net.minecraft.util.GsonHelper.m_13780_(GsonHelper.java:524) ~[server-1.20.1-20230612.114412-srg.jar%23424!/:?]
	... 13 more
[27Aug2026 11:17:04.847] [Worker-Main-3/ERROR] [net.minecraft.server.packs.resources.SimpleJsonResourceReloadListener/]: Couldn't parse data file irons_spellbooks:alchemist_cauldron/brew_oakskin_elixir from irons_spellbooks:recipes/alchemist_cauldron/brew_oakskin_elixir.json
com.google.gson.JsonParseException: java.io.EOFException: End of input at line 1 column 1 path $
	at net.minecraft.util.GsonHelper.m_13780_(GsonHelper.java:526) ~[server-1.20.1-20230612.114412-srg.jar%23424!/:?]
	at net.minecraft.util.GsonHelper.m_263475_(GsonHelper.java:531) ~[server-1.20.1-20230612.114412-srg.jar%23424!/:?]
	at net.minecraft.util.GsonHelper.m_13776_(GsonHelper.java:581) ~[server-1.20.1-20230612.114412-srg.jar%23424!/:?]
	at net.minecraft.server.packs.resources.SimpleJsonResourceReloadListener.m_278771_(SimpleJsonResourceReloadListener.java:41) ~[server-1.20.1-20230612.114412-srg.jar%23424!/:?]
	at net.minecraft.server.packs.resources.SimpleJsonResourceReloadListener.m_5944_(SimpleJsonResourceReloadListener.java:29) ~[server-1.20.1-20230612.114412-srg.jar%23424!/:?]
	at net.minecraft.server.packs.resources.SimpleJsonResourceReloadListener.m_5944_(SimpleJsonResourceReloadListener.java:17) ~[server-1.20.1-20230612.114412-srg.jar%23424!/:?]
	at net.minecraft.server.packs.resources.SimplePreparableReloadListener.m_10786_(SimplePreparableReloadListener.java:11) ~[server-1.20.1-20230612.114412-srg.jar%23424!/:?]
	at java.util.concurrent.CompletableFuture$AsyncSupply.run(CompletableFuture.java:1768) ~[?:?]
	at java.util.concurrent.CompletableFuture$AsyncSupply.exec(CompletableFuture.java:1760) ~[?:?]
	at java.util.concurrent.ForkJoinTask.doExec(ForkJoinTask.java:373) ~[?:?]
	at java.util.concurrent.ForkJoinPool$WorkQueue.topLevelExec(ForkJoinPool.java:1182) ~[?:?]
	at java.util.concurrent.ForkJoinPool.scan(ForkJoinPool.java:1655) ~[?:?]
	at java.util.concurrent.ForkJoinPool.runWorker(ForkJoinPool.java:1622) ~[?:?]
	at java.util.concurrent.ForkJoinWorkerThread.run(ForkJoinWorkerThread.java:165) ~[?:?]
Caused by: java.io.EOFException: End of input at line 1 column 1 path $
	at com.google.gson.stream.JsonReader.nextNonWhitespace(JsonReader.java:1455) ~[gson-2.10.jar%2372!/:?]
	at com.google.gson.stream.JsonReader.doPeek(JsonReader.java:558) ~[gson-2.10.jar%2372!/:?]
	at com.google.gson.stream.JsonReader.peek(JsonReader.java:433) ~[gson-2.10.jar%2372!/:?]
	at com.google.gson.internal.bind.TypeAdapters$28.read(TypeAdapters.java:769) ~[gson-2.10.jar%2372!/:?]
	at com.google.gson.internal.bind.TypeAdapters$28.read(TypeAdapters.java:725) ~[gson-2.10.jar%2372!/:?]
	at com.google.gson.internal.bind.TypeAdapters$34$1.read(TypeAdapters.java:1007) ~[gson-2.10.jar%2372!/:?]
	at net.minecraft.util.GsonHelper.m_13780_(GsonHelper.java:524) ~[server-1.20.1-20230612.114412-srg.jar%23424!/:?]
	... 13 more
[27Aug2026 11:17:04.855] [Worker-Main-3/ERROR] [net.minecraft.server.packs.resources.SimpleJsonResourceReloadListener/]: Couldn't parse data file dodosmobs:amalgam_claws from dodosmobs:recipes/amalgam_claws.json
com.google.gson.JsonParseException: java.io.EOFException: End of input at line 1 column 1 path $
	at net.minecraft.util.GsonHelper.m_13780_(GsonHelper.java:526) ~[server-1.20.1-20230612.114412-srg.jar%23424!/:?]
	at net.minecraft.util.GsonHelper.m_263475_(GsonHelper.java:531) ~[server-1.20.1-20230612.114412-srg.jar%23424!/:?]
	at net.minecraft.util.GsonHelper.m_13776_(GsonHelper.java:581) ~[server-1.20.1-20230612.114412-srg.jar%23424!/:?]
	at net.minecraft.server.packs.resources.SimpleJsonResourceReloadListener.m_278771_(SimpleJsonResourceReloadListener.java:41) ~[server-1.20.1-20230612.114412-srg.jar%23424!/:?]
	at net.minecraft.server.packs.resources.SimpleJsonResourceReloadListener.m_5944_(SimpleJsonResourceReloadListener.java:29) ~[server-1.20.1-20230612.114412-srg.jar%23424!/:?]
	at net.minecraft.server.packs.resources.SimpleJsonResourceReloadListener.m_5944_(SimpleJsonResourceReloadListener.java:17) ~[server-1.20.1-20230612.114412-srg.jar%23424!/:?]
	at net.minecraft.server.packs.resources.SimplePreparableReloadListener.m_10786_(SimplePreparableReloadListener.java:11) ~[server-1.20.1-20230612.114412-srg.jar%23424!/:?]
	at java.util.concurrent.CompletableFuture$AsyncSupply.run(CompletableFuture.java:1768) ~[?:?]
	at java.util.concurrent.CompletableFuture$AsyncSupply.exec(CompletableFuture.java:1760) ~[?:?]
	at java.util.concurrent.ForkJoinTask.doExec(ForkJoinTask.java:373) ~[?:?]
	at java.util.concurrent.ForkJoinPool$WorkQueue.topLevelExec(ForkJoinPool.java:1182) ~[?:?]
	at java.util.concurrent.ForkJoinPool.scan(ForkJoinPool.java:1655) ~[?:?]
	at java.util.concurrent.ForkJoinPool.runWorker(ForkJoinPool.java:1622) ~[?:?]
	at java.util.concurrent.ForkJoinWorkerThread.run(ForkJoinWorkerThread.java:165) ~[?:?]
Caused by: java.io.EOFException: End of input at line 1 column 1 path $
	at com.google.gson.stream.JsonReader.nextNonWhitespace(JsonReader.java:1455) ~[gson-2.10.jar%2372!/:?]
	at com.google.gson.stream.JsonReader.doPeek(JsonReader.java:558) ~[gson-2.10.jar%2372!/:?]
	at com.google.gson.stream.JsonReader.peek(JsonReader.java:433) ~[gson-2.10.jar%2372!/:?]
	at com.google.gson.internal.bind.TypeAdapters$28.read(TypeAdapters.java:769) ~[gson-2.10.jar%2372!/:?]
	at com.google.gson.internal.bind.TypeAdapters$28.read(TypeAdapters.java:725) ~[gson-2.10.jar%2372!/:?]
	at com.google.gson.internal.bind.TypeAdapters$34$1.read(TypeAdapters.java:1007) ~[gson-2.10.jar%2372!/:?]
	at net.minecraft.util.GsonHelper.m_13780_(GsonHelper.java:524) ~[server-1.20.1-20230612.114412-srg.jar%23424!/:?]
	... 13 more
[27Aug2026 11:17:04.861] [Worker-Main-3/ERROR] [net.minecraft.server.packs.resources.SimpleJsonResourceReloadListener/]: Couldn't parse data file irons_spellbooks:amethyst_rapier from irons_spellbooks:recipes/amethyst_rapier.json
com.google.gson.JsonParseException: java.io.EOFException: End of input at line 1 column 1 path $
	at net.minecraft.util.GsonHelper.m_13780_(GsonHelper.java:526) ~[server-1.20.1-20230612.114412-srg.jar%23424!/:?]
	at net.minecraft.util.GsonHelper.m_263475_(GsonHelper.java:531) ~[server-1.20.1-20230612.114412-srg.jar%23424!/:?]
	at net.minecraft.util.GsonHelper.m_13776_(GsonHelper.java:581) ~[server-1.20.1-20230612.114412-srg.jar%23424!/:?]
	at net.minecraft.server.packs.resources.SimpleJsonResourceReloadListener.m_278771_(SimpleJsonResourceReloadListener.java:41) ~[server-1.20.1-20230612.114412-srg.jar%23424!/:?]
	at net.minecraft.server.packs.resources.SimpleJsonResourceReloadListener.m_5944_(SimpleJsonResourceReloadListener.java:29) ~[server-1.20.1-20230612.114412-srg.jar%23424!/:?]
	at net.minecraft.server.packs.resources.SimpleJsonResourceReloadListener.m_5944_(SimpleJsonResourceReloadListener.java:17) ~[server-1.20.1-20230612.114412-srg.jar%23424!/:?]
	at net.minecraft.server.packs.resources.SimplePreparableReloadListener.m_10786_(SimplePreparableReloadListener.java:11) ~[server-1.20.1-20230612.114412-srg.jar%23424!/:?]
	at java.util.concurrent.CompletableFuture$AsyncSupply.run(CompletableFuture.java:1768) ~[?:?]
	at java.util.concurrent.CompletableFuture$AsyncSupply.exec(CompletableFuture.java:1760) ~[?:?]
	at java.util.concurrent.ForkJoinTask.doExec(ForkJoinTask.java:373) ~[?:?]
	at java.util.concurrent.ForkJoinPool$WorkQueue.topLevelExec(ForkJoinPool.java:1182) ~[?:?]
	at java.util.concurrent.ForkJoinPool.scan(ForkJoinPool.java:1655) ~[?:?]
	at java.util.concurrent.ForkJoinPool.runWorker(ForkJoinPool.java:1622) ~[?:?]
	at java.util.concurrent.ForkJoinWorkerThread.run(ForkJoinWorkerThread.java:165) ~[?:?]
Caused by: java.io.EOFException: End of input at line 1 column 1 path $
	at com.google.gson.stream.JsonReader.nextNonWhitespace(JsonReader.java:1455) ~[gson-2.10.jar%2372!/:?]
	at com.google.gson.stream.JsonReader.doPeek(JsonReader.java:558) ~[gson-2.10.jar%2372!/:?]
	at com.google.gson.stream.JsonReader.peek(JsonReader.java:433) ~[gson-2.10.jar%2372!/:?]
	at com.google.gson.internal.bind.TypeAdapters$28.read(TypeAdapters.java:769) ~[gson-2.10.jar%2372!/:?]
	at com.google.gson.internal.bind.TypeAdapters$28.read(TypeAdapters.java:725) ~[gson-2.10.jar%2372!/:?]
	at com.google.gson.internal.bind.TypeAdapters$34$1.read(TypeAdapters.java:1007) ~[gson-2.10.jar%2372!/:?]
	at net.minecraft.util.GsonHelper.m_13780_(GsonHelper.java:524) ~[server-1.20.1-20230612.114412-srg.jar%23424!/:?]
	... 13 more
[27Aug2026 11:17:04.863] [Worker-Main-3/ERROR] [net.minecraft.server.packs.resources.SimpleJsonResourceReloadListener/]: Couldn't parse data file cataclysm:ancient_spear from cataclysm:recipes/ancient_spear.json
com.google.gson.JsonParseException: java.io.EOFException: End of input at line 1 column 1 path $
	at net.minecraft.util.GsonHelper.m_13780_(GsonHelper.java:526) ~[server-1.20.1-20230612.114412-srg.jar%23424!/:?]
	at net.minecraft.util.GsonHelper.m_263475_(GsonHelper.java:531) ~[server-1.20.1-20230612.114412-srg.jar%23424!/:?]
	at net.minecraft.util.GsonHelper.m_13776_(GsonHelper.java:581) ~[server-1.20.1-20230612.114412-srg.jar%23424!/:?]
	at net.minecraft.server.packs.resources.SimpleJsonResourceReloadListener.m_278771_(SimpleJsonResourceReloadListener.java:41) ~[server-1.20.1-20230612.114412-srg.jar%23424!/:?]
	at net.minecraft.server.packs.resources.SimpleJsonResourceReloadListener.m_5944_(SimpleJsonResourceReloadListener.java:29) ~[server-1.20.1-20230612.114412-srg.jar%23424!/:?]
	at net.minecraft.server.packs.resources.SimpleJsonResourceReloadListener.m_5944_(SimpleJsonResourceReloadListener.java:17) ~[server-1.20.1-20230612.114412-srg.jar%23424!/:?]
	at net.minecraft.server.packs.resources.SimplePreparableReloadListener.m_10786_(SimplePreparableReloadListener.java:11) ~[server-1.20.1-20230612.114412-srg.jar%23424!/:?]
	at java.util.concurrent.CompletableFuture$AsyncSupply.run(CompletableFuture.java:1768) ~[?:?]
	at java.util.concurrent.CompletableFuture$AsyncSupply.exec(CompletableFuture.java:1760) ~[?:?]
	at java.util.concurrent.ForkJoinTask.doExec(ForkJoinTask.java:373) ~[?:?]
	at java.util.concurrent.ForkJoinPool$WorkQueue.topLevelExec(ForkJoinPool.java:1182) ~[?:?]
	at java.util.concurrent.ForkJoinPool.scan(ForkJoinPool.java:1655) ~[?:?]
	at java.util.concurrent.ForkJoinPool.runWorker(ForkJoinPool.java:1622) ~[?:?]
	at java.util.concurrent.ForkJoinWorkerThread.run(ForkJoinWorkerThread.java:165) ~[?:?]
Caused by: java.io.EOFException: End of input at line 1 column 1 path $
	at com.google.gson.stream.JsonReader.nextNonWhitespace(JsonReader.java:1455) ~[gson-2.10.jar%2372!/:?]
	at com.google.gson.stream.JsonReader.doPeek(JsonReader.java:558) ~[gson-2.10.jar%2372!/:?]
	at com.google.gson.stream.JsonReader.peek(JsonReader.java:433) ~[gson-2.10.jar%2372!/:?]
	at com.google.gson.internal.bind.TypeAdapters$28.read(TypeAdapters.java:769) ~[gson-2.10.jar%2372!/:?]
	at com.google.gson.internal.bind.TypeAdapters$28.read(TypeAdapters.java:725) ~[gson-2.10.jar%2372!/:?]
	at com.google.gson.internal.bind.TypeAdapters$34$1.read(TypeAdapters.java:1007) ~[gson-2.10.jar%2372!/:?]
	at net.minecraft.util.GsonHelper.m_13780_(GsonHelper.java:524) ~[server-1.20.1-20230612.114412-srg.jar%23424!/:?]
	... 13 more
[27Aug2026 11:17:04.874] [Worker-Main-3/ERROR] [net.minecraft.server.packs.resources.SimpleJsonResourceReloadListener/]: Couldn't parse data file irons_spellbooks:arcane_anvil from irons_spellbooks:recipes/arcane_anvil.json
com.google.gson.JsonParseException: java.io.EOFException: End of input at line 1 column 1 path $
	at net.minecraft.util.GsonHelper.m_13780_(GsonHelper.java:526) ~[server-1.20.1-20230612.114412-srg.jar%23424!/:?]
	at net.minecraft.util.GsonHelper.m_263475_(GsonHelper.java:531) ~[server-1.20.1-20230612.114412-srg.jar%23424!/:?]
	at net.minecraft.util.GsonHelper.m_13776_(GsonHelper.java:581) ~[server-1.20.1-20230612.114412-srg.jar%23424!/:?]
	at net.minecraft.server.packs.resources.SimpleJsonResourceReloadListener.m_278771_(SimpleJsonResourceReloadListener.java:41) ~[server-1.20.1-20230612.114412-srg.jar%23424!/:?]
	at net.minecraft.server.packs.resources.SimpleJsonResourceReloadListener.m_5944_(SimpleJsonResourceReloadListener.java:29) ~[server-1.20.1-20230612.114412-srg.jar%23424!/:?]
	at net.minecraft.server.packs.resources.SimpleJsonResourceReloadListener.m_5944_(SimpleJsonResourceReloadListener.java:17) ~[server-1.20.1-20230612.114412-srg.jar%23424!/:?]
	at net.minecraft.server.packs.resources.SimplePreparableReloadListener.m_10786_(SimplePreparableReloadListener.java:11) ~[server-1.20.1-20230612.114412-srg.jar%23424!/:?]
	at java.util.concurrent.CompletableFuture$AsyncSupply.run(CompletableFuture.java:1768) ~[?:?]
	at java.util.concurrent.CompletableFuture$AsyncSupply.exec(CompletableFuture.java:1760) ~[?:?]
	at java.util.concurrent.ForkJoinTask.doExec(ForkJoinTask.java:373) ~[?:?]
	at java.util.concurrent.ForkJoinPool$WorkQueue.topLevelExec(ForkJoinPool.java:1182) ~[?:?]
	at java.util.concurrent.ForkJoinPool.scan(ForkJoinPool.java:1655) ~[?:?]
	at java.util.concurrent.ForkJoinPool.runWorker(ForkJoinPool.java:1622) ~[?:?]
	at java.util.concurrent.ForkJoinWorkerThread.run(ForkJoinWorkerThread.java:165) ~[?:?]
Caused by: java.io.EOFException: End of input at line 1 column 1 path $
	at com.google.gson.stream.JsonReader.nextNonWhitespace(JsonReader.java:1455) ~[gson-2.10.jar%2372!/:?]
	at com.google.gson.stream.JsonReader.doPeek(JsonReader.java:558) ~[gson-2.10.jar%2372!/:?]
	at com.google.gson.stream.JsonReader.peek(JsonReader.java:433) ~[gson-2.10.jar%2372!/:?]
	at com.google.gson.internal.bind.TypeAdapters$28.read(TypeAdapters.java:769) ~[gson-2.10.jar%2372!/:?]
	at com.google.gson.internal.bind.TypeAdapters$28.read(TypeAdapters.java:725) ~[gson-2.10.jar%2372!/:?]
	at com.google.gson.internal.bind.TypeAdapters$34$1.read(TypeAdapters.java:1007) ~[gson-2.10.jar%2372!/:?]
	at net.minecraft.util.GsonHelper.m_13780_(GsonHelper.java:524) ~[server-1.20.1-20230612.114412-srg.jar%23424!/:?]
	... 13 more
[27Aug2026 11:17:04.880] [Worker-Main-3/ERROR] [net.minecraft.server.packs.resources.SimpleJsonResourceReloadListener/]: Couldn't parse data file irons_spellbooks:artificer_cane from irons_spellbooks:recipes/artificer_cane.json
com.google.gson.JsonParseException: java.io.EOFException: End of input at line 1 column 1 path $
	at net.minecraft.util.GsonHelper.m_13780_(GsonHelper.java:526) ~[server-1.20.1-20230612.114412-srg.jar%23424!/:?]
	at net.minecraft.util.GsonHelper.m_263475_(GsonHelper.java:531) ~[server-1.20.1-20230612.114412-srg.jar%23424!/:?]
	at net.minecraft.util.GsonHelper.m_13776_(GsonHelper.java:581) ~[server-1.20.1-20230612.114412-srg.jar%23424!/:?]
	at net.minecraft.server.packs.resources.SimpleJsonResourceReloadListener.m_278771_(SimpleJsonResourceReloadListener.java:41) ~[server-1.20.1-20230612.114412-srg.jar%23424!/:?]
	at net.minecraft.server.packs.resources.SimpleJsonResourceReloadListener.m_5944_(SimpleJsonResourceReloadListener.java:29) ~[server-1.20.1-20230612.114412-srg.jar%23424!/:?]
	at net.minecraft.server.packs.resources.SimpleJsonResourceReloadListener.m_5944_(SimpleJsonResourceReloadListener.java:17) ~[server-1.20.1-20230612.114412-srg.jar%23424!/:?]
	at net.minecraft.server.packs.resources.SimplePreparableReloadListener.m_10786_(SimplePreparableReloadListener.java:11) ~[server-1.20.1-20230612.114412-srg.jar%23424!/:?]
	at java.util.concurrent.CompletableFuture$AsyncSupply.run(CompletableFuture.java:1768) ~[?:?]
	at java.util.concurrent.CompletableFuture$AsyncSupply.exec(CompletableFuture.java:1760) ~[?:?]
	at java.util.concurrent.ForkJoinTask.doExec(ForkJoinTask.java:373) ~[?:?]
	at java.util.concurrent.ForkJoinPool$WorkQueue.topLevelExec(ForkJoinPool.java:1182) ~[?:?]
	at java.util.concurrent.ForkJoinPool.scan(ForkJoinPool.java:1655) ~[?:?]
	at java.util.concurrent.ForkJoinPool.runWorker(ForkJoinPool.java:1622) ~[?:?]
	at java.util.concurrent.ForkJoinWorkerThread.run(ForkJoinWorkerThread.java:165) ~[?:?]
Caused by: java.io.EOFException: End of input at line 1 column 1 path $
	at com.google.gson.stream.JsonReader.nextNonWhitespace(JsonReader.java:1455) ~[gson-2.10.jar%2372!/:?]
	at com.google.gson.stream.JsonReader.doPeek(JsonReader.java:558) ~[gson-2.10.jar%2372!/:?]
	at com.google.gson.stream.JsonReader.peek(JsonReader.java:433) ~[gson-2.10.jar%2372!/:?]
	at com.google.gson.internal.bind.TypeAdapters$28.read(TypeAdapters.java:769) ~[gson-2.10.jar%2372!/:?]
	at com.google.gson.internal.bind.TypeAdapters$28.read(TypeAdapters.java:725) ~[gson-2.10.jar%2372!/:?]
	at com.google.gson.internal.bind.TypeAdapters$34$1.read(TypeAdapters.java:1007) ~[gson-2.10.jar%2372!/:?]
	at net.minecraft.util.GsonHelper.m_13780_(GsonHelper.java:524) ~[server-1.20.1-20230612.114412-srg.jar%23424!/:?]
	... 13 more
[27Aug2026 11:17:04.884] [Worker-Main-3/ERROR] [net.minecraft.server.packs.resources.SimpleJsonResourceReloadListener/]: Couldn't parse data file cataclysm:astrape from cataclysm:recipes/astrape.json
com.google.gson.JsonParseException: java.io.EOFException: End of input at line 1 column 1 path $
	at net.minecraft.util.GsonHelper.m_13780_(GsonHelper.java:526) ~[server-1.20.1-20230612.114412-srg.jar%23424!/:?]
	at net.minecraft.util.GsonHelper.m_263475_(GsonHelper.java:531) ~[server-1.20.1-20230612.114412-srg.jar%23424!/:?]
	at net.minecraft.util.GsonHelper.m_13776_(GsonHelper.java:581) ~[server-1.20.1-20230612.114412-srg.jar%23424!/:?]
	at net.minecraft.server.packs.resources.SimpleJsonResourceReloadListener.m_278771_(SimpleJsonResourceReloadListener.java:41) ~[server-1.20.1-20230612.114412-srg.jar%23424!/:?]
	at net.minecraft.server.packs.resources.SimpleJsonResourceReloadListener.m_5944_(SimpleJsonResourceReloadListener.java:29) ~[server-1.20.1-20230612.114412-srg.jar%23424!/:?]
	at net.minecraft.server.packs.resources.SimpleJsonResourceReloadListener.m_5944_(SimpleJsonResourceReloadListener.java:17) ~[server-1.20.1-20230612.114412-srg.jar%23424!/:?]
	at net.minecraft.server.packs.resources.SimplePreparableReloadListener.m_10786_(SimplePreparableReloadListener.java:11) ~[server-1.20.1-20230612.114412-srg.jar%23424!/:?]
	at java.util.concurrent.CompletableFuture$AsyncSupply.run(CompletableFuture.java:1768) ~[?:?]
	at java.util.concurrent.CompletableFuture$AsyncSupply.exec(CompletableFuture.java:1760) ~[?:?]
	at java.util.concurrent.ForkJoinTask.doExec(ForkJoinTask.java:373) ~[?:?]
	at java.util.concurrent.ForkJoinPool$WorkQueue.topLevelExec(ForkJoinPool.java:1182) ~[?:?]
	at java.util.concurrent.ForkJoinPool.scan(ForkJoinPool.java:1655) ~[?:?]
	at java.util.concurrent.ForkJoinPool.runWorker(ForkJoinPool.java:1622) ~[?:?]
	at java.util.concurrent.ForkJoinWorkerThread.run(ForkJoinWorkerThread.java:165) ~[?:?]
Caused by: java.io.EOFException: End of input at line 1 column 1 path $
	at com.google.gson.stream.JsonReader.nextNonWhitespace(JsonReader.java:1455) ~[gson-2.10.jar%2372!/:?]
	at com.google.gson.stream.JsonReader.doPeek(JsonReader.java:558) ~[gson-2.10.jar%2372!/:?]
	at com.google.gson.stream.JsonReader.peek(JsonReader.java:433) ~[gson-2.10.jar%2372!/:?]
	at com.google.gson.internal.bind.TypeAdapters$28.read(TypeAdapters.java:769) ~[gson-2.10.jar%2372!/:?]
	at com.google.gson.internal.bind.TypeAdapters$28.read(TypeAdapters.java:725) ~[gson-2.10.jar%2372!/:?]
	at com.google.gson.internal.bind.TypeAdapters$34$1.read(TypeAdapters.java:1007) ~[gson-2.10.jar%2372!/:?]
	at net.minecraft.util.GsonHelper.m_13780_(GsonHelper.java:524) ~[server-1.20.1-20230612.114412-srg.jar%23424!/:?]
	... 13 more
[27Aug2026 11:17:04.901] [Worker-Main-3/ERROR] [net.minecraft.server.packs.resources.SimpleJsonResourceReloadListener/]: Couldn't parse data file cataclysm:blazing_grips from cataclysm:recipes/blazing_grips.json
com.google.gson.JsonParseException: java.io.EOFException: End of input at line 1 column 1 path $
	at net.minecraft.util.GsonHelper.m_13780_(GsonHelper.java:526) ~[server-1.20.1-20230612.114412-srg.jar%23424!/:?]
	at net.minecraft.util.GsonHelper.m_263475_(GsonHelper.java:531) ~[server-1.20.1-20230612.114412-srg.jar%23424!/:?]
	at net.minecraft.util.GsonHelper.m_13776_(GsonHelper.java:581) ~[server-1.20.1-20230612.114412-srg.jar%23424!/:?]
	at net.minecraft.server.packs.resources.SimpleJsonResourceReloadListener.m_278771_(SimpleJsonResourceReloadListener.java:41) ~[server-1.20.1-20230612.114412-srg.jar%23424!/:?]
	at net.minecraft.server.packs.resources.SimpleJsonResourceReloadListener.m_5944_(SimpleJsonResourceReloadListener.java:29) ~[server-1.20.1-20230612.114412-srg.jar%23424!/:?]
	at net.minecraft.server.packs.resources.SimpleJsonResourceReloadListener.m_5944_(SimpleJsonResourceReloadListener.java:17) ~[server-1.20.1-20230612.114412-srg.jar%23424!/:?]
	at net.minecraft.server.packs.resources.SimplePreparableReloadListener.m_10786_(SimplePreparableReloadListener.java:11) ~[server-1.20.1-20230612.114412-srg.jar%23424!/:?]
	at java.util.concurrent.CompletableFuture$AsyncSupply.run(CompletableFuture.java:1768) ~[?:?]
	at java.util.concurrent.CompletableFuture$AsyncSupply.exec(CompletableFuture.java:1760) ~[?:?]
	at java.util.concurrent.ForkJoinTask.doExec(ForkJoinTask.java:373) ~[?:?]
	at java.util.concurrent.ForkJoinPool$WorkQueue.topLevelExec(ForkJoinPool.java:1182) ~[?:?]
	at java.util.concurrent.ForkJoinPool.scan(ForkJoinPool.java:1655) ~[?:?]
	at java.util.concurrent.ForkJoinPool.runWorker(ForkJoinPool.java:1622) ~[?:?]
	at java.util.concurrent.ForkJoinWorkerThread.run(ForkJoinWorkerThread.java:165) ~[?:?]
Caused by: java.io.EOFException: End of input at line 1 column 1 path $
	at com.google.gson.stream.JsonReader.nextNonWhitespace(JsonReader.java:1455) ~[gson-2.10.jar%2372!/:?]
	at com.google.gson.stream.JsonReader.doPeek(JsonReader.java:558) ~[gson-2.10.jar%2372!/:?]
	at com.google.gson.stream.JsonReader.peek(JsonReader.java:433) ~[gson-2.10.jar%2372!/:?]
	at com.google.gson.internal.bind.TypeAdapters$28.read(TypeAdapters.java:769) ~[gson-2.10.jar%2372!/:?]
	at com.google.gson.internal.bind.TypeAdapters$28.read(TypeAdapters.java:725) ~[gson-2.10.jar%2372!/:?]
	at com.google.gson.internal.bind.TypeAdapters$34$1.read(TypeAdapters.java:1007) ~[gson-2.10.jar%2372!/:?]
	at net.minecraft.util.GsonHelper.m_13780_(GsonHelper.java:524) ~[server-1.20.1-20230612.114412-srg.jar%23424!/:?]
	... 13 more
[27Aug2026 11:17:04.903] [Worker-Main-3/ERROR] [net.minecraft.server.packs.resources.SimpleJsonResourceReloadListener/]: Couldn't parse data file cataclysm_spellbooks:bloom_stone_staff from cataclysm_spellbooks:recipes/bloom_stone_staff.json
com.google.gson.JsonParseException: java.io.EOFException: End of input at line 1 column 1 path $
	at net.minecraft.util.GsonHelper.m_13780_(GsonHelper.java:526) ~[server-1.20.1-20230612.114412-srg.jar%23424!/:?]
	at net.minecraft.util.GsonHelper.m_263475_(GsonHelper.java:531) ~[server-1.20.1-20230612.114412-srg.jar%23424!/:?]
	at net.minecraft.util.GsonHelper.m_13776_(GsonHelper.java:581) ~[server-1.20.1-20230612.114412-srg.jar%23424!/:?]
	at net.minecraft.server.packs.resources.SimpleJsonResourceReloadListener.m_278771_(SimpleJsonResourceReloadListener.java:41) ~[server-1.20.1-20230612.114412-srg.jar%23424!/:?]
	at net.minecraft.server.packs.resources.SimpleJsonResourceReloadListener.m_5944_(SimpleJsonResourceReloadListener.java:29) ~[server-1.20.1-20230612.114412-srg.jar%23424!/:?]
	at net.minecraft.server.packs.resources.SimpleJsonResourceReloadListener.m_5944_(SimpleJsonResourceReloadListener.java:17) ~[server-1.20.1-20230612.114412-srg.jar%23424!/:?]
	at net.minecraft.server.packs.resources.SimplePreparableReloadListener.m_10786_(SimplePreparableReloadListener.java:11) ~[server-1.20.1-20230612.114412-srg.jar%23424!/:?]
	at java.util.concurrent.CompletableFuture$AsyncSupply.run(CompletableFuture.java:1768) ~[?:?]
	at java.util.concurrent.CompletableFuture$AsyncSupply.exec(CompletableFuture.java:1760) ~[?:?]
	at java.util.concurrent.ForkJoinTask.doExec(ForkJoinTask.java:373) ~[?:?]
	at java.util.concurrent.ForkJoinPool$WorkQueue.topLevelExec(ForkJoinPool.java:1182) ~[?:?]
	at java.util.concurrent.ForkJoinPool.scan(ForkJoinPool.java:1655) ~[?:?]
	at java.util.concurrent.ForkJoinPool.runWorker(ForkJoinPool.java:1622) ~[?:?]
	at java.util.concurrent.ForkJoinWorkerThread.run(ForkJoinWorkerThread.java:165) ~[?:?]
Caused by: java.io.EOFException: End of input at line 1 column 1 path $
	at com.google.gson.stream.JsonReader.nextNonWhitespace(JsonReader.java:1455) ~[gson-2.10.jar%2372!/:?]
	at com.google.gson.stream.JsonReader.doPeek(JsonReader.java:558) ~[gson-2.10.jar%2372!/:?]
	at com.google.gson.stream.JsonReader.peek(JsonReader.java:433) ~[gson-2.10.jar%2372!/:?]
	at com.google.gson.internal.bind.TypeAdapters$28.read(TypeAdapters.java:769) ~[gson-2.10.jar%2372!/:?]
	at com.google.gson.internal.bind.TypeAdapters$28.read(TypeAdapters.java:725) ~[gson-2.10.jar%2372!/:?]
	at com.google.gson.internal.bind.TypeAdapters$34$1.read(TypeAdapters.java:1007) ~[gson-2.10.jar%2372!/:?]
	at net.minecraft.util.GsonHelper.m_13780_(GsonHelper.java:524) ~[server-1.20.1-20230612.114412-srg.jar%23424!/:?]
	... 13 more
[27Aug2026 11:17:04.911] [Worker-Main-3/ERROR] [net.minecraft.server.packs.resources.SimpleJsonResourceReloadListener/]: Couldn't parse data file irons_spellbooks:boreal_blade from irons_spellbooks:recipes/boreal_blade.json
com.google.gson.JsonParseException: java.io.EOFException: End of input at line 1 column 1 path $
	at net.minecraft.util.GsonHelper.m_13780_(GsonHelper.java:526) ~[server-1.20.1-20230612.114412-srg.jar%23424!/:?]
	at net.minecraft.util.GsonHelper.m_263475_(GsonHelper.java:531) ~[server-1.20.1-20230612.114412-srg.jar%23424!/:?]
	at net.minecraft.util.GsonHelper.m_13776_(GsonHelper.java:581) ~[server-1.20.1-20230612.114412-srg.jar%23424!/:?]
	at net.minecraft.server.packs.resources.SimpleJsonResourceReloadListener.m_278771_(SimpleJsonResourceReloadListener.java:41) ~[server-1.20.1-20230612.114412-srg.jar%23424!/:?]
	at net.minecraft.server.packs.resources.SimpleJsonResourceReloadListener.m_5944_(SimpleJsonResourceReloadListener.java:29) ~[server-1.20.1-20230612.114412-srg.jar%23424!/:?]
	at net.minecraft.server.packs.resources.SimpleJsonResourceReloadListener.m_5944_(SimpleJsonResourceReloadListener.java:17) ~[server-1.20.1-20230612.114412-srg.jar%23424!/:?]
	at net.minecraft.server.packs.resources.SimplePreparableReloadListener.m_10786_(SimplePreparableReloadListener.java:11) ~[server-1.20.1-20230612.114412-srg.jar%23424!/:?]
	at java.util.concurrent.CompletableFuture$AsyncSupply.run(CompletableFuture.java:1768) ~[?:?]
	at java.util.concurrent.CompletableFuture$AsyncSupply.exec(CompletableFuture.java:1760) ~[?:?]
	at java.util.concurrent.ForkJoinTask.doExec(ForkJoinTask.java:373) ~[?:?]
	at java.util.concurrent.ForkJoinPool$WorkQueue.topLevelExec(ForkJoinPool.java:1182) ~[?:?]
	at java.util.concurrent.ForkJoinPool.scan(ForkJoinPool.java:1655) ~[?:?]
	at java.util.concurrent.ForkJoinPool.runWorker(ForkJoinPool.java:1622) ~[?:?]
	at java.util.concurrent.ForkJoinWorkerThread.run(ForkJoinWorkerThread.java:165) ~[?:?]
Caused by: java.io.EOFException: End of input at line 1 column 1 path $
	at com.google.gson.stream.JsonReader.nextNonWhitespace(JsonReader.java:1455) ~[gson-2.10.jar%2372!/:?]
	at com.google.gson.stream.JsonReader.doPeek(JsonReader.java:558) ~[gson-2.10.jar%2372!/:?]
	at com.google.gson.stream.JsonReader.peek(JsonReader.java:433) ~[gson-2.10.jar%2372!/:?]
	at com.google.gson.internal.bind.TypeAdapters$28.read(TypeAdapters.java:769) ~[gson-2.10.jar%2372!/:?]
	at com.google.gson.internal.bind.TypeAdapters$28.read(TypeAdapters.java:725) ~[gson-2.10.jar%2372!/:?]
	at com.google.gson.internal.bind.TypeAdapters$34$1.read(TypeAdapters.java:1007) ~[gson-2.10.jar%2372!/:?]
	at net.minecraft.util.GsonHelper.m_13780_(GsonHelper.java:524) ~[server-1.20.1-20230612.114412-srg.jar%23424!/:?]
	... 13 more
[27Aug2026 11:17:04.914] [Worker-Main-3/ERROR] [net.minecraft.server.packs.resources.SimpleJsonResourceReloadListener/]: Couldn't parse data file efn:broadblade from efn:recipes/broadblade.json
com.google.gson.JsonParseException: java.io.EOFException: End of input at line 1 column 1 path $
	at net.minecraft.util.GsonHelper.m_13780_(GsonHelper.java:526) ~[server-1.20.1-20230612.114412-srg.jar%23424!/:?]
	at net.minecraft.util.GsonHelper.m_263475_(GsonHelper.java:531) ~[server-1.20.1-20230612.114412-srg.jar%23424!/:?]
	at net.minecraft.util.GsonHelper.m_13776_(GsonHelper.java:581) ~[server-1.20.1-20230612.114412-srg.jar%23424!/:?]
	at net.minecraft.server.packs.resources.SimpleJsonResourceReloadListener.m_278771_(SimpleJsonResourceReloadListener.java:41) ~[server-1.20.1-20230612.114412-srg.jar%23424!/:?]
	at net.minecraft.server.packs.resources.SimpleJsonResourceReloadListener.m_5944_(SimpleJsonResourceReloadListener.java:29) ~[server-1.20.1-20230612.114412-srg.jar%23424!/:?]
	at net.minecraft.server.packs.resources.SimpleJsonResourceReloadListener.m_5944_(SimpleJsonResourceReloadListener.java:17) ~[server-1.20.1-20230612.114412-srg.jar%23424!/:?]
	at net.minecraft.server.packs.resources.SimplePreparableReloadListener.m_10786_(SimplePreparableReloadListener.java:11) ~[server-1.20.1-20230612.114412-srg.jar%23424!/:?]
	at java.util.concurrent.CompletableFuture$AsyncSupply.run(CompletableFuture.java:1768) ~[?:?]
	at java.util.concurrent.CompletableFuture$AsyncSupply.exec(CompletableFuture.java:1760) ~[?:?]
	at java.util.concurrent.ForkJoinTask.doExec(ForkJoinTask.java:373) ~[?:?]
	at java.util.concurrent.ForkJoinPool$WorkQueue.topLevelExec(ForkJoinPool.java:1182) ~[?:?]
	at java.util.concurrent.ForkJoinPool.scan(ForkJoinPool.java:1655) ~[?:?]
	at java.util.concurrent.ForkJoinPool.runWorker(ForkJoinPool.java:1622) ~[?:?]
	at java.util.concurrent.ForkJoinWorkerThread.run(ForkJoinWorkerThread.java:165) ~[?:?]
Caused by: java.io.EOFException: End of input at line 1 column 1 path $
	at com.google.gson.stream.JsonReader.nextNonWhitespace(JsonReader.java:1455) ~[gson-2.10.jar%2372!/:?]
	at com.google.gson.stream.JsonReader.doPeek(JsonReader.java:558) ~[gson-2.10.jar%2372!/:?]
	at com.google.gson.stream.JsonReader.peek(JsonReader.java:433) ~[gson-2.10.jar%2372!/:?]
	at com.google.gson.internal.bind.TypeAdapters$28.read(TypeAdapters.java:769) ~[gson-2.10.jar%2372!/:?]
	at com.google.gson.internal.bind.TypeAdapters$28.read(TypeAdapters.java:725) ~[gson-2.10.jar%2372!/:?]
	at com.google.gson.internal.bind.TypeAdapters$34$1.read(TypeAdapters.java:1007) ~[gson-2.10.jar%2372!/:?]
	at net.minecraft.util.GsonHelper.m_13780_(GsonHelper.java:524) ~[server-1.20.1-20230612.114412-srg.jar%23424!/:?]
	... 13 more
[27Aug2026 11:17:05.082] [Worker-Main-3/ERROR] [net.minecraft.server.packs.resources.SimpleJsonResourceReloadListener/]: Couldn't parse data file cataclysm:bulwark_of_the_flame from cataclysm:recipes/bulwark_of_the_flame.json
com.google.gson.JsonParseException: java.io.EOFException: End of input at line 1 column 1 path $
	at net.minecraft.util.GsonHelper.m_13780_(GsonHelper.java:526) ~[server-1.20.1-20230612.114412-srg.jar%23424!/:?]
	at net.minecraft.util.GsonHelper.m_263475_(GsonHelper.java:531) ~[server-1.20.1-20230612.114412-srg.jar%23424!/:?]
	at net.minecraft.util.GsonHelper.m_13776_(GsonHelper.java:581) ~[server-1.20.1-20230612.114412-srg.jar%23424!/:?]
	at net.minecraft.server.packs.resources.SimpleJsonResourceReloadListener.m_278771_(SimpleJsonResourceReloadListener.java:41) ~[server-1.20.1-20230612.114412-srg.jar%23424!/:?]
	at net.minecraft.server.packs.resources.SimpleJsonResourceReloadListener.m_5944_(SimpleJsonResourceReloadListener.java:29) ~[server-1.20.1-20230612.114412-srg.jar%23424!/:?]
	at net.minecraft.server.packs.resources.SimpleJsonResourceReloadListener.m_5944_(SimpleJsonResourceReloadListener.java:17) ~[server-1.20.1-20230612.114412-srg.jar%23424!/:?]
	at net.minecraft.server.packs.resources.SimplePreparableReloadListener.m_10786_(SimplePreparableReloadListener.java:11) ~[server-1.20.1-20230612.114412-srg.jar%23424!/:?]
	at java.util.concurrent.CompletableFuture$AsyncSupply.run(CompletableFuture.java:1768) ~[?:?]
	at java.util.concurrent.CompletableFuture$AsyncSupply.exec(CompletableFuture.java:1760) ~[?:?]
	at java.util.concurrent.ForkJoinTask.doExec(ForkJoinTask.java:373) ~[?:?]
	at java.util.concurrent.ForkJoinPool$WorkQueue.topLevelExec(ForkJoinPool.java:1182) ~[?:?]
	at java.util.concurrent.ForkJoinPool.scan(ForkJoinPool.java:1655) ~[?:?]
	at java.util.concurrent.ForkJoinPool.runWorker(ForkJoinPool.java:1622) ~[?:?]
	at java.util.concurrent.ForkJoinWorkerThread.run(ForkJoinWorkerThread.java:165) ~[?:?]
Caused by: java.io.EOFException: End of input at line 1 column 1 path $
	at com.google.gson.stream.JsonReader.nextNonWhitespace(JsonReader.java:1455) ~[gson-2.10.jar%2372!/:?]
	at com.google.gson.stream.JsonReader.doPeek(JsonReader.java:558) ~[gson-2.10.jar%2372!/:?]
	at com.google.gson.stream.JsonReader.peek(JsonReader.java:433) ~[gson-2.10.jar%2372!/:?]
	at com.google.gson.internal.bind.TypeAdapters$28.read(TypeAdapters.java:769) ~[gson-2.10.jar%2372!/:?]
	at com.google.gson.internal.bind.TypeAdapters$28.read(TypeAdapters.java:725) ~[gson-2.10.jar%2372!/:?]
	at com.google.gson.internal.bind.TypeAdapters$34$1.read(TypeAdapters.java:1007) ~[gson-2.10.jar%2372!/:?]
	at net.minecraft.util.GsonHelper.m_13780_(GsonHelper.java:524) ~[server-1.20.1-20230612.114412-srg.jar%23424!/:?]
	... 13 more
[27Aug2026 11:17:05.104] [Worker-Main-3/ERROR] [net.minecraft.server.packs.resources.SimpleJsonResourceReloadListener/]: Couldn't parse data file efn:co_tachi from efn:recipes/co_tachi.json
com.google.gson.JsonParseException: java.io.EOFException: End of input at line 1 column 1 path $
	at net.minecraft.util.GsonHelper.m_13780_(GsonHelper.java:526) ~[server-1.20.1-20230612.114412-srg.jar%23424!/:?]
	at net.minecraft.util.GsonHelper.m_263475_(GsonHelper.java:531) ~[server-1.20.1-20230612.114412-srg.jar%23424!/:?]
	at net.minecraft.util.GsonHelper.m_13776_(GsonHelper.java:581) ~[server-1.20.1-20230612.114412-srg.jar%23424!/:?]
	at net.minecraft.server.packs.resources.SimpleJsonResourceReloadListener.m_278771_(SimpleJsonResourceReloadListener.java:41) ~[server-1.20.1-20230612.114412-srg.jar%23424!/:?]
	at net.minecraft.server.packs.resources.SimpleJsonResourceReloadListener.m_5944_(SimpleJsonResourceReloadListener.java:29) ~[server-1.20.1-20230612.114412-srg.jar%23424!/:?]
	at net.minecraft.server.packs.resources.SimpleJsonResourceReloadListener.m_5944_(SimpleJsonResourceReloadListener.java:17) ~[server-1.20.1-20230612.114412-srg.jar%23424!/:?]
	at net.minecraft.server.packs.resources.SimplePreparableReloadListener.m_10786_(SimplePreparableReloadListener.java:11) ~[server-1.20.1-20230612.114412-srg.jar%23424!/:?]
	at java.util.concurrent.CompletableFuture$AsyncSupply.run(CompletableFuture.java:1768) ~[?:?]
	at java.util.concurrent.CompletableFuture$AsyncSupply.exec(CompletableFuture.java:1760) ~[?:?]
	at java.util.concurrent.ForkJoinTask.doExec(ForkJoinTask.java:373) ~[?:?]
	at java.util.concurrent.ForkJoinPool$WorkQueue.topLevelExec(ForkJoinPool.java:1182) ~[?:?]
	at java.util.concurrent.ForkJoinPool.scan(ForkJoinPool.java:1655) ~[?:?]
	at java.util.concurrent.ForkJoinPool.runWorker(ForkJoinPool.java:1622) ~[?:?]
	at java.util.concurrent.ForkJoinWorkerThread.run(ForkJoinWorkerThread.java:165) ~[?:?]
Caused by: java.io.EOFException: End of input at line 1 column 1 path $
	at com.google.gson.stream.JsonReader.nextNonWhitespace(JsonReader.java:1455) ~[gson-2.10.jar%2372!/:?]
	at com.google.gson.stream.JsonReader.doPeek(JsonReader.java:558) ~[gson-2.10.jar%2372!/:?]
	at com.google.gson.stream.JsonReader.peek(JsonReader.java:433) ~[gson-2.10.jar%2372!/:?]
	at com.google.gson.internal.bind.TypeAdapters$28.read(TypeAdapters.java:769) ~[gson-2.10.jar%2372!/:?]
	at com.google.gson.internal.bind.TypeAdapters$28.read(TypeAdapters.java:725) ~[gson-2.10.jar%2372!/:?]
	at com.google.gson.internal.bind.TypeAdapters$34$1.read(TypeAdapters.java:1007) ~[gson-2.10.jar%2372!/:?]
	at net.minecraft.util.GsonHelper.m_13780_(GsonHelper.java:524) ~[server-1.20.1-20230612.114412-srg.jar%23424!/:?]
	... 13 more
[27Aug2026 11:17:05.105] [Worker-Main-3/ERROR] [net.minecraft.server.packs.resources.SimpleJsonResourceReloadListener/]: Couldn't parse data file efn:co_tachi_to_air from efn:recipes/co_tachi_to_air.json
com.google.gson.JsonParseException: java.io.EOFException: End of input at line 1 column 1 path $
	at net.minecraft.util.GsonHelper.m_13780_(GsonHelper.java:526) ~[server-1.20.1-20230612.114412-srg.jar%23424!/:?]
	at net.minecraft.util.GsonHelper.m_263475_(GsonHelper.java:531) ~[server-1.20.1-20230612.114412-srg.jar%23424!/:?]
	at net.minecraft.util.GsonHelper.m_13776_(GsonHelper.java:581) ~[server-1.20.1-20230612.114412-srg.jar%23424!/:?]
	at net.minecraft.server.packs.resources.SimpleJsonResourceReloadListener.m_278771_(SimpleJsonResourceReloadListener.java:41) ~[server-1.20.1-20230612.114412-srg.jar%23424!/:?]
	at net.minecraft.server.packs.resources.SimpleJsonResourceReloadListener.m_5944_(SimpleJsonResourceReloadListener.java:29) ~[server-1.20.1-20230612.114412-srg.jar%23424!/:?]
	at net.minecraft.server.packs.resources.SimpleJsonResourceReloadListener.m_5944_(SimpleJsonResourceReloadListener.java:17) ~[server-1.20.1-20230612.114412-srg.jar%23424!/:?]
	at net.minecraft.server.packs.resources.SimplePreparableReloadListener.m_10786_(SimplePreparableReloadListener.java:11) ~[server-1.20.1-20230612.114412-srg.jar%23424!/:?]
	at java.util.concurrent.CompletableFuture$AsyncSupply.run(CompletableFuture.java:1768) ~[?:?]
	at java.util.concurrent.CompletableFuture$AsyncSupply.exec(CompletableFuture.java:1760) ~[?:?]
	at java.util.concurrent.ForkJoinTask.doExec(ForkJoinTask.java:373) ~[?:?]
	at java.util.concurrent.ForkJoinPool$WorkQueue.topLevelExec(ForkJoinPool.java:1182) ~[?:?]
	at java.util.concurrent.ForkJoinPool.scan(ForkJoinPool.java:1655) ~[?:?]
	at java.util.concurrent.ForkJoinPool.runWorker(ForkJoinPool.java:1622) ~[?:?]
	at java.util.concurrent.ForkJoinWorkerThread.run(ForkJoinWorkerThread.java:165) ~[?:?]
Caused by: java.io.EOFException: End of input at line 1 column 1 path $
	at com.google.gson.stream.JsonReader.nextNonWhitespace(JsonReader.java:1455) ~[gson-2.10.jar%2372!/:?]
	at com.google.gson.stream.JsonReader.doPeek(JsonReader.java:558) ~[gson-2.10.jar%2372!/:?]
	at com.google.gson.stream.JsonReader.peek(JsonReader.java:433) ~[gson-2.10.jar%2372!/:?]
	at com.google.gson.internal.bind.TypeAdapters$28.read(TypeAdapters.java:769) ~[gson-2.10.jar%2372!/:?]
	at com.google.gson.internal.bind.TypeAdapters$28.read(TypeAdapters.java:725) ~[gson-2.10.jar%2372!/:?]
	at com.google.gson.internal.bind.TypeAdapters$34$1.read(TypeAdapters.java:1007) ~[gson-2.10.jar%2372!/:?]
	at net.minecraft.util.GsonHelper.m_13780_(GsonHelper.java:524) ~[server-1.20.1-20230612.114412-srg.jar%23424!/:?]
	... 13 more
[27Aug2026 11:17:05.111] [Worker-Main-3/ERROR] [net.minecraft.server.packs.resources.SimpleJsonResourceReloadListener/]: Couldn't parse data file epicfightx:combat_mastery_i from epicfightx:recipes/combat_mastery_i.json
com.google.gson.JsonParseException: java.io.EOFException: End of input at line 1 column 1 path $
	at net.minecraft.util.GsonHelper.m_13780_(GsonHelper.java:526) ~[server-1.20.1-20230612.114412-srg.jar%23424!/:?]
	at net.minecraft.util.GsonHelper.m_263475_(GsonHelper.java:531) ~[server-1.20.1-20230612.114412-srg.jar%23424!/:?]
	at net.minecraft.util.GsonHelper.m_13776_(GsonHelper.java:581) ~[server-1.20.1-20230612.114412-srg.jar%23424!/:?]
	at net.minecraft.server.packs.resources.SimpleJsonResourceReloadListener.m_278771_(SimpleJsonResourceReloadListener.java:41) ~[server-1.20.1-20230612.114412-srg.jar%23424!/:?]
	at net.minecraft.server.packs.resources.SimpleJsonResourceReloadListener.m_5944_(SimpleJsonResourceReloadListener.java:29) ~[server-1.20.1-20230612.114412-srg.jar%23424!/:?]
	at net.minecraft.server.packs.resources.SimpleJsonResourceReloadListener.m_5944_(SimpleJsonResourceReloadListener.java:17) ~[server-1.20.1-20230612.114412-srg.jar%23424!/:?]
	at net.minecraft.server.packs.resources.SimplePreparableReloadListener.m_10786_(SimplePreparableReloadListener.java:11) ~[server-1.20.1-20230612.114412-srg.jar%23424!/:?]
	at java.util.concurrent.CompletableFuture$AsyncSupply.run(CompletableFuture.java:1768) ~[?:?]
	at java.util.concurrent.CompletableFuture$AsyncSupply.exec(CompletableFuture.java:1760) ~[?:?]
	at java.util.concurrent.ForkJoinTask.doExec(ForkJoinTask.java:373) ~[?:?]
	at java.util.concurrent.ForkJoinPool$WorkQueue.topLevelExec(ForkJoinPool.java:1182) ~[?:?]
	at java.util.concurrent.ForkJoinPool.scan(ForkJoinPool.java:1655) ~[?:?]
	at java.util.concurrent.ForkJoinPool.runWorker(ForkJoinPool.java:1622) ~[?:?]
	at java.util.concurrent.ForkJoinWorkerThread.run(ForkJoinWorkerThread.java:165) ~[?:?]
Caused by: java.io.EOFException: End of input at line 1 column 1 path $
	at com.google.gson.stream.JsonReader.nextNonWhitespace(JsonReader.java:1455) ~[gson-2.10.jar%2372!/:?]
	at com.google.gson.stream.JsonReader.doPeek(JsonReader.java:558) ~[gson-2.10.jar%2372!/:?]
	at com.google.gson.stream.JsonReader.peek(JsonReader.java:433) ~[gson-2.10.jar%2372!/:?]
	at com.google.gson.internal.bind.TypeAdapters$28.read(TypeAdapters.java:769) ~[gson-2.10.jar%2372!/:?]
	at com.google.gson.internal.bind.TypeAdapters$28.read(TypeAdapters.java:725) ~[gson-2.10.jar%2372!/:?]
	at com.google.gson.internal.bind.TypeAdapters$34$1.read(TypeAdapters.java:1007) ~[gson-2.10.jar%2372!/:?]
	at net.minecraft.util.GsonHelper.m_13780_(GsonHelper.java:524) ~[server-1.20.1-20230612.114412-srg.jar%23424!/:?]
	... 13 more
[27Aug2026 11:17:05.126] [Worker-Main-3/ERROR] [net.minecraft.server.packs.resources.SimpleJsonResourceReloadListener/]: Couldn't parse data file irons_spellbooks:copper_spell_book from irons_spellbooks:recipes/copper_spell_book.json
com.google.gson.JsonParseException: java.io.EOFException: End of input at line 1 column 1 path $
	at net.minecraft.util.GsonHelper.m_13780_(GsonHelper.java:526) ~[server-1.20.1-20230612.114412-srg.jar%23424!/:?]
	at net.minecraft.util.GsonHelper.m_263475_(GsonHelper.java:531) ~[server-1.20.1-20230612.114412-srg.jar%23424!/:?]
	at net.minecraft.util.GsonHelper.m_13776_(GsonHelper.java:581) ~[server-1.20.1-20230612.114412-srg.jar%23424!/:?]
	at net.minecraft.server.packs.resources.SimpleJsonResourceReloadListener.m_278771_(SimpleJsonResourceReloadListener.java:41) ~[server-1.20.1-20230612.114412-srg.jar%23424!/:?]
	at net.minecraft.server.packs.resources.SimpleJsonResourceReloadListener.m_5944_(SimpleJsonResourceReloadListener.java:29) ~[server-1.20.1-20230612.114412-srg.jar%23424!/:?]
	at net.minecraft.server.packs.resources.SimpleJsonResourceReloadListener.m_5944_(SimpleJsonResourceReloadListener.java:17) ~[server-1.20.1-20230612.114412-srg.jar%23424!/:?]
	at net.minecraft.server.packs.resources.SimplePreparableReloadListener.m_10786_(SimplePreparableReloadListener.java:11) ~[server-1.20.1-20230612.114412-srg.jar%23424!/:?]
	at java.util.concurrent.CompletableFuture$AsyncSupply.run(CompletableFuture.java:1768) ~[?:?]
	at java.util.concurrent.CompletableFuture$AsyncSupply.exec(CompletableFuture.java:1760) ~[?:?]
	at java.util.concurrent.ForkJoinTask.doExec(ForkJoinTask.java:373) ~[?:?]
	at java.util.concurrent.ForkJoinPool$WorkQueue.topLevelExec(ForkJoinPool.java:1182) ~[?:?]
	at java.util.concurrent.ForkJoinPool.scan(ForkJoinPool.java:1655) ~[?:?]
	at java.util.concurrent.ForkJoinPool.runWorker(ForkJoinPool.java:1622) ~[?:?]
	at java.util.concurrent.ForkJoinWorkerThread.run(ForkJoinWorkerThread.java:165) ~[?:?]
Caused by: java.io.EOFException: End of input at line 1 column 1 path $
	at com.google.gson.stream.JsonReader.nextNonWhitespace(JsonReader.java:1455) ~[gson-2.10.jar%2372!/:?]
	at com.google.gson.stream.JsonReader.doPeek(JsonReader.java:558) ~[gson-2.10.jar%2372!/:?]
	at com.google.gson.stream.JsonReader.peek(JsonReader.java:433) ~[gson-2.10.jar%2372!/:?]
	at com.google.gson.internal.bind.TypeAdapters$28.read(TypeAdapters.java:769) ~[gson-2.10.jar%2372!/:?]
	at com.google.gson.internal.bind.TypeAdapters$28.read(TypeAdapters.java:725) ~[gson-2.10.jar%2372!/:?]
	at com.google.gson.internal.bind.TypeAdapters$34$1.read(TypeAdapters.java:1007) ~[gson-2.10.jar%2372!/:?]
	at net.minecraft.util.GsonHelper.m_13780_(GsonHelper.java:524) ~[server-1.20.1-20230612.114412-srg.jar%23424!/:?]
	... 13 more
[27Aug2026 11:17:05.129] [Worker-Main-3/ERROR] [net.minecraft.server.packs.resources.SimpleJsonResourceReloadListener/]: Couldn't parse data file cataclysm_spellbooks:coral_staff from cataclysm_spellbooks:recipes/coral_staff.json
com.google.gson.JsonParseException: java.io.EOFException: End of input at line 1 column 1 path $
	at net.minecraft.util.GsonHelper.m_13780_(GsonHelper.java:526) ~[server-1.20.1-20230612.114412-srg.jar%23424!/:?]
	at net.minecraft.util.GsonHelper.m_263475_(GsonHelper.java:531) ~[server-1.20.1-20230612.114412-srg.jar%23424!/:?]
	at net.minecraft.util.GsonHelper.m_13776_(GsonHelper.java:581) ~[server-1.20.1-20230612.114412-srg.jar%23424!/:?]
	at net.minecraft.server.packs.resources.SimpleJsonResourceReloadListener.m_278771_(SimpleJsonResourceReloadListener.java:41) ~[server-1.20.1-20230612.114412-srg.jar%23424!/:?]
	at net.minecraft.server.packs.resources.SimpleJsonResourceReloadListener.m_5944_(SimpleJsonResourceReloadListener.java:29) ~[server-1.20.1-20230612.114412-srg.jar%23424!/:?]
	at net.minecraft.server.packs.resources.SimpleJsonResourceReloadListener.m_5944_(SimpleJsonResourceReloadListener.java:17) ~[server-1.20.1-20230612.114412-srg.jar%23424!/:?]
	at net.minecraft.server.packs.resources.SimplePreparableReloadListener.m_10786_(SimplePreparableReloadListener.java:11) ~[server-1.20.1-20230612.114412-srg.jar%23424!/:?]
	at java.util.concurrent.CompletableFuture$AsyncSupply.run(CompletableFuture.java:1768) ~[?:?]
	at java.util.concurrent.CompletableFuture$AsyncSupply.exec(CompletableFuture.java:1760) ~[?:?]
	at java.util.concurrent.ForkJoinTask.doExec(ForkJoinTask.java:373) ~[?:?]
	at java.util.concurrent.ForkJoinPool$WorkQueue.topLevelExec(ForkJoinPool.java:1182) ~[?:?]
	at java.util.concurrent.ForkJoinPool.scan(ForkJoinPool.java:1655) ~[?:?]
	at java.util.concurrent.ForkJoinPool.runWorker(ForkJoinPool.java:1622) ~[?:?]
	at java.util.concurrent.ForkJoinWorkerThread.run(ForkJoinWorkerThread.java:165) ~[?:?]
Caused by: java.io.EOFException: End of input at line 1 column 1 path $
	at com.google.gson.stream.JsonReader.nextNonWhitespace(JsonReader.java:1455) ~[gson-2.10.jar%2372!/:?]
	at com.google.gson.stream.JsonReader.doPeek(JsonReader.java:558) ~[gson-2.10.jar%2372!/:?]
	at com.google.gson.stream.JsonReader.peek(JsonReader.java:433) ~[gson-2.10.jar%2372!/:?]
	at com.google.gson.internal.bind.TypeAdapters$28.read(TypeAdapters.java:769) ~[gson-2.10.jar%2372!/:?]
	at com.google.gson.internal.bind.TypeAdapters$28.read(TypeAdapters.java:725) ~[gson-2.10.jar%2372!/:?]
	at com.google.gson.internal.bind.TypeAdapters$34$1.read(TypeAdapters.java:1007) ~[gson-2.10.jar%2372!/:?]
	at net.minecraft.util.GsonHelper.m_13780_(GsonHelper.java:524) ~[server-1.20.1-20230612.114412-srg.jar%23424!/:?]
	... 13 more
[27Aug2026 11:17:05.136] [Worker-Main-3/ERROR] [net.minecraft.server.packs.resources.SimpleJsonResourceReloadListener/]: Couldn't parse data file efn:crescent_moon from efn:recipes/crescent_moon.json
com.google.gson.JsonParseException: java.io.EOFException: End of input at line 1 column 1 path $
	at net.minecraft.util.GsonHelper.m_13780_(GsonHelper.java:526) ~[server-1.20.1-20230612.114412-srg.jar%23424!/:?]
	at net.minecraft.util.GsonHelper.m_263475_(GsonHelper.java:531) ~[server-1.20.1-20230612.114412-srg.jar%23424!/:?]
	at net.minecraft.util.GsonHelper.m_13776_(GsonHelper.java:581) ~[server-1.20.1-20230612.114412-srg.jar%23424!/:?]
	at net.minecraft.server.packs.resources.SimpleJsonResourceReloadListener.m_278771_(SimpleJsonResourceReloadListener.java:41) ~[server-1.20.1-20230612.114412-srg.jar%23424!/:?]
	at net.minecraft.server.packs.resources.SimpleJsonResourceReloadListener.m_5944_(SimpleJsonResourceReloadListener.java:29) ~[server-1.20.1-20230612.114412-srg.jar%23424!/:?]
	at net.minecraft.server.packs.resources.SimpleJsonResourceReloadListener.m_5944_(SimpleJsonResourceReloadListener.java:17) ~[server-1.20.1-20230612.114412-srg.jar%23424!/:?]
	at net.minecraft.server.packs.resources.SimplePreparableReloadListener.m_10786_(SimplePreparableReloadListener.java:11) ~[server-1.20.1-20230612.114412-srg.jar%23424!/:?]
	at java.util.concurrent.CompletableFuture$AsyncSupply.run(CompletableFuture.java:1768) ~[?:?]
	at java.util.concurrent.CompletableFuture$AsyncSupply.exec(CompletableFuture.java:1760) ~[?:?]
	at java.util.concurrent.ForkJoinTask.doExec(ForkJoinTask.java:373) ~[?:?]
	at java.util.concurrent.ForkJoinPool$WorkQueue.topLevelExec(ForkJoinPool.java:1182) ~[?:?]
	at java.util.concurrent.ForkJoinPool.scan(ForkJoinPool.java:1655) ~[?:?]
	at java.util.concurrent.ForkJoinPool.runWorker(ForkJoinPool.java:1622) ~[?:?]
	at java.util.concurrent.ForkJoinWorkerThread.run(ForkJoinWorkerThread.java:165) ~[?:?]
Caused by: java.io.EOFException: End of input at line 1 column 1 path $
	at com.google.gson.stream.JsonReader.nextNonWhitespace(JsonReader.java:1455) ~[gson-2.10.jar%2372!/:?]
	at com.google.gson.stream.JsonReader.doPeek(JsonReader.java:558) ~[gson-2.10.jar%2372!/:?]
	at com.google.gson.stream.JsonReader.peek(JsonReader.java:433) ~[gson-2.10.jar%2372!/:?]
	at com.google.gson.internal.bind.TypeAdapters$28.read(TypeAdapters.java:769) ~[gson-2.10.jar%2372!/:?]
	at com.google.gson.internal.bind.TypeAdapters$28.read(TypeAdapters.java:725) ~[gson-2.10.jar%2372!/:?]
	at com.google.gson.internal.bind.TypeAdapters$34$1.read(TypeAdapters.java:1007) ~[gson-2.10.jar%2372!/:?]
	at net.minecraft.util.GsonHelper.m_13780_(GsonHelper.java:524) ~[server-1.20.1-20230612.114412-srg.jar%23424!/:?]
	... 13 more
[27Aug2026 11:17:05.142] [Worker-Main-3/ERROR] [net.minecraft.server.packs.resources.SimpleJsonResourceReloadListener/]: Couldn't parse data file efn:crimson_moon from efn:recipes/crimson_moon.json
com.google.gson.JsonParseException: java.io.EOFException: End of input at line 1 column 1 path $
	at net.minecraft.util.GsonHelper.m_13780_(GsonHelper.java:526) ~[server-1.20.1-20230612.114412-srg.jar%23424!/:?]
	at net.minecraft.util.GsonHelper.m_263475_(GsonHelper.java:531) ~[server-1.20.1-20230612.114412-srg.jar%23424!/:?]
	at net.minecraft.util.GsonHelper.m_13776_(GsonHelper.java:581) ~[server-1.20.1-20230612.114412-srg.jar%23424!/:?]
	at net.minecraft.server.packs.resources.SimpleJsonResourceReloadListener.m_278771_(SimpleJsonResourceReloadListener.java:41) ~[server-1.20.1-20230612.114412-srg.jar%23424!/:?]
	at net.minecraft.server.packs.resources.SimpleJsonResourceReloadListener.m_5944_(SimpleJsonResourceReloadListener.java:29) ~[server-1.20.1-20230612.114412-srg.jar%23424!/:?]
	at net.minecraft.server.packs.resources.SimpleJsonResourceReloadListener.m_5944_(SimpleJsonResourceReloadListener.java:17) ~[server-1.20.1-20230612.114412-srg.jar%23424!/:?]
	at net.minecraft.server.packs.resources.SimplePreparableReloadListener.m_10786_(SimplePreparableReloadListener.java:11) ~[server-1.20.1-20230612.114412-srg.jar%23424!/:?]
	at java.util.concurrent.CompletableFuture$AsyncSupply.run(CompletableFuture.java:1768) ~[?:?]
	at java.util.concurrent.CompletableFuture$AsyncSupply.exec(CompletableFuture.java:1760) ~[?:?]
	at java.util.concurrent.ForkJoinTask.doExec(ForkJoinTask.java:373) ~[?:?]
	at java.util.concurrent.ForkJoinPool$WorkQueue.topLevelExec(ForkJoinPool.java:1182) ~[?:?]
	at java.util.concurrent.ForkJoinPool.scan(ForkJoinPool.java:1655) ~[?:?]
	at java.util.concurrent.ForkJoinPool.runWorker(ForkJoinPool.java:1622) ~[?:?]
	at java.util.concurrent.ForkJoinWorkerThread.run(ForkJoinWorkerThread.java:165) ~[?:?]
Caused by: java.io.EOFException: End of input at line 1 column 1 path $
	at com.google.gson.stream.JsonReader.nextNonWhitespace(JsonReader.java:1455) ~[gson-2.10.jar%2372!/:?]
	at com.google.gson.stream.JsonReader.doPeek(JsonReader.java:558) ~[gson-2.10.jar%2372!/:?]
	at com.google.gson.stream.JsonReader.peek(JsonReader.java:433) ~[gson-2.10.jar%2372!/:?]
	at com.google.gson.internal.bind.TypeAdapters$28.read(TypeAdapters.java:769) ~[gson-2.10.jar%2372!/:?]
	at com.google.gson.internal.bind.TypeAdapters$28.read(TypeAdapters.java:725) ~[gson-2.10.jar%2372!/:?]
	at com.google.gson.internal.bind.TypeAdapters$34$1.read(TypeAdapters.java:1007) ~[gson-2.10.jar%2372!/:?]
	at net.minecraft.util.GsonHelper.m_13780_(GsonHelper.java:524) ~[server-1.20.1-20230612.114412-srg.jar%23424!/:?]
	... 13 more
[27Aug2026 11:17:05.145] [Worker-Main-3/ERROR] [net.minecraft.server.packs.resources.SimpleJsonResourceReloadListener/]: Couldn't parse data file fromtheshadows:crystallized_dagger from fromtheshadows:recipes/crystallized_dagger.json
com.google.gson.JsonParseException: java.io.EOFException: End of input at line 1 column 1 path $
	at net.minecraft.util.GsonHelper.m_13780_(GsonHelper.java:526) ~[server-1.20.1-20230612.114412-srg.jar%23424!/:?]
	at net.minecraft.util.GsonHelper.m_263475_(GsonHelper.java:531) ~[server-1.20.1-20230612.114412-srg.jar%23424!/:?]
	at net.minecraft.util.GsonHelper.m_13776_(GsonHelper.java:581) ~[server-1.20.1-20230612.114412-srg.jar%23424!/:?]
	at net.minecraft.server.packs.resources.SimpleJsonResourceReloadListener.m_278771_(SimpleJsonResourceReloadListener.java:41) ~[server-1.20.1-20230612.114412-srg.jar%23424!/:?]
	at net.minecraft.server.packs.resources.SimpleJsonResourceReloadListener.m_5944_(SimpleJsonResourceReloadListener.java:29) ~[server-1.20.1-20230612.114412-srg.jar%23424!/:?]
	at net.minecraft.server.packs.resources.SimpleJsonResourceReloadListener.m_5944_(SimpleJsonResourceReloadListener.java:17) ~[server-1.20.1-20230612.114412-srg.jar%23424!/:?]
	at net.minecraft.server.packs.resources.SimplePreparableReloadListener.m_10786_(SimplePreparableReloadListener.java:11) ~[server-1.20.1-20230612.114412-srg.jar%23424!/:?]
	at java.util.concurrent.CompletableFuture$AsyncSupply.run(CompletableFuture.java:1768) ~[?:?]
	at java.util.concurrent.CompletableFuture$AsyncSupply.exec(CompletableFuture.java:1760) ~[?:?]
	at java.util.concurrent.ForkJoinTask.doExec(ForkJoinTask.java:373) ~[?:?]
	at java.util.concurrent.ForkJoinPool$WorkQueue.topLevelExec(ForkJoinPool.java:1182) ~[?:?]
	at java.util.concurrent.ForkJoinPool.scan(ForkJoinPool.java:1655) ~[?:?]
	at java.util.concurrent.ForkJoinPool.runWorker(ForkJoinPool.java:1622) ~[?:?]
	at java.util.concurrent.ForkJoinWorkerThread.run(ForkJoinWorkerThread.java:165) ~[?:?]
Caused by: java.io.EOFException: End of input at line 1 column 1 path $
	at com.google.gson.stream.JsonReader.nextNonWhitespace(JsonReader.java:1455) ~[gson-2.10.jar%2372!/:?]
	at com.google.gson.stream.JsonReader.doPeek(JsonReader.java:558) ~[gson-2.10.jar%2372!/:?]
	at com.google.gson.stream.JsonReader.peek(JsonReader.java:433) ~[gson-2.10.jar%2372!/:?]
	at com.google.gson.internal.bind.TypeAdapters$28.read(TypeAdapters.java:769) ~[gson-2.10.jar%2372!/:?]
	at com.google.gson.internal.bind.TypeAdapters$28.read(TypeAdapters.java:725) ~[gson-2.10.jar%2372!/:?]
	at com.google.gson.internal.bind.TypeAdapters$34$1.read(TypeAdapters.java:1007) ~[gson-2.10.jar%2372!/:?]
	at net.minecraft.util.GsonHelper.m_13780_(GsonHelper.java:524) ~[server-1.20.1-20230612.114412-srg.jar%23424!/:?]
	... 13 more
[27Aug2026 11:17:05.150] [Worker-Main-3/ERROR] [net.minecraft.server.packs.resources.SimpleJsonResourceReloadListener/]: Couldn't parse data file cataclysm:cursed_bow from cataclysm:recipes/cursed_bow.json
com.google.gson.JsonParseException: java.io.EOFException: End of input at line 1 column 1 path $
	at net.minecraft.util.GsonHelper.m_13780_(GsonHelper.java:526) ~[server-1.20.1-20230612.114412-srg.jar%23424!/:?]
	at net.minecraft.util.GsonHelper.m_263475_(GsonHelper.java:531) ~[server-1.20.1-20230612.114412-srg.jar%23424!/:?]
	at net.minecraft.util.GsonHelper.m_13776_(GsonHelper.java:581) ~[server-1.20.1-20230612.114412-srg.jar%23424!/:?]
	at net.minecraft.server.packs.resources.SimpleJsonResourceReloadListener.m_278771_(SimpleJsonResourceReloadListener.java:41) ~[server-1.20.1-20230612.114412-srg.jar%23424!/:?]
	at net.minecraft.server.packs.resources.SimpleJsonResourceReloadListener.m_5944_(SimpleJsonResourceReloadListener.java:29) ~[server-1.20.1-20230612.114412-srg.jar%23424!/:?]
	at net.minecraft.server.packs.resources.SimpleJsonResourceReloadListener.m_5944_(SimpleJsonResourceReloadListener.java:17) ~[server-1.20.1-20230612.114412-srg.jar%23424!/:?]
	at net.minecraft.server.packs.resources.SimplePreparableReloadListener.m_10786_(SimplePreparableReloadListener.java:11) ~[server-1.20.1-20230612.114412-srg.jar%23424!/:?]
	at java.util.concurrent.CompletableFuture$AsyncSupply.run(CompletableFuture.java:1768) ~[?:?]
	at java.util.concurrent.CompletableFuture$AsyncSupply.exec(CompletableFuture.java:1760) ~[?:?]
	at java.util.concurrent.ForkJoinTask.doExec(ForkJoinTask.java:373) ~[?:?]
	at java.util.concurrent.ForkJoinPool$WorkQueue.topLevelExec(ForkJoinPool.java:1182) ~[?:?]
	at java.util.concurrent.ForkJoinPool.scan(ForkJoinPool.java:1655) ~[?:?]
	at java.util.concurrent.ForkJoinPool.runWorker(ForkJoinPool.java:1622) ~[?:?]
	at java.util.concurrent.ForkJoinWorkerThread.run(ForkJoinWorkerThread.java:165) ~[?:?]
Caused by: java.io.EOFException: End of input at line 1 column 1 path $
	at com.google.gson.stream.JsonReader.nextNonWhitespace(JsonReader.java:1455) ~[gson-2.10.jar%2372!/:?]
	at com.google.gson.stream.JsonReader.doPeek(JsonReader.java:558) ~[gson-2.10.jar%2372!/:?]
	at com.google.gson.stream.JsonReader.peek(JsonReader.java:433) ~[gson-2.10.jar%2372!/:?]
	at com.google.gson.internal.bind.TypeAdapters$28.read(TypeAdapters.java:769) ~[gson-2.10.jar%2372!/:?]
	at com.google.gson.internal.bind.TypeAdapters$28.read(TypeAdapters.java:725) ~[gson-2.10.jar%2372!/:?]
	at com.google.gson.internal.bind.TypeAdapters$34$1.read(TypeAdapters.java:1007) ~[gson-2.10.jar%2372!/:?]
	at net.minecraft.util.GsonHelper.m_13780_(GsonHelper.java:524) ~[server-1.20.1-20230612.114412-srg.jar%23424!/:?]
	... 13 more
[27Aug2026 11:17:05.152] [Worker-Main-3/ERROR] [net.minecraft.server.packs.resources.SimpleJsonResourceReloadListener/]: Couldn't parse data file irons_spellbooks:cursed_doll_spell_book from irons_spellbooks:recipes/cursed_doll_spell_book.json
com.google.gson.JsonParseException: java.io.EOFException: End of input at line 1 column 1 path $
	at net.minecraft.util.GsonHelper.m_13780_(GsonHelper.java:526) ~[server-1.20.1-20230612.114412-srg.jar%23424!/:?]
	at net.minecraft.util.GsonHelper.m_263475_(GsonHelper.java:531) ~[server-1.20.1-20230612.114412-srg.jar%23424!/:?]
	at net.minecraft.util.GsonHelper.m_13776_(GsonHelper.java:581) ~[server-1.20.1-20230612.114412-srg.jar%23424!/:?]
	at net.minecraft.server.packs.resources.SimpleJsonResourceReloadListener.m_278771_(SimpleJsonResourceReloadListener.java:41) ~[server-1.20.1-20230612.114412-srg.jar%23424!/:?]
	at net.minecraft.server.packs.resources.SimpleJsonResourceReloadListener.m_5944_(SimpleJsonResourceReloadListener.java:29) ~[server-1.20.1-20230612.114412-srg.jar%23424!/:?]
	at net.minecraft.server.packs.resources.SimpleJsonResourceReloadListener.m_5944_(SimpleJsonResourceReloadListener.java:17) ~[server-1.20.1-20230612.114412-srg.jar%23424!/:?]
	at net.minecraft.server.packs.resources.SimplePreparableReloadListener.m_10786_(SimplePreparableReloadListener.java:11) ~[server-1.20.1-20230612.114412-srg.jar%23424!/:?]
	at java.util.concurrent.CompletableFuture$AsyncSupply.run(CompletableFuture.java:1768) ~[?:?]
	at java.util.concurrent.CompletableFuture$AsyncSupply.exec(CompletableFuture.java:1760) ~[?:?]
	at java.util.concurrent.ForkJoinTask.doExec(ForkJoinTask.java:373) ~[?:?]
	at java.util.concurrent.ForkJoinPool$WorkQueue.topLevelExec(ForkJoinPool.java:1182) ~[?:?]
	at java.util.concurrent.ForkJoinPool.scan(ForkJoinPool.java:1655) ~[?:?]
	at java.util.concurrent.ForkJoinPool.runWorker(ForkJoinPool.java:1622) ~[?:?]
	at java.util.concurrent.ForkJoinWorkerThread.run(ForkJoinWorkerThread.java:165) ~[?:?]
Caused by: java.io.EOFException: End of input at line 1 column 1 path $
	at com.google.gson.stream.JsonReader.nextNonWhitespace(JsonReader.java:1455) ~[gson-2.10.jar%2372!/:?]
	at com.google.gson.stream.JsonReader.doPeek(JsonReader.java:558) ~[gson-2.10.jar%2372!/:?]
	at com.google.gson.stream.JsonReader.peek(JsonReader.java:433) ~[gson-2.10.jar%2372!/:?]
	at com.google.gson.internal.bind.TypeAdapters$28.read(TypeAdapters.java:769) ~[gson-2.10.jar%2372!/:?]
	at com.google.gson.internal.bind.TypeAdapters$28.read(TypeAdapters.java:725) ~[gson-2.10.jar%2372!/:?]
	at com.google.gson.internal.bind.TypeAdapters$34$1.read(TypeAdapters.java:1007) ~[gson-2.10.jar%2372!/:?]
	at net.minecraft.util.GsonHelper.m_13780_(GsonHelper.java:524) ~[server-1.20.1-20230612.114412-srg.jar%23424!/:?]
	... 13 more
[27Aug2026 11:17:05.322] [Worker-Main-3/ERROR] [net.minecraft.server.packs.resources.SimpleJsonResourceReloadListener/]: Couldn't parse data file irons_spellbooks:decrepit_scythe_repair from irons_spellbooks:recipes/decrepit_scythe_repair.json
com.google.gson.JsonParseException: java.io.EOFException: End of input at line 1 column 1 path $
	at net.minecraft.util.GsonHelper.m_13780_(GsonHelper.java:526) ~[server-1.20.1-20230612.114412-srg.jar%23424!/:?]
	at net.minecraft.util.GsonHelper.m_263475_(GsonHelper.java:531) ~[server-1.20.1-20230612.114412-srg.jar%23424!/:?]
	at net.minecraft.util.GsonHelper.m_13776_(GsonHelper.java:581) ~[server-1.20.1-20230612.114412-srg.jar%23424!/:?]
	at net.minecraft.server.packs.resources.SimpleJsonResourceReloadListener.m_278771_(SimpleJsonResourceReloadListener.java:41) ~[server-1.20.1-20230612.114412-srg.jar%23424!/:?]
	at net.minecraft.server.packs.resources.SimpleJsonResourceReloadListener.m_5944_(SimpleJsonResourceReloadListener.java:29) ~[server-1.20.1-20230612.114412-srg.jar%23424!/:?]
	at net.minecraft.server.packs.resources.SimpleJsonResourceReloadListener.m_5944_(SimpleJsonResourceReloadListener.java:17) ~[server-1.20.1-20230612.114412-srg.jar%23424!/:?]
	at net.minecraft.server.packs.resources.SimplePreparableReloadListener.m_10786_(SimplePreparableReloadListener.java:11) ~[server-1.20.1-20230612.114412-srg.jar%23424!/:?]
	at java.util.concurrent.CompletableFuture$AsyncSupply.run(CompletableFuture.java:1768) ~[?:?]
	at java.util.concurrent.CompletableFuture$AsyncSupply.exec(CompletableFuture.java:1760) ~[?:?]
	at java.util.concurrent.ForkJoinTask.doExec(ForkJoinTask.java:373) ~[?:?]
	at java.util.concurrent.ForkJoinPool$WorkQueue.topLevelExec(ForkJoinPool.java:1182) ~[?:?]
	at java.util.concurrent.ForkJoinPool.scan(ForkJoinPool.java:1655) ~[?:?]
	at java.util.concurrent.ForkJoinPool.runWorker(ForkJoinPool.java:1622) ~[?:?]
	at java.util.concurrent.ForkJoinWorkerThread.run(ForkJoinWorkerThread.java:165) ~[?:?]
Caused by: java.io.EOFException: End of input at line 1 column 1 path $
	at com.google.gson.stream.JsonReader.nextNonWhitespace(JsonReader.java:1455) ~[gson-2.10.jar%2372!/:?]
	at com.google.gson.stream.JsonReader.doPeek(JsonReader.java:558) ~[gson-2.10.jar%2372!/:?]
	at com.google.gson.stream.JsonReader.peek(JsonReader.java:433) ~[gson-2.10.jar%2372!/:?]
	at com.google.gson.internal.bind.TypeAdapters$28.read(TypeAdapters.java:769) ~[gson-2.10.jar%2372!/:?]
	at com.google.gson.internal.bind.TypeAdapters$28.read(TypeAdapters.java:725) ~[gson-2.10.jar%2372!/:?]
	at com.google.gson.internal.bind.TypeAdapters$34$1.read(TypeAdapters.java:1007) ~[gson-2.10.jar%2372!/:?]
	at net.minecraft.util.GsonHelper.m_13780_(GsonHelper.java:524) ~[server-1.20.1-20230612.114412-srg.jar%23424!/:?]
	... 13 more
[27Aug2026 11:17:05.329] [Worker-Main-3/ERROR] [net.minecraft.server.packs.resources.SimpleJsonResourceReloadListener/]: Couldn't parse data file fromtheshadows:devil_splitter from fromtheshadows:recipes/devil_splitter.json
com.google.gson.JsonParseException: java.io.EOFException: End of input at line 1 column 1 path $
	at net.minecraft.util.GsonHelper.m_13780_(GsonHelper.java:526) ~[server-1.20.1-20230612.114412-srg.jar%23424!/:?]
	at net.minecraft.util.GsonHelper.m_263475_(GsonHelper.java:531) ~[server-1.20.1-20230612.114412-srg.jar%23424!/:?]
	at net.minecraft.util.GsonHelper.m_13776_(GsonHelper.java:581) ~[server-1.20.1-20230612.114412-srg.jar%23424!/:?]
	at net.minecraft.server.packs.resources.SimpleJsonResourceReloadListener.m_278771_(SimpleJsonResourceReloadListener.java:41) ~[server-1.20.1-20230612.114412-srg.jar%23424!/:?]
	at net.minecraft.server.packs.resources.SimpleJsonResourceReloadListener.m_5944_(SimpleJsonResourceReloadListener.java:29) ~[server-1.20.1-20230612.114412-srg.jar%23424!/:?]
	at net.minecraft.server.packs.resources.SimpleJsonResourceReloadListener.m_5944_(SimpleJsonResourceReloadListener.java:17) ~[server-1.20.1-20230612.114412-srg.jar%23424!/:?]
	at net.minecraft.server.packs.resources.SimplePreparableReloadListener.m_10786_(SimplePreparableReloadListener.java:11) ~[server-1.20.1-20230612.114412-srg.jar%23424!/:?]
	at java.util.concurrent.CompletableFuture$AsyncSupply.run(CompletableFuture.java:1768) ~[?:?]
	at java.util.concurrent.CompletableFuture$AsyncSupply.exec(CompletableFuture.java:1760) ~[?:?]
	at java.util.concurrent.ForkJoinTask.doExec(ForkJoinTask.java:373) ~[?:?]
	at java.util.concurrent.ForkJoinPool$WorkQueue.topLevelExec(ForkJoinPool.java:1182) ~[?:?]
	at java.util.concurrent.ForkJoinPool.scan(ForkJoinPool.java:1655) ~[?:?]
	at java.util.concurrent.ForkJoinPool.runWorker(ForkJoinPool.java:1622) ~[?:?]
	at java.util.concurrent.ForkJoinWorkerThread.run(ForkJoinWorkerThread.java:165) ~[?:?]
Caused by: java.io.EOFException: End of input at line 1 column 1 path $
	at com.google.gson.stream.JsonReader.nextNonWhitespace(JsonReader.java:1455) ~[gson-2.10.jar%2372!/:?]
	at com.google.gson.stream.JsonReader.doPeek(JsonReader.java:558) ~[gson-2.10.jar%2372!/:?]
	at com.google.gson.stream.JsonReader.peek(JsonReader.java:433) ~[gson-2.10.jar%2372!/:?]
	at com.google.gson.internal.bind.TypeAdapters$28.read(TypeAdapters.java:769) ~[gson-2.10.jar%2372!/:?]
	at com.google.gson.internal.bind.TypeAdapters$28.read(TypeAdapters.java:725) ~[gson-2.10.jar%2372!/:?]
	at com.google.gson.internal.bind.TypeAdapters$34$1.read(TypeAdapters.java:1007) ~[gson-2.10.jar%2372!/:?]
	at net.minecraft.util.GsonHelper.m_13780_(GsonHelper.java:524) ~[server-1.20.1-20230612.114412-srg.jar%23424!/:?]
	... 13 more
[27Aug2026 11:17:05.334] [Worker-Main-3/ERROR] [net.minecraft.server.packs.resources.SimpleJsonResourceReloadListener/]: Couldn't parse data file irons_spellbooks:diamond_spell_book from irons_spellbooks:recipes/diamond_spell_book.json
com.google.gson.JsonParseException: java.io.EOFException: End of input at line 1 column 1 path $
	at net.minecraft.util.GsonHelper.m_13780_(GsonHelper.java:526) ~[server-1.20.1-20230612.114412-srg.jar%23424!/:?]
	at net.minecraft.util.GsonHelper.m_263475_(GsonHelper.java:531) ~[server-1.20.1-20230612.114412-srg.jar%23424!/:?]
	at net.minecraft.util.GsonHelper.m_13776_(GsonHelper.java:581) ~[server-1.20.1-20230612.114412-srg.jar%23424!/:?]
	at net.minecraft.server.packs.resources.SimpleJsonResourceReloadListener.m_278771_(SimpleJsonResourceReloadListener.java:41) ~[server-1.20.1-20230612.114412-srg.jar%23424!/:?]
	at net.minecraft.server.packs.resources.SimpleJsonResourceReloadListener.m_5944_(SimpleJsonResourceReloadListener.java:29) ~[server-1.20.1-20230612.114412-srg.jar%23424!/:?]
	at net.minecraft.server.packs.resources.SimpleJsonResourceReloadListener.m_5944_(SimpleJsonResourceReloadListener.java:17) ~[server-1.20.1-20230612.114412-srg.jar%23424!/:?]
	at net.minecraft.server.packs.resources.SimplePreparableReloadListener.m_10786_(SimplePreparableReloadListener.java:11) ~[server-1.20.1-20230612.114412-srg.jar%23424!/:?]
	at java.util.concurrent.CompletableFuture$AsyncSupply.run(CompletableFuture.java:1768) ~[?:?]
	at java.util.concurrent.CompletableFuture$AsyncSupply.exec(CompletableFuture.java:1760) ~[?:?]
	at java.util.concurrent.ForkJoinTask.doExec(ForkJoinTask.java:373) ~[?:?]
	at java.util.concurrent.ForkJoinPool$WorkQueue.topLevelExec(ForkJoinPool.java:1182) ~[?:?]
	at java.util.concurrent.ForkJoinPool.scan(ForkJoinPool.java:1655) ~[?:?]
	at java.util.concurrent.ForkJoinPool.runWorker(ForkJoinPool.java:1622) ~[?:?]
	at java.util.concurrent.ForkJoinWorkerThread.run(ForkJoinWorkerThread.java:165) ~[?:?]
Caused by: java.io.EOFException: End of input at line 1 column 1 path $
	at com.google.gson.stream.JsonReader.nextNonWhitespace(JsonReader.java:1455) ~[gson-2.10.jar%2372!/:?]
	at com.google.gson.stream.JsonReader.doPeek(JsonReader.java:558) ~[gson-2.10.jar%2372!/:?]
	at com.google.gson.stream.JsonReader.peek(JsonReader.java:433) ~[gson-2.10.jar%2372!/:?]
	at com.google.gson.internal.bind.TypeAdapters$28.read(TypeAdapters.java:769) ~[gson-2.10.jar%2372!/:?]
	at com.google.gson.internal.bind.TypeAdapters$28.read(TypeAdapters.java:725) ~[gson-2.10.jar%2372!/:?]
	at com.google.gson.internal.bind.TypeAdapters$34$1.read(TypeAdapters.java:1007) ~[gson-2.10.jar%2372!/:?]
	at net.minecraft.util.GsonHelper.m_13780_(GsonHelper.java:524) ~[server-1.20.1-20230612.114412-srg.jar%23424!/:?]
	... 13 more
[27Aug2026 11:17:05.337] [Worker-Main-3/ERROR] [net.minecraft.server.packs.resources.SimpleJsonResourceReloadListener/]: Couldn't parse data file irons_spellbooks:dragonskin_spell_book from irons_spellbooks:recipes/dragonskin_spell_book.json
com.google.gson.JsonParseException: java.io.EOFException: End of input at line 1 column 1 path $
	at net.minecraft.util.GsonHelper.m_13780_(GsonHelper.java:526) ~[server-1.20.1-20230612.114412-srg.jar%23424!/:?]
	at net.minecraft.util.GsonHelper.m_263475_(GsonHelper.java:531) ~[server-1.20.1-20230612.114412-srg.jar%23424!/:?]
	at net.minecraft.util.GsonHelper.m_13776_(GsonHelper.java:581) ~[server-1.20.1-20230612.114412-srg.jar%23424!/:?]
	at net.minecraft.server.packs.resources.SimpleJsonResourceReloadListener.m_278771_(SimpleJsonResourceReloadListener.java:41) ~[server-1.20.1-20230612.114412-srg.jar%23424!/:?]
	at net.minecraft.server.packs.resources.SimpleJsonResourceReloadListener.m_5944_(SimpleJsonResourceReloadListener.java:29) ~[server-1.20.1-20230612.114412-srg.jar%23424!/:?]
	at net.minecraft.server.packs.resources.SimpleJsonResourceReloadListener.m_5944_(SimpleJsonResourceReloadListener.java:17) ~[server-1.20.1-20230612.114412-srg.jar%23424!/:?]
	at net.minecraft.server.packs.resources.SimplePreparableReloadListener.m_10786_(SimplePreparableReloadListener.java:11) ~[server-1.20.1-20230612.114412-srg.jar%23424!/:?]
	at java.util.concurrent.CompletableFuture$AsyncSupply.run(CompletableFuture.java:1768) ~[?:?]
	at java.util.concurrent.CompletableFuture$AsyncSupply.exec(CompletableFuture.java:1760) ~[?:?]
	at java.util.concurrent.ForkJoinTask.doExec(ForkJoinTask.java:373) ~[?:?]
	at java.util.concurrent.ForkJoinPool$WorkQueue.topLevelExec(ForkJoinPool.java:1182) ~[?:?]
	at java.util.concurrent.ForkJoinPool.scan(ForkJoinPool.java:1655) ~[?:?]
	at java.util.concurrent.ForkJoinPool.runWorker(ForkJoinPool.java:1622) ~[?:?]
	at java.util.concurrent.ForkJoinWorkerThread.run(ForkJoinWorkerThread.java:165) ~[?:?]
Caused by: java.io.EOFException: End of input at line 1 column 1 path $
	at com.google.gson.stream.JsonReader.nextNonWhitespace(JsonReader.java:1455) ~[gson-2.10.jar%2372!/:?]
	at com.google.gson.stream.JsonReader.doPeek(JsonReader.java:558) ~[gson-2.10.jar%2372!/:?]
	at com.google.gson.stream.JsonReader.peek(JsonReader.java:433) ~[gson-2.10.jar%2372!/:?]
	at com.google.gson.internal.bind.TypeAdapters$28.read(TypeAdapters.java:769) ~[gson-2.10.jar%2372!/:?]
	at com.google.gson.internal.bind.TypeAdapters$28.read(TypeAdapters.java:725) ~[gson-2.10.jar%2372!/:?]
	at com.google.gson.internal.bind.TypeAdapters$34$1.read(TypeAdapters.java:1007) ~[gson-2.10.jar%2372!/:?]
	at net.minecraft.util.GsonHelper.m_13780_(GsonHelper.java:524) ~[server-1.20.1-20230612.114412-srg.jar%23424!/:?]
	... 13 more
[27Aug2026 11:17:05.339] [Worker-Main-3/ERROR] [net.minecraft.server.packs.resources.SimpleJsonResourceReloadListener/]: Couldn't parse data file irons_spellbooks:druidic_spell_book from irons_spellbooks:recipes/druidic_spell_book.json
com.google.gson.JsonParseException: java.io.EOFException: End of input at line 1 column 1 path $
	at net.minecraft.util.GsonHelper.m_13780_(GsonHelper.java:526) ~[server-1.20.1-20230612.114412-srg.jar%23424!/:?]
	at net.minecraft.util.GsonHelper.m_263475_(GsonHelper.java:531) ~[server-1.20.1-20230612.114412-srg.jar%23424!/:?]
	at net.minecraft.util.GsonHelper.m_13776_(GsonHelper.java:581) ~[server-1.20.1-20230612.114412-srg.jar%23424!/:?]
	at net.minecraft.server.packs.resources.SimpleJsonResourceReloadListener.m_278771_(SimpleJsonResourceReloadListener.java:41) ~[server-1.20.1-20230612.114412-srg.jar%23424!/:?]
	at net.minecraft.server.packs.resources.SimpleJsonResourceReloadListener.m_5944_(SimpleJsonResourceReloadListener.java:29) ~[server-1.20.1-20230612.114412-srg.jar%23424!/:?]
	at net.minecraft.server.packs.resources.SimpleJsonResourceReloadListener.m_5944_(SimpleJsonResourceReloadListener.java:17) ~[server-1.20.1-20230612.114412-srg.jar%23424!/:?]
	at net.minecraft.server.packs.resources.SimplePreparableReloadListener.m_10786_(SimplePreparableReloadListener.java:11) ~[server-1.20.1-20230612.114412-srg.jar%23424!/:?]
	at java.util.concurrent.CompletableFuture$AsyncSupply.run(CompletableFuture.java:1768) ~[?:?]
	at java.util.concurrent.CompletableFuture$AsyncSupply.exec(CompletableFuture.java:1760) ~[?:?]
	at java.util.concurrent.ForkJoinTask.doExec(ForkJoinTask.java:373) ~[?:?]
	at java.util.concurrent.ForkJoinPool$WorkQueue.topLevelExec(ForkJoinPool.java:1182) ~[?:?]
	at java.util.concurrent.ForkJoinPool.scan(ForkJoinPool.java:1655) ~[?:?]
	at java.util.concurrent.ForkJoinPool.runWorker(ForkJoinPool.java:1622) ~[?:?]
	at java.util.concurrent.ForkJoinWorkerThread.run(ForkJoinWorkerThread.java:165) ~[?:?]
Caused by: java.io.EOFException: End of input at line 1 column 1 path $
	at com.google.gson.stream.JsonReader.nextNonWhitespace(JsonReader.java:1455) ~[gson-2.10.jar%2372!/:?]
	at com.google.gson.stream.JsonReader.doPeek(JsonReader.java:558) ~[gson-2.10.jar%2372!/:?]
	at com.google.gson.stream.JsonReader.peek(JsonReader.java:433) ~[gson-2.10.jar%2372!/:?]
	at com.google.gson.internal.bind.TypeAdapters$28.read(TypeAdapters.java:769) ~[gson-2.10.jar%2372!/:?]
	at com.google.gson.internal.bind.TypeAdapters$28.read(TypeAdapters.java:725) ~[gson-2.10.jar%2372!/:?]
	at com.google.gson.internal.bind.TypeAdapters$34$1.read(TypeAdapters.java:1007) ~[gson-2.10.jar%2372!/:?]
	at net.minecraft.util.GsonHelper.m_13780_(GsonHelper.java:524) ~[server-1.20.1-20230612.114412-srg.jar%23424!/:?]
	... 13 more
[27Aug2026 11:17:05.341] [Worker-Main-3/ERROR] [net.minecraft.server.packs.resources.SimpleJsonResourceReloadListener/]: Couldn't parse data file efn:duskfire_boots from efn:recipes/duskfire_boots.json
com.google.gson.JsonParseException: java.io.EOFException: End of input at line 1 column 1 path $
	at net.minecraft.util.GsonHelper.m_13780_(GsonHelper.java:526) ~[server-1.20.1-20230612.114412-srg.jar%23424!/:?]
	at net.minecraft.util.GsonHelper.m_263475_(GsonHelper.java:531) ~[server-1.20.1-20230612.114412-srg.jar%23424!/:?]
	at net.minecraft.util.GsonHelper.m_13776_(GsonHelper.java:581) ~[server-1.20.1-20230612.114412-srg.jar%23424!/:?]
	at net.minecraft.server.packs.resources.SimpleJsonResourceReloadListener.m_278771_(SimpleJsonResourceReloadListener.java:41) ~[server-1.20.1-20230612.114412-srg.jar%23424!/:?]
	at net.minecraft.server.packs.resources.SimpleJsonResourceReloadListener.m_5944_(SimpleJsonResourceReloadListener.java:29) ~[server-1.20.1-20230612.114412-srg.jar%23424!/:?]
	at net.minecraft.server.packs.resources.SimpleJsonResourceReloadListener.m_5944_(SimpleJsonResourceReloadListener.java:17) ~[server-1.20.1-20230612.114412-srg.jar%23424!/:?]
	at net.minecraft.server.packs.resources.SimplePreparableReloadListener.m_10786_(SimplePreparableReloadListener.java:11) ~[server-1.20.1-20230612.114412-srg.jar%23424!/:?]
	at java.util.concurrent.CompletableFuture$AsyncSupply.run(CompletableFuture.java:1768) ~[?:?]
	at java.util.concurrent.CompletableFuture$AsyncSupply.exec(CompletableFuture.java:1760) ~[?:?]
	at java.util.concurrent.ForkJoinTask.doExec(ForkJoinTask.java:373) ~[?:?]
	at java.util.concurrent.ForkJoinPool$WorkQueue.topLevelExec(ForkJoinPool.java:1182) ~[?:?]
	at java.util.concurrent.ForkJoinPool.scan(ForkJoinPool.java:1655) ~[?:?]
	at java.util.concurrent.ForkJoinPool.runWorker(ForkJoinPool.java:1622) ~[?:?]
	at java.util.concurrent.ForkJoinWorkerThread.run(ForkJoinWorkerThread.java:165) ~[?:?]
Caused by: java.io.EOFException: End of input at line 1 column 1 path $
	at com.google.gson.stream.JsonReader.nextNonWhitespace(JsonReader.java:1455) ~[gson-2.10.jar%2372!/:?]
	at com.google.gson.stream.JsonReader.doPeek(JsonReader.java:558) ~[gson-2.10.jar%2372!/:?]
	at com.google.gson.stream.JsonReader.peek(JsonReader.java:433) ~[gson-2.10.jar%2372!/:?]
	at com.google.gson.internal.bind.TypeAdapters$28.read(TypeAdapters.java:769) ~[gson-2.10.jar%2372!/:?]
	at com.google.gson.internal.bind.TypeAdapters$28.read(TypeAdapters.java:725) ~[gson-2.10.jar%2372!/:?]
	at com.google.gson.internal.bind.TypeAdapters$34$1.read(TypeAdapters.java:1007) ~[gson-2.10.jar%2372!/:?]
	at net.minecraft.util.GsonHelper.m_13780_(GsonHelper.java:524) ~[server-1.20.1-20230612.114412-srg.jar%23424!/:?]
	... 13 more
[27Aug2026 11:17:05.344] [Worker-Main-3/ERROR] [net.minecraft.server.packs.resources.SimpleJsonResourceReloadListener/]: Couldn't parse data file efn:duskfire_chestplate from efn:recipes/duskfire_chestplate.json
com.google.gson.JsonParseException: java.io.EOFException: End of input at line 1 column 1 path $
	at net.minecraft.util.GsonHelper.m_13780_(GsonHelper.java:526) ~[server-1.20.1-20230612.114412-srg.jar%23424!/:?]
	at net.minecraft.util.GsonHelper.m_263475_(GsonHelper.java:531) ~[server-1.20.1-20230612.114412-srg.jar%23424!/:?]
	at net.minecraft.util.GsonHelper.m_13776_(GsonHelper.java:581) ~[server-1.20.1-20230612.114412-srg.jar%23424!/:?]
	at net.minecraft.server.packs.resources.SimpleJsonResourceReloadListener.m_278771_(SimpleJsonResourceReloadListener.java:41) ~[server-1.20.1-20230612.114412-srg.jar%23424!/:?]
	at net.minecraft.server.packs.resources.SimpleJsonResourceReloadListener.m_5944_(SimpleJsonResourceReloadListener.java:29) ~[server-1.20.1-20230612.114412-srg.jar%23424!/:?]
	at net.minecraft.server.packs.resources.SimpleJsonResourceReloadListener.m_5944_(SimpleJsonResourceReloadListener.java:17) ~[server-1.20.1-20230612.114412-srg.jar%23424!/:?]
	at net.minecraft.server.packs.resources.SimplePreparableReloadListener.m_10786_(SimplePreparableReloadListener.java:11) ~[server-1.20.1-20230612.114412-srg.jar%23424!/:?]
	at java.util.concurrent.CompletableFuture$AsyncSupply.run(CompletableFuture.java:1768) ~[?:?]
	at java.util.concurrent.CompletableFuture$AsyncSupply.exec(CompletableFuture.java:1760) ~[?:?]
	at java.util.concurrent.ForkJoinTask.doExec(ForkJoinTask.java:373) ~[?:?]
	at java.util.concurrent.ForkJoinPool$WorkQueue.topLevelExec(ForkJoinPool.java:1182) ~[?:?]
	at java.util.concurrent.ForkJoinPool.scan(ForkJoinPool.java:1655) ~[?:?]
	at java.util.concurrent.ForkJoinPool.runWorker(ForkJoinPool.java:1622) ~[?:?]
	at java.util.concurrent.ForkJoinWorkerThread.run(ForkJoinWorkerThread.java:165) ~[?:?]
Caused by: java.io.EOFException: End of input at line 1 column 1 path $
	at com.google.gson.stream.JsonReader.nextNonWhitespace(JsonReader.java:1455) ~[gson-2.10.jar%2372!/:?]
	at com.google.gson.stream.JsonReader.doPeek(JsonReader.java:558) ~[gson-2.10.jar%2372!/:?]
	at com.google.gson.stream.JsonReader.peek(JsonReader.java:433) ~[gson-2.10.jar%2372!/:?]
	at com.google.gson.internal.bind.TypeAdapters$28.read(TypeAdapters.java:769) ~[gson-2.10.jar%2372!/:?]
	at com.google.gson.internal.bind.TypeAdapters$28.read(TypeAdapters.java:725) ~[gson-2.10.jar%2372!/:?]
	at com.google.gson.internal.bind.TypeAdapters$34$1.read(TypeAdapters.java:1007) ~[gson-2.10.jar%2372!/:?]
	at net.minecraft.util.GsonHelper.m_13780_(GsonHelper.java:524) ~[server-1.20.1-20230612.114412-srg.jar%23424!/:?]
	... 13 more
[27Aug2026 11:17:05.346] [Worker-Main-3/ERROR] [net.minecraft.server.packs.resources.SimpleJsonResourceReloadListener/]: Couldn't parse data file efn:duskfire_helmet from efn:recipes/duskfire_helmet.json
com.google.gson.JsonParseException: java.io.EOFException: End of input at line 1 column 1 path $
	at net.minecraft.util.GsonHelper.m_13780_(GsonHelper.java:526) ~[server-1.20.1-20230612.114412-srg.jar%23424!/:?]
	at net.minecraft.util.GsonHelper.m_263475_(GsonHelper.java:531) ~[server-1.20.1-20230612.114412-srg.jar%23424!/:?]
	at net.minecraft.util.GsonHelper.m_13776_(GsonHelper.java:581) ~[server-1.20.1-20230612.114412-srg.jar%23424!/:?]
	at net.minecraft.server.packs.resources.SimpleJsonResourceReloadListener.m_278771_(SimpleJsonResourceReloadListener.java:41) ~[server-1.20.1-20230612.114412-srg.jar%23424!/:?]
	at net.minecraft.server.packs.resources.SimpleJsonResourceReloadListener.m_5944_(SimpleJsonResourceReloadListener.java:29) ~[server-1.20.1-20230612.114412-srg.jar%23424!/:?]
	at net.minecraft.server.packs.resources.SimpleJsonResourceReloadListener.m_5944_(SimpleJsonResourceReloadListener.java:17) ~[server-1.20.1-20230612.114412-srg.jar%23424!/:?]
	at net.minecraft.server.packs.resources.SimplePreparableReloadListener.m_10786_(SimplePreparableReloadListener.java:11) ~[server-1.20.1-20230612.114412-srg.jar%23424!/:?]
	at java.util.concurrent.CompletableFuture$AsyncSupply.run(CompletableFuture.java:1768) ~[?:?]
	at java.util.concurrent.CompletableFuture$AsyncSupply.exec(CompletableFuture.java:1760) ~[?:?]
	at java.util.concurrent.ForkJoinTask.doExec(ForkJoinTask.java:373) ~[?:?]
	at java.util.concurrent.ForkJoinPool$WorkQueue.topLevelExec(ForkJoinPool.java:1182) ~[?:?]
	at java.util.concurrent.ForkJoinPool.scan(ForkJoinPool.java:1655) ~[?:?]
	at java.util.concurrent.ForkJoinPool.runWorker(ForkJoinPool.java:1622) ~[?:?]
	at java.util.concurrent.ForkJoinWorkerThread.run(ForkJoinWorkerThread.java:165) ~[?:?]
Caused by: java.io.EOFException: End of input at line 1 column 1 path $
	at com.google.gson.stream.JsonReader.nextNonWhitespace(JsonReader.java:1455) ~[gson-2.10.jar%2372!/:?]
	at com.google.gson.stream.JsonReader.doPeek(JsonReader.java:558) ~[gson-2.10.jar%2372!/:?]
	at com.google.gson.stream.JsonReader.peek(JsonReader.java:433) ~[gson-2.10.jar%2372!/:?]
	at com.google.gson.internal.bind.TypeAdapters$28.read(TypeAdapters.java:769) ~[gson-2.10.jar%2372!/:?]
	at com.google.gson.internal.bind.TypeAdapters$28.read(TypeAdapters.java:725) ~[gson-2.10.jar%2372!/:?]
	at com.google.gson.internal.bind.TypeAdapters$34$1.read(TypeAdapters.java:1007) ~[gson-2.10.jar%2372!/:?]
	at net.minecraft.util.GsonHelper.m_13780_(GsonHelper.java:524) ~[server-1.20.1-20230612.114412-srg.jar%23424!/:?]
	... 13 more
[27Aug2026 11:17:05.348] [Worker-Main-3/ERROR] [net.minecraft.server.packs.resources.SimpleJsonResourceReloadListener/]: Couldn't parse data file efn:duskfire_leggings from efn:recipes/duskfire_leggings.json
com.google.gson.JsonParseException: java.io.EOFException: End of input at line 1 column 1 path $
	at net.minecraft.util.GsonHelper.m_13780_(GsonHelper.java:526) ~[server-1.20.1-20230612.114412-srg.jar%23424!/:?]
	at net.minecraft.util.GsonHelper.m_263475_(GsonHelper.java:531) ~[server-1.20.1-20230612.114412-srg.jar%23424!/:?]
	at net.minecraft.util.GsonHelper.m_13776_(GsonHelper.java:581) ~[server-1.20.1-20230612.114412-srg.jar%23424!/:?]
	at net.minecraft.server.packs.resources.SimpleJsonResourceReloadListener.m_278771_(SimpleJsonResourceReloadListener.java:41) ~[server-1.20.1-20230612.114412-srg.jar%23424!/:?]
	at net.minecraft.server.packs.resources.SimpleJsonResourceReloadListener.m_5944_(SimpleJsonResourceReloadListener.java:29) ~[server-1.20.1-20230612.114412-srg.jar%23424!/:?]
	at net.minecraft.server.packs.resources.SimpleJsonResourceReloadListener.m_5944_(SimpleJsonResourceReloadListener.java:17) ~[server-1.20.1-20230612.114412-srg.jar%23424!/:?]
	at net.minecraft.server.packs.resources.SimplePreparableReloadListener.m_10786_(SimplePreparableReloadListener.java:11) ~[server-1.20.1-20230612.114412-srg.jar%23424!/:?]
	at java.util.concurrent.CompletableFuture$AsyncSupply.run(CompletableFuture.java:1768) ~[?:?]
	at java.util.concurrent.CompletableFuture$AsyncSupply.exec(CompletableFuture.java:1760) ~[?:?]
	at java.util.concurrent.ForkJoinTask.doExec(ForkJoinTask.java:373) ~[?:?]
	at java.util.concurrent.ForkJoinPool$WorkQueue.topLevelExec(ForkJoinPool.java:1182) ~[?:?]
	at java.util.concurrent.ForkJoinPool.scan(ForkJoinPool.java:1655) ~[?:?]
	at java.util.concurrent.ForkJoinPool.runWorker(ForkJoinPool.java:1622) ~[?:?]
	at java.util.concurrent.ForkJoinWorkerThread.run(ForkJoinWorkerThread.java:165) ~[?:?]
Caused by: java.io.EOFException: End of input at line 1 column 1 path $
	at com.google.gson.stream.JsonReader.nextNonWhitespace(JsonReader.java:1455) ~[gson-2.10.jar%2372!/:?]
	at com.google.gson.stream.JsonReader.doPeek(JsonReader.java:558) ~[gson-2.10.jar%2372!/:?]
	at com.google.gson.stream.JsonReader.peek(JsonReader.java:433) ~[gson-2.10.jar%2372!/:?]
	at com.google.gson.internal.bind.TypeAdapters$28.read(TypeAdapters.java:769) ~[gson-2.10.jar%2372!/:?]
	at com.google.gson.internal.bind.TypeAdapters$28.read(TypeAdapters.java:725) ~[gson-2.10.jar%2372!/:?]
	at com.google.gson.internal.bind.TypeAdapters$34$1.read(TypeAdapters.java:1007) ~[gson-2.10.jar%2372!/:?]
	at net.minecraft.util.GsonHelper.m_13780_(GsonHelper.java:524) ~[server-1.20.1-20230612.114412-srg.jar%23424!/:?]
	... 13 more
[27Aug2026 11:17:05.357] [Worker-Main-3/ERROR] [net.minecraft.server.packs.resources.SimpleJsonResourceReloadListener/]: Couldn't parse data file efn:efn_dodge from efn:recipes/efn_dodge.json
com.google.gson.JsonParseException: java.io.EOFException: End of input at line 1 column 1 path $
	at net.minecraft.util.GsonHelper.m_13780_(GsonHelper.java:526) ~[server-1.20.1-20230612.114412-srg.jar%23424!/:?]
	at net.minecraft.util.GsonHelper.m_263475_(GsonHelper.java:531) ~[server-1.20.1-20230612.114412-srg.jar%23424!/:?]
	at net.minecraft.util.GsonHelper.m_13776_(GsonHelper.java:581) ~[server-1.20.1-20230612.114412-srg.jar%23424!/:?]
	at net.minecraft.server.packs.resources.SimpleJsonResourceReloadListener.m_278771_(SimpleJsonResourceReloadListener.java:41) ~[server-1.20.1-20230612.114412-srg.jar%23424!/:?]
	at net.minecraft.server.packs.resources.SimpleJsonResourceReloadListener.m_5944_(SimpleJsonResourceReloadListener.java:29) ~[server-1.20.1-20230612.114412-srg.jar%23424!/:?]
	at net.minecraft.server.packs.resources.SimpleJsonResourceReloadListener.m_5944_(SimpleJsonResourceReloadListener.java:17) ~[server-1.20.1-20230612.114412-srg.jar%23424!/:?]
	at net.minecraft.server.packs.resources.SimplePreparableReloadListener.m_10786_(SimplePreparableReloadListener.java:11) ~[server-1.20.1-20230612.114412-srg.jar%23424!/:?]
	at java.util.concurrent.CompletableFuture$AsyncSupply.run(CompletableFuture.java:1768) ~[?:?]
	at java.util.concurrent.CompletableFuture$AsyncSupply.exec(CompletableFuture.java:1760) ~[?:?]
	at java.util.concurrent.ForkJoinTask.doExec(ForkJoinTask.java:373) ~[?:?]
	at java.util.concurrent.ForkJoinPool$WorkQueue.topLevelExec(ForkJoinPool.java:1182) ~[?:?]
	at java.util.concurrent.ForkJoinPool.scan(ForkJoinPool.java:1655) ~[?:?]
	at java.util.concurrent.ForkJoinPool.runWorker(ForkJoinPool.java:1622) ~[?:?]
	at java.util.concurrent.ForkJoinWorkerThread.run(ForkJoinWorkerThread.java:165) ~[?:?]
Caused by: java.io.EOFException: End of input at line 1 column 1 path $
	at com.google.gson.stream.JsonReader.nextNonWhitespace(JsonReader.java:1455) ~[gson-2.10.jar%2372!/:?]
	at com.google.gson.stream.JsonReader.doPeek(JsonReader.java:558) ~[gson-2.10.jar%2372!/:?]
	at com.google.gson.stream.JsonReader.peek(JsonReader.java:433) ~[gson-2.10.jar%2372!/:?]
	at com.google.gson.internal.bind.TypeAdapters$28.read(TypeAdapters.java:769) ~[gson-2.10.jar%2372!/:?]
	at com.google.gson.internal.bind.TypeAdapters$28.read(TypeAdapters.java:725) ~[gson-2.10.jar%2372!/:?]
	at com.google.gson.internal.bind.TypeAdapters$34$1.read(TypeAdapters.java:1007) ~[gson-2.10.jar%2372!/:?]
	at net.minecraft.util.GsonHelper.m_13780_(GsonHelper.java:524) ~[server-1.20.1-20230612.114412-srg.jar%23424!/:?]
	... 13 more
[27Aug2026 11:17:05.359] [Worker-Main-3/ERROR] [net.minecraft.server.packs.resources.SimpleJsonResourceReloadListener/]: Couldn't parse data file efn:efn_step from efn:recipes/efn_step.json
com.google.gson.JsonParseException: java.io.EOFException: End of input at line 1 column 1 path $
	at net.minecraft.util.GsonHelper.m_13780_(GsonHelper.java:526) ~[server-1.20.1-20230612.114412-srg.jar%23424!/:?]
	at net.minecraft.util.GsonHelper.m_263475_(GsonHelper.java:531) ~[server-1.20.1-20230612.114412-srg.jar%23424!/:?]
	at net.minecraft.util.GsonHelper.m_13776_(GsonHelper.java:581) ~[server-1.20.1-20230612.114412-srg.jar%23424!/:?]
	at net.minecraft.server.packs.resources.SimpleJsonResourceReloadListener.m_278771_(SimpleJsonResourceReloadListener.java:41) ~[server-1.20.1-20230612.114412-srg.jar%23424!/:?]
	at net.minecraft.server.packs.resources.SimpleJsonResourceReloadListener.m_5944_(SimpleJsonResourceReloadListener.java:29) ~[server-1.20.1-20230612.114412-srg.jar%23424!/:?]
	at net.minecraft.server.packs.resources.SimpleJsonResourceReloadListener.m_5944_(SimpleJsonResourceReloadListener.java:17) ~[server-1.20.1-20230612.114412-srg.jar%23424!/:?]
	at net.minecraft.server.packs.resources.SimplePreparableReloadListener.m_10786_(SimplePreparableReloadListener.java:11) ~[server-1.20.1-20230612.114412-srg.jar%23424!/:?]
	at java.util.concurrent.CompletableFuture$AsyncSupply.run(CompletableFuture.java:1768) ~[?:?]
	at java.util.concurrent.CompletableFuture$AsyncSupply.exec(CompletableFuture.java:1760) ~[?:?]
	at java.util.concurrent.ForkJoinTask.doExec(ForkJoinTask.java:373) ~[?:?]
	at java.util.concurrent.ForkJoinPool$WorkQueue.topLevelExec(ForkJoinPool.java:1182) ~[?:?]
	at java.util.concurrent.ForkJoinPool.scan(ForkJoinPool.java:1655) ~[?:?]
	at java.util.concurrent.ForkJoinPool.runWorker(ForkJoinPool.java:1622) ~[?:?]
	at java.util.concurrent.ForkJoinWorkerThread.run(ForkJoinWorkerThread.java:165) ~[?:?]
Caused by: java.io.EOFException: End of input at line 1 column 1 path $
	at com.google.gson.stream.JsonReader.nextNonWhitespace(JsonReader.java:1455) ~[gson-2.10.jar%2372!/:?]
	at com.google.gson.stream.JsonReader.doPeek(JsonReader.java:558) ~[gson-2.10.jar%2372!/:?]
	at com.google.gson.stream.JsonReader.peek(JsonReader.java:433) ~[gson-2.10.jar%2372!/:?]
	at com.google.gson.internal.bind.TypeAdapters$28.read(TypeAdapters.java:769) ~[gson-2.10.jar%2372!/:?]
	at com.google.gson.internal.bind.TypeAdapters$28.read(TypeAdapters.java:725) ~[gson-2.10.jar%2372!/:?]
	at com.google.gson.internal.bind.TypeAdapters$34$1.read(TypeAdapters.java:1007) ~[gson-2.10.jar%2372!/:?]
	at net.minecraft.util.GsonHelper.m_13780_(GsonHelper.java:524) ~[server-1.20.1-20230612.114412-srg.jar%23424!/:?]
	... 13 more
[27Aug2026 11:17:05.360] [Worker-Main-3/ERROR] [net.minecraft.server.packs.resources.SimpleJsonResourceReloadListener/]: Couldn't parse data file irons_spellbooks:eldritch_manuscript from irons_spellbooks:recipes/eldritch_manuscript.json
com.google.gson.JsonParseException: java.io.EOFException: End of input at line 1 column 1 path $
	at net.minecraft.util.GsonHelper.m_13780_(GsonHelper.java:526) ~[server-1.20.1-20230612.114412-srg.jar%23424!/:?]
	at net.minecraft.util.GsonHelper.m_263475_(GsonHelper.java:531) ~[server-1.20.1-20230612.114412-srg.jar%23424!/:?]
	at net.minecraft.util.GsonHelper.m_13776_(GsonHelper.java:581) ~[server-1.20.1-20230612.114412-srg.jar%23424!/:?]
	at net.minecraft.server.packs.resources.SimpleJsonResourceReloadListener.m_278771_(SimpleJsonResourceReloadListener.java:41) ~[server-1.20.1-20230612.114412-srg.jar%23424!/:?]
	at net.minecraft.server.packs.resources.SimpleJsonResourceReloadListener.m_5944_(SimpleJsonResourceReloadListener.java:29) ~[server-1.20.1-20230612.114412-srg.jar%23424!/:?]
	at net.minecraft.server.packs.resources.SimpleJsonResourceReloadListener.m_5944_(SimpleJsonResourceReloadListener.java:17) ~[server-1.20.1-20230612.114412-srg.jar%23424!/:?]
	at net.minecraft.server.packs.resources.SimplePreparableReloadListener.m_10786_(SimplePreparableReloadListener.java:11) ~[server-1.20.1-20230612.114412-srg.jar%23424!/:?]
	at java.util.concurrent.CompletableFuture$AsyncSupply.run(CompletableFuture.java:1768) ~[?:?]
	at java.util.concurrent.CompletableFuture$AsyncSupply.exec(CompletableFuture.java:1760) ~[?:?]
	at java.util.concurrent.ForkJoinTask.doExec(ForkJoinTask.java:373) ~[?:?]
	at java.util.concurrent.ForkJoinPool$WorkQueue.topLevelExec(ForkJoinPool.java:1182) ~[?:?]
	at java.util.concurrent.ForkJoinPool.scan(ForkJoinPool.java:1655) ~[?:?]
	at java.util.concurrent.ForkJoinPool.runWorker(ForkJoinPool.java:1622) ~[?:?]
	at java.util.concurrent.ForkJoinWorkerThread.run(ForkJoinWorkerThread.java:165) ~[?:?]
Caused by: java.io.EOFException: End of input at line 1 column 1 path $
	at com.google.gson.stream.JsonReader.nextNonWhitespace(JsonReader.java:1455) ~[gson-2.10.jar%2372!/:?]
	at com.google.gson.stream.JsonReader.doPeek(JsonReader.java:558) ~[gson-2.10.jar%2372!/:?]
	at com.google.gson.stream.JsonReader.peek(JsonReader.java:433) ~[gson-2.10.jar%2372!/:?]
	at com.google.gson.internal.bind.TypeAdapters$28.read(TypeAdapters.java:769) ~[gson-2.10.jar%2372!/:?]
	at com.google.gson.internal.bind.TypeAdapters$28.read(TypeAdapters.java:725) ~[gson-2.10.jar%2372!/:?]
	at com.google.gson.internal.bind.TypeAdapters$34$1.read(TypeAdapters.java:1007) ~[gson-2.10.jar%2372!/:?]
	at net.minecraft.util.GsonHelper.m_13780_(GsonHelper.java:524) ~[server-1.20.1-20230612.114412-srg.jar%23424!/:?]
	... 13 more
[27Aug2026 11:17:05.366] [Worker-Main-3/ERROR] [net.minecraft.server.packs.resources.SimpleJsonResourceReloadListener/]: Couldn't parse data file irons_spellbooks:energized_core from irons_spellbooks:recipes/energized_core.json
com.google.gson.JsonParseException: java.io.EOFException: End of input at line 1 column 1 path $
	at net.minecraft.util.GsonHelper.m_13780_(GsonHelper.java:526) ~[server-1.20.1-20230612.114412-srg.jar%23424!/:?]
	at net.minecraft.util.GsonHelper.m_263475_(GsonHelper.java:531) ~[server-1.20.1-20230612.114412-srg.jar%23424!/:?]
	at net.minecraft.util.GsonHelper.m_13776_(GsonHelper.java:581) ~[server-1.20.1-20230612.114412-srg.jar%23424!/:?]
	at net.minecraft.server.packs.resources.SimpleJsonResourceReloadListener.m_278771_(SimpleJsonResourceReloadListener.java:41) ~[server-1.20.1-20230612.114412-srg.jar%23424!/:?]
	at net.minecraft.server.packs.resources.SimpleJsonResourceReloadListener.m_5944_(SimpleJsonResourceReloadListener.java:29) ~[server-1.20.1-20230612.114412-srg.jar%23424!/:?]
	at net.minecraft.server.packs.resources.SimpleJsonResourceReloadListener.m_5944_(SimpleJsonResourceReloadListener.java:17) ~[server-1.20.1-20230612.114412-srg.jar%23424!/:?]
	at net.minecraft.server.packs.resources.SimplePreparableReloadListener.m_10786_(SimplePreparableReloadListener.java:11) ~[server-1.20.1-20230612.114412-srg.jar%23424!/:?]
	at java.util.concurrent.CompletableFuture$AsyncSupply.run(CompletableFuture.java:1768) ~[?:?]
	at java.util.concurrent.CompletableFuture$AsyncSupply.exec(CompletableFuture.java:1760) ~[?:?]
	at java.util.concurrent.ForkJoinTask.doExec(ForkJoinTask.java:373) ~[?:?]
	at java.util.concurrent.ForkJoinPool$WorkQueue.topLevelExec(ForkJoinPool.java:1182) ~[?:?]
	at java.util.concurrent.ForkJoinPool.scan(ForkJoinPool.java:1655) ~[?:?]
	at java.util.concurrent.ForkJoinPool.runWorker(ForkJoinPool.java:1622) ~[?:?]
	at java.util.concurrent.ForkJoinWorkerThread.run(ForkJoinWorkerThread.java:165) ~[?:?]
Caused by: java.io.EOFException: End of input at line 1 column 1 path $
	at com.google.gson.stream.JsonReader.nextNonWhitespace(JsonReader.java:1455) ~[gson-2.10.jar%2372!/:?]
	at com.google.gson.stream.JsonReader.doPeek(JsonReader.java:558) ~[gson-2.10.jar%2372!/:?]
	at com.google.gson.stream.JsonReader.peek(JsonReader.java:433) ~[gson-2.10.jar%2372!/:?]
	at com.google.gson.internal.bind.TypeAdapters$28.read(TypeAdapters.java:769) ~[gson-2.10.jar%2372!/:?]
	at com.google.gson.internal.bind.TypeAdapters$28.read(TypeAdapters.java:725) ~[gson-2.10.jar%2372!/:?]
	at com.google.gson.internal.bind.TypeAdapters$34$1.read(TypeAdapters.java:1007) ~[gson-2.10.jar%2372!/:?]
	at net.minecraft.util.GsonHelper.m_13780_(GsonHelper.java:524) ~[server-1.20.1-20230612.114412-srg.jar%23424!/:?]
	... 13 more
[27Aug2026 11:17:05.369] [Worker-Main-3/ERROR] [net.minecraft.server.packs.resources.SimpleJsonResourceReloadListener/]: Couldn't parse data file efn:exsiliumgladius from efn:recipes/exsiliumgladius.json
com.google.gson.JsonParseException: java.io.EOFException: End of input at line 1 column 1 path $
	at net.minecraft.util.GsonHelper.m_13780_(GsonHelper.java:526) ~[server-1.20.1-20230612.114412-srg.jar%23424!/:?]
	at net.minecraft.util.GsonHelper.m_263475_(GsonHelper.java:531) ~[server-1.20.1-20230612.114412-srg.jar%23424!/:?]
	at net.minecraft.util.GsonHelper.m_13776_(GsonHelper.java:581) ~[server-1.20.1-20230612.114412-srg.jar%23424!/:?]
	at net.minecraft.server.packs.resources.SimpleJsonResourceReloadListener.m_278771_(SimpleJsonResourceReloadListener.java:41) ~[server-1.20.1-20230612.114412-srg.jar%23424!/:?]
	at net.minecraft.server.packs.resources.SimpleJsonResourceReloadListener.m_5944_(SimpleJsonResourceReloadListener.java:29) ~[server-1.20.1-20230612.114412-srg.jar%23424!/:?]
	at net.minecraft.server.packs.resources.SimpleJsonResourceReloadListener.m_5944_(SimpleJsonResourceReloadListener.java:17) ~[server-1.20.1-20230612.114412-srg.jar%23424!/:?]
	at net.minecraft.server.packs.resources.SimplePreparableReloadListener.m_10786_(SimplePreparableReloadListener.java:11) ~[server-1.20.1-20230612.114412-srg.jar%23424!/:?]
	at java.util.concurrent.CompletableFuture$AsyncSupply.run(CompletableFuture.java:1768) ~[?:?]
	at java.util.concurrent.CompletableFuture$AsyncSupply.exec(CompletableFuture.java:1760) ~[?:?]
	at java.util.concurrent.ForkJoinTask.doExec(ForkJoinTask.java:373) ~[?:?]
	at java.util.concurrent.ForkJoinPool$WorkQueue.topLevelExec(ForkJoinPool.java:1182) ~[?:?]
	at java.util.concurrent.ForkJoinPool.scan(ForkJoinPool.java:1655) ~[?:?]
	at java.util.concurrent.ForkJoinPool.runWorker(ForkJoinPool.java:1622) ~[?:?]
	at java.util.concurrent.ForkJoinWorkerThread.run(ForkJoinWorkerThread.java:165) ~[?:?]
Caused by: java.io.EOFException: End of input at line 1 column 1 path $
	at com.google.gson.stream.JsonReader.nextNonWhitespace(JsonReader.java:1455) ~[gson-2.10.jar%2372!/:?]
	at com.google.gson.stream.JsonReader.doPeek(JsonReader.java:558) ~[gson-2.10.jar%2372!/:?]
	at com.google.gson.stream.JsonReader.peek(JsonReader.java:433) ~[gson-2.10.jar%2372!/:?]
	at com.google.gson.internal.bind.TypeAdapters$28.read(TypeAdapters.java:769) ~[gson-2.10.jar%2372!/:?]
	at com.google.gson.internal.bind.TypeAdapters$28.read(TypeAdapters.java:725) ~[gson-2.10.jar%2372!/:?]
	at com.google.gson.internal.bind.TypeAdapters$34$1.read(TypeAdapters.java:1007) ~[gson-2.10.jar%2372!/:?]
	at net.minecraft.util.GsonHelper.m_13780_(GsonHelper.java:524) ~[server-1.20.1-20230612.114412-srg.jar%23424!/:?]
	... 13 more
[27Aug2026 11:17:05.381] [Worker-Main-3/ERROR] [net.minecraft.server.packs.resources.SimpleJsonResourceReloadListener/]: Couldn't parse data file efn:fire_exsiliumgladius from efn:recipes/fire_exsiliumgladius.json
com.google.gson.JsonParseException: java.io.EOFException: End of input at line 1 column 1 path $
	at net.minecraft.util.GsonHelper.m_13780_(GsonHelper.java:526) ~[server-1.20.1-20230612.114412-srg.jar%23424!/:?]
	at net.minecraft.util.GsonHelper.m_263475_(GsonHelper.java:531) ~[server-1.20.1-20230612.114412-srg.jar%23424!/:?]
	at net.minecraft.util.GsonHelper.m_13776_(GsonHelper.java:581) ~[server-1.20.1-20230612.114412-srg.jar%23424!/:?]
	at net.minecraft.server.packs.resources.SimpleJsonResourceReloadListener.m_278771_(SimpleJsonResourceReloadListener.java:41) ~[server-1.20.1-20230612.114412-srg.jar%23424!/:?]
	at net.minecraft.server.packs.resources.SimpleJsonResourceReloadListener.m_5944_(SimpleJsonResourceReloadListener.java:29) ~[server-1.20.1-20230612.114412-srg.jar%23424!/:?]
	at net.minecraft.server.packs.resources.SimpleJsonResourceReloadListener.m_5944_(SimpleJsonResourceReloadListener.java:17) ~[server-1.20.1-20230612.114412-srg.jar%23424!/:?]
	at net.minecraft.server.packs.resources.SimplePreparableReloadListener.m_10786_(SimplePreparableReloadListener.java:11) ~[server-1.20.1-20230612.114412-srg.jar%23424!/:?]
	at java.util.concurrent.CompletableFuture$AsyncSupply.run(CompletableFuture.java:1768) ~[?:?]
	at java.util.concurrent.CompletableFuture$AsyncSupply.exec(CompletableFuture.java:1760) ~[?:?]
	at java.util.concurrent.ForkJoinTask.doExec(ForkJoinTask.java:373) ~[?:?]
	at java.util.concurrent.ForkJoinPool$WorkQueue.topLevelExec(ForkJoinPool.java:1182) ~[?:?]
	at java.util.concurrent.ForkJoinPool.scan(ForkJoinPool.java:1655) ~[?:?]
	at java.util.concurrent.ForkJoinPool.runWorker(ForkJoinPool.java:1622) ~[?:?]
	at java.util.concurrent.ForkJoinWorkerThread.run(ForkJoinWorkerThread.java:165) ~[?:?]
Caused by: java.io.EOFException: End of input at line 1 column 1 path $
	at com.google.gson.stream.JsonReader.nextNonWhitespace(JsonReader.java:1455) ~[gson-2.10.jar%2372!/:?]
	at com.google.gson.stream.JsonReader.doPeek(JsonReader.java:558) ~[gson-2.10.jar%2372!/:?]
	at com.google.gson.stream.JsonReader.peek(JsonReader.java:433) ~[gson-2.10.jar%2372!/:?]
	at com.google.gson.internal.bind.TypeAdapters$28.read(TypeAdapters.java:769) ~[gson-2.10.jar%2372!/:?]
	at com.google.gson.internal.bind.TypeAdapters$28.read(TypeAdapters.java:725) ~[gson-2.10.jar%2372!/:?]
	at com.google.gson.internal.bind.TypeAdapters$34$1.read(TypeAdapters.java:1007) ~[gson-2.10.jar%2372!/:?]
	at net.minecraft.util.GsonHelper.m_13780_(GsonHelper.java:524) ~[server-1.20.1-20230612.114412-srg.jar%23424!/:?]
	... 13 more
[27Aug2026 11:17:05.382] [Worker-Main-2/ERROR] [net.minecraft.server.packs.resources.SimpleJsonResourceReloadListener/]: Couldn't parse data file irons_spellbooks:chests/trial_chambers/pot_replacement from irons_spellbooks:loot_tables/chests/trial_chambers/pot_replacement.json
com.google.gson.JsonParseException: com.google.gson.stream.MalformedJsonException: Use JsonReader.setLenient(true) to accept malformed JSON at line 21 column 8 path $.pools[0].entries[1]
	at net.minecraft.util.GsonHelper.m_13780_(GsonHelper.java:526) ~[server-1.20.1-20230612.114412-srg.jar%23424!/:?]
	at net.minecraft.util.GsonHelper.m_263475_(GsonHelper.java:531) ~[server-1.20.1-20230612.114412-srg.jar%23424!/:?]
	at net.minecraft.util.GsonHelper.m_13776_(GsonHelper.java:581) ~[server-1.20.1-20230612.114412-srg.jar%23424!/:?]
	at net.minecraft.server.packs.resources.SimpleJsonResourceReloadListener.m_278771_(SimpleJsonResourceReloadListener.java:41) ~[server-1.20.1-20230612.114412-srg.jar%23424!/:?]
	at net.minecraft.world.level.storage.loot.LootDataManager.m_278660_(LootDataManager.java:54) ~[server-1.20.1-20230612.114412-srg.jar%23424!/:?]
	at java.util.concurrent.CompletableFuture$AsyncRun.run(CompletableFuture.java:1804) ~[?:?]
	at java.util.concurrent.CompletableFuture$AsyncRun.exec(CompletableFuture.java:1796) ~[?:?]
	at java.util.concurrent.ForkJoinTask.doExec(ForkJoinTask.java:373) ~[?:?]
	at java.util.concurrent.ForkJoinPool$WorkQueue.topLevelExec(ForkJoinPool.java:1182) ~[?:?]
	at java.util.concurrent.ForkJoinPool.scan(ForkJoinPool.java:1655) ~[?:?]
	at java.util.concurrent.ForkJoinPool.runWorker(ForkJoinPool.java:1622) ~[?:?]
	at java.util.concurrent.ForkJoinWorkerThread.run(ForkJoinWorkerThread.java:165) ~[?:?]
Caused by: com.google.gson.stream.MalformedJsonException: Use JsonReader.setLenient(true) to accept malformed JSON at line 21 column 8 path $.pools[0].entries[1]
	at com.google.gson.stream.JsonReader.syntaxError(JsonReader.java:1657) ~[gson-2.10.jar%2372!/:?]
	at com.google.gson.stream.JsonReader.checkLenient(JsonReader.java:1463) ~[gson-2.10.jar%2372!/:?]
	at com.google.gson.stream.JsonReader.doPeek(JsonReader.java:569) ~[gson-2.10.jar%2372!/:?]
	at com.google.gson.stream.JsonReader.hasNext(JsonReader.java:422) ~[gson-2.10.jar%2372!/:?]
	at com.google.gson.internal.bind.TypeAdapters$28.read(TypeAdapters.java:779) ~[gson-2.10.jar%2372!/:?]
	at com.google.gson.internal.bind.TypeAdapters$28.read(TypeAdapters.java:725) ~[gson-2.10.jar%2372!/:?]
	at com.google.gson.internal.bind.TypeAdapters$34$1.read(TypeAdapters.java:1007) ~[gson-2.10.jar%2372!/:?]
	at net.minecraft.util.GsonHelper.m_13780_(GsonHelper.java:524) ~[server-1.20.1-20230612.114412-srg.jar%23424!/:?]
	... 11 more
[27Aug2026 11:17:05.401] [Worker-Main-2/ERROR] [net.minecraft.server.packs.resources.SimpleJsonResourceReloadListener/]: Couldn't parse data file irons_spellbooks:entities/additional_blaze_loot from irons_spellbooks:loot_tables/entities/additional_blaze_loot.json
com.google.gson.JsonParseException: java.io.EOFException: End of input at line 1 column 1 path $
	at net.minecraft.util.GsonHelper.m_13780_(GsonHelper.java:526) ~[server-1.20.1-20230612.114412-srg.jar%23424!/:?]
	at net.minecraft.util.GsonHelper.m_263475_(GsonHelper.java:531) ~[server-1.20.1-20230612.114412-srg.jar%23424!/:?]
	at net.minecraft.util.GsonHelper.m_13776_(GsonHelper.java:581) ~[server-1.20.1-20230612.114412-srg.jar%23424!/:?]
	at net.minecraft.server.packs.resources.SimpleJsonResourceReloadListener.m_278771_(SimpleJsonResourceReloadListener.java:41) ~[server-1.20.1-20230612.114412-srg.jar%23424!/:?]
	at net.minecraft.world.level.storage.loot.LootDataManager.m_278660_(LootDataManager.java:54) ~[server-1.20.1-20230612.114412-srg.jar%23424!/:?]
	at java.util.concurrent.CompletableFuture$AsyncRun.run(CompletableFuture.java:1804) ~[?:?]
	at java.util.concurrent.CompletableFuture$AsyncRun.exec(CompletableFuture.java:1796) ~[?:?]
	at java.util.concurrent.ForkJoinTask.doExec(ForkJoinTask.java:373) ~[?:?]
	at java.util.concurrent.ForkJoinPool$WorkQueue.topLevelExec(ForkJoinPool.java:1182) ~[?:?]
	at java.util.concurrent.ForkJoinPool.scan(ForkJoinPool.java:1655) ~[?:?]
	at java.util.concurrent.ForkJoinPool.runWorker(ForkJoinPool.java:1622) ~[?:?]
	at java.util.concurrent.ForkJoinWorkerThread.run(ForkJoinWorkerThread.java:165) ~[?:?]
Caused by: java.io.EOFException: End of input at line 1 column 1 path $
	at com.google.gson.stream.JsonReader.nextNonWhitespace(JsonReader.java:1455) ~[gson-2.10.jar%2372!/:?]
	at com.google.gson.stream.JsonReader.doPeek(JsonReader.java:558) ~[gson-2.10.jar%2372!/:?]
	at com.google.gson.stream.JsonReader.peek(JsonReader.java:433) ~[gson-2.10.jar%2372!/:?]
	at com.google.gson.internal.bind.TypeAdapters$28.read(TypeAdapters.java:769) ~[gson-2.10.jar%2372!/:?]
	at com.google.gson.internal.bind.TypeAdapters$28.read(TypeAdapters.java:725) ~[gson-2.10.jar%2372!/:?]
	at com.google.gson.internal.bind.TypeAdapters$34$1.read(TypeAdapters.java:1007) ~[gson-2.10.jar%2372!/:?]
	at net.minecraft.util.GsonHelper.m_13780_(GsonHelper.java:524) ~[server-1.20.1-20230612.114412-srg.jar%23424!/:?]
	... 11 more
[27Aug2026 11:17:05.402] [Worker-Main-3/ERROR] [net.minecraft.server.packs.resources.SimpleJsonResourceReloadListener/]: Couldn't parse data file irons_spellbooks:gold_spell_book from irons_spellbooks:recipes/gold_spell_book.json
com.google.gson.JsonParseException: java.io.EOFException: End of input at line 1 column 1 path $
	at net.minecraft.util.GsonHelper.m_13780_(GsonHelper.java:526) ~[server-1.20.1-20230612.114412-srg.jar%23424!/:?]
	at net.minecraft.util.GsonHelper.m_263475_(GsonHelper.java:531) ~[server-1.20.1-20230612.114412-srg.jar%23424!/:?]
	at net.minecraft.util.GsonHelper.m_13776_(GsonHelper.java:581) ~[server-1.20.1-20230612.114412-srg.jar%23424!/:?]
	at net.minecraft.server.packs.resources.SimpleJsonResourceReloadListener.m_278771_(SimpleJsonResourceReloadListener.java:41) ~[server-1.20.1-20230612.114412-srg.jar%23424!/:?]
	at net.minecraft.server.packs.resources.SimpleJsonResourceReloadListener.m_5944_(SimpleJsonResourceReloadListener.java:29) ~[server-1.20.1-20230612.114412-srg.jar%23424!/:?]
	at net.minecraft.server.packs.resources.SimpleJsonResourceReloadListener.m_5944_(SimpleJsonResourceReloadListener.java:17) ~[server-1.20.1-20230612.114412-srg.jar%23424!/:?]
	at net.minecraft.server.packs.resources.SimplePreparableReloadListener.m_10786_(SimplePreparableReloadListener.java:11) ~[server-1.20.1-20230612.114412-srg.jar%23424!/:?]
	at java.util.concurrent.CompletableFuture$AsyncSupply.run(CompletableFuture.java:1768) ~[?:?]
	at java.util.concurrent.CompletableFuture$AsyncSupply.exec(CompletableFuture.java:1760) ~[?:?]
	at java.util.concurrent.ForkJoinTask.doExec(ForkJoinTask.java:373) ~[?:?]
	at java.util.concurrent.ForkJoinPool$WorkQueue.topLevelExec(ForkJoinPool.java:1182) ~[?:?]
	at java.util.concurrent.ForkJoinPool.scan(ForkJoinPool.java:1655) ~[?:?]
	at java.util.concurrent.ForkJoinPool.runWorker(ForkJoinPool.java:1622) ~[?:?]
	at java.util.concurrent.ForkJoinWorkerThread.run(ForkJoinWorkerThread.java:165) ~[?:?]
Caused by: java.io.EOFException: End of input at line 1 column 1 path $
	at com.google.gson.stream.JsonReader.nextNonWhitespace(JsonReader.java:1455) ~[gson-2.10.jar%2372!/:?]
	at com.google.gson.stream.JsonReader.doPeek(JsonReader.java:558) ~[gson-2.10.jar%2372!/:?]
	at com.google.gson.stream.JsonReader.peek(JsonReader.java:433) ~[gson-2.10.jar%2372!/:?]
	at com.google.gson.internal.bind.TypeAdapters$28.read(TypeAdapters.java:769) ~[gson-2.10.jar%2372!/:?]
	at com.google.gson.internal.bind.TypeAdapters$28.read(TypeAdapters.java:725) ~[gson-2.10.jar%2372!/:?]
	at com.google.gson.internal.bind.TypeAdapters$34$1.read(TypeAdapters.java:1007) ~[gson-2.10.jar%2372!/:?]
	at net.minecraft.util.GsonHelper.m_13780_(GsonHelper.java:524) ~[server-1.20.1-20230612.114412-srg.jar%23424!/:?]
	... 13 more
[27Aug2026 11:17:05.403] [Worker-Main-2/ERROR] [net.minecraft.server.packs.resources.SimpleJsonResourceReloadListener/]: Couldn't parse data file irons_spellbooks:entities/additional_evoker_loot from irons_spellbooks:loot_tables/entities/additional_evoker_loot.json
com.google.gson.JsonParseException: java.io.EOFException: End of input at line 1 column 1 path $
	at net.minecraft.util.GsonHelper.m_13780_(GsonHelper.java:526) ~[server-1.20.1-20230612.114412-srg.jar%23424!/:?]
	at net.minecraft.util.GsonHelper.m_263475_(GsonHelper.java:531) ~[server-1.20.1-20230612.114412-srg.jar%23424!/:?]
	at net.minecraft.util.GsonHelper.m_13776_(GsonHelper.java:581) ~[server-1.20.1-20230612.114412-srg.jar%23424!/:?]
	at net.minecraft.server.packs.resources.SimpleJsonResourceReloadListener.m_278771_(SimpleJsonResourceReloadListener.java:41) ~[server-1.20.1-20230612.114412-srg.jar%23424!/:?]
	at net.minecraft.world.level.storage.loot.LootDataManager.m_278660_(LootDataManager.java:54) ~[server-1.20.1-20230612.114412-srg.jar%23424!/:?]
	at java.util.concurrent.CompletableFuture$AsyncRun.run(CompletableFuture.java:1804) ~[?:?]
	at java.util.concurrent.CompletableFuture$AsyncRun.exec(CompletableFuture.java:1796) ~[?:?]
	at java.util.concurrent.ForkJoinTask.doExec(ForkJoinTask.java:373) ~[?:?]
	at java.util.concurrent.ForkJoinPool$WorkQueue.topLevelExec(ForkJoinPool.java:1182) ~[?:?]
	at java.util.concurrent.ForkJoinPool.scan(ForkJoinPool.java:1655) ~[?:?]
	at java.util.concurrent.ForkJoinPool.runWorker(ForkJoinPool.java:1622) ~[?:?]
	at java.util.concurrent.ForkJoinWorkerThread.run(ForkJoinWorkerThread.java:165) ~[?:?]
Caused by: java.io.EOFException: End of input at line 1 column 1 path $
	at com.google.gson.stream.JsonReader.nextNonWhitespace(JsonReader.java:1455) ~[gson-2.10.jar%2372!/:?]
	at com.google.gson.stream.JsonReader.doPeek(JsonReader.java:558) ~[gson-2.10.jar%2372!/:?]
	at com.google.gson.stream.JsonReader.peek(JsonReader.java:433) ~[gson-2.10.jar%2372!/:?]
	at com.google.gson.internal.bind.TypeAdapters$28.read(TypeAdapters.java:769) ~[gson-2.10.jar%2372!/:?]
	at com.google.gson.internal.bind.TypeAdapters$28.read(TypeAdapters.java:725) ~[gson-2.10.jar%2372!/:?]
	at com.google.gson.internal.bind.TypeAdapters$34$1.read(TypeAdapters.java:1007) ~[gson-2.10.jar%2372!/:?]
	at net.minecraft.util.GsonHelper.m_13780_(GsonHelper.java:524) ~[server-1.20.1-20230612.114412-srg.jar%23424!/:?]
	... 11 more
[27Aug2026 11:17:05.410] [Worker-Main-2/ERROR] [net.minecraft.server.packs.resources.SimpleJsonResourceReloadListener/]: Couldn't parse data file cataclysm_spellbooks:entities/burning_knowledge_fragments from cataclysm_spellbooks:loot_tables/entities/burning_knowledge_fragments.json
com.google.gson.JsonParseException: java.io.EOFException: End of input at line 1 column 1 path $
	at net.minecraft.util.GsonHelper.m_13780_(GsonHelper.java:526) ~[server-1.20.1-20230612.114412-srg.jar%23424!/:?]
	at net.minecraft.util.GsonHelper.m_263475_(GsonHelper.java:531) ~[server-1.20.1-20230612.114412-srg.jar%23424!/:?]
	at net.minecraft.util.GsonHelper.m_13776_(GsonHelper.java:581) ~[server-1.20.1-20230612.114412-srg.jar%23424!/:?]
	at net.minecraft.server.packs.resources.SimpleJsonResourceReloadListener.m_278771_(SimpleJsonResourceReloadListener.java:41) ~[server-1.20.1-20230612.114412-srg.jar%23424!/:?]
	at net.minecraft.world.level.storage.loot.LootDataManager.m_278660_(LootDataManager.java:54) ~[server-1.20.1-20230612.114412-srg.jar%23424!/:?]
	at java.util.concurrent.CompletableFuture$AsyncRun.run(CompletableFuture.java:1804) ~[?:?]
	at java.util.concurrent.CompletableFuture$AsyncRun.exec(CompletableFuture.java:1796) ~[?:?]
	at java.util.concurrent.ForkJoinTask.doExec(ForkJoinTask.java:373) ~[?:?]
	at java.util.concurrent.ForkJoinPool$WorkQueue.topLevelExec(ForkJoinPool.java:1182) ~[?:?]
	at java.util.concurrent.ForkJoinPool.scan(ForkJoinPool.java:1655) ~[?:?]
	at java.util.concurrent.ForkJoinPool.runWorker(ForkJoinPool.java:1622) ~[?:?]
	at java.util.concurrent.ForkJoinWorkerThread.run(ForkJoinWorkerThread.java:165) ~[?:?]
Caused by: java.io.EOFException: End of input at line 1 column 1 path $
	at com.google.gson.stream.JsonReader.nextNonWhitespace(JsonReader.java:1455) ~[gson-2.10.jar%2372!/:?]
	at com.google.gson.stream.JsonReader.doPeek(JsonReader.java:558) ~[gson-2.10.jar%2372!/:?]
	at com.google.gson.stream.JsonReader.peek(JsonReader.java:433) ~[gson-2.10.jar%2372!/:?]
	at com.google.gson.internal.bind.TypeAdapters$28.read(TypeAdapters.java:769) ~[gson-2.10.jar%2372!/:?]
	at com.google.gson.internal.bind.TypeAdapters$28.read(TypeAdapters.java:725) ~[gson-2.10.jar%2372!/:?]
	at com.google.gson.internal.bind.TypeAdapters$34$1.read(TypeAdapters.java:1007) ~[gson-2.10.jar%2372!/:?]
	at net.minecraft.util.GsonHelper.m_13780_(GsonHelper.java:524) ~[server-1.20.1-20230612.114412-srg.jar%23424!/:?]
	... 11 more
[27Aug2026 11:17:05.412] [Worker-Main-3/ERROR] [net.minecraft.server.packs.resources.SimpleJsonResourceReloadListener/]: Couldn't parse data file irons_spellbooks:graybeard_staff from irons_spellbooks:recipes/graybeard_staff.json
com.google.gson.JsonParseException: java.io.EOFException: End of input at line 1 column 1 path $
	at net.minecraft.util.GsonHelper.m_13780_(GsonHelper.java:526) ~[server-1.20.1-20230612.114412-srg.jar%23424!/:?]
	at net.minecraft.util.GsonHelper.m_263475_(GsonHelper.java:531) ~[server-1.20.1-20230612.114412-srg.jar%23424!/:?]
	at net.minecraft.util.GsonHelper.m_13776_(GsonHelper.java:581) ~[server-1.20.1-20230612.114412-srg.jar%23424!/:?]
	at net.minecraft.server.packs.resources.SimpleJsonResourceReloadListener.m_278771_(SimpleJsonResourceReloadListener.java:41) ~[server-1.20.1-20230612.114412-srg.jar%23424!/:?]
	at net.minecraft.server.packs.resources.SimpleJsonResourceReloadListener.m_5944_(SimpleJsonResourceReloadListener.java:29) ~[server-1.20.1-20230612.114412-srg.jar%23424!/:?]
	at net.minecraft.server.packs.resources.SimpleJsonResourceReloadListener.m_5944_(SimpleJsonResourceReloadListener.java:17) ~[server-1.20.1-20230612.114412-srg.jar%23424!/:?]
	at net.minecraft.server.packs.resources.SimplePreparableReloadListener.m_10786_(SimplePreparableReloadListener.java:11) ~[server-1.20.1-20230612.114412-srg.jar%23424!/:?]
	at java.util.concurrent.CompletableFuture$AsyncSupply.run(CompletableFuture.java:1768) ~[?:?]
	at java.util.concurrent.CompletableFuture$AsyncSupply.exec(CompletableFuture.java:1760) ~[?:?]
	at java.util.concurrent.ForkJoinTask.doExec(ForkJoinTask.java:373) ~[?:?]
	at java.util.concurrent.ForkJoinPool$WorkQueue.topLevelExec(ForkJoinPool.java:1182) ~[?:?]
	at java.util.concurrent.ForkJoinPool.scan(ForkJoinPool.java:1655) ~[?:?]
	at java.util.concurrent.ForkJoinPool.runWorker(ForkJoinPool.java:1622) ~[?:?]
	at java.util.concurrent.ForkJoinWorkerThread.run(ForkJoinWorkerThread.java:165) ~[?:?]
Caused by: java.io.EOFException: End of input at line 1 column 1 path $
	at com.google.gson.stream.JsonReader.nextNonWhitespace(JsonReader.java:1455) ~[gson-2.10.jar%2372!/:?]
	at com.google.gson.stream.JsonReader.doPeek(JsonReader.java:558) ~[gson-2.10.jar%2372!/:?]
	at com.google.gson.stream.JsonReader.peek(JsonReader.java:433) ~[gson-2.10.jar%2372!/:?]
	at com.google.gson.internal.bind.TypeAdapters$28.read(TypeAdapters.java:769) ~[gson-2.10.jar%2372!/:?]
	at com.google.gson.internal.bind.TypeAdapters$28.read(TypeAdapters.java:725) ~[gson-2.10.jar%2372!/:?]
	at com.google.gson.internal.bind.TypeAdapters$34$1.read(TypeAdapters.java:1007) ~[gson-2.10.jar%2372!/:?]
	at net.minecraft.util.GsonHelper.m_13780_(GsonHelper.java:524) ~[server-1.20.1-20230612.114412-srg.jar%23424!/:?]
	... 13 more
[27Aug2026 11:17:05.421] [Worker-Main-3/ERROR] [net.minecraft.server.packs.resources.SimpleJsonResourceReloadListener/]: Couldn't parse data file irons_spellbooks:ice_spell_book from irons_spellbooks:recipes/ice_spell_book.json
com.google.gson.JsonParseException: java.io.EOFException: End of input at line 1 column 1 path $
	at net.minecraft.util.GsonHelper.m_13780_(GsonHelper.java:526) ~[server-1.20.1-20230612.114412-srg.jar%23424!/:?]
	at net.minecraft.util.GsonHelper.m_263475_(GsonHelper.java:531) ~[server-1.20.1-20230612.114412-srg.jar%23424!/:?]
	at net.minecraft.util.GsonHelper.m_13776_(GsonHelper.java:581) ~[server-1.20.1-20230612.114412-srg.jar%23424!/:?]
	at net.minecraft.server.packs.resources.SimpleJsonResourceReloadListener.m_278771_(SimpleJsonResourceReloadListener.java:41) ~[server-1.20.1-20230612.114412-srg.jar%23424!/:?]
	at net.minecraft.server.packs.resources.SimpleJsonResourceReloadListener.m_5944_(SimpleJsonResourceReloadListener.java:29) ~[server-1.20.1-20230612.114412-srg.jar%23424!/:?]
	at net.minecraft.server.packs.resources.SimpleJsonResourceReloadListener.m_5944_(SimpleJsonResourceReloadListener.java:17) ~[server-1.20.1-20230612.114412-srg.jar%23424!/:?]
	at net.minecraft.server.packs.resources.SimplePreparableReloadListener.m_10786_(SimplePreparableReloadListener.java:11) ~[server-1.20.1-20230612.114412-srg.jar%23424!/:?]
	at java.util.concurrent.CompletableFuture$AsyncSupply.run(CompletableFuture.java:1768) ~[?:?]
	at java.util.concurrent.CompletableFuture$AsyncSupply.exec(CompletableFuture.java:1760) ~[?:?]
	at java.util.concurrent.ForkJoinTask.doExec(ForkJoinTask.java:373) ~[?:?]
	at java.util.concurrent.ForkJoinPool$WorkQueue.topLevelExec(ForkJoinPool.java:1182) ~[?:?]
	at java.util.concurrent.ForkJoinPool.scan(ForkJoinPool.java:1655) ~[?:?]
	at java.util.concurrent.ForkJoinPool.runWorker(ForkJoinPool.java:1622) ~[?:?]
	at java.util.concurrent.ForkJoinWorkerThread.run(ForkJoinWorkerThread.java:165) ~[?:?]
Caused by: java.io.EOFException: End of input at line 1 column 1 path $
	at com.google.gson.stream.JsonReader.nextNonWhitespace(JsonReader.java:1455) ~[gson-2.10.jar%2372!/:?]
	at com.google.gson.stream.JsonReader.doPeek(JsonReader.java:558) ~[gson-2.10.jar%2372!/:?]
	at com.google.gson.stream.JsonReader.peek(JsonReader.java:433) ~[gson-2.10.jar%2372!/:?]
	at com.google.gson.internal.bind.TypeAdapters$28.read(TypeAdapters.java:769) ~[gson-2.10.jar%2372!/:?]
	at com.google.gson.internal.bind.TypeAdapters$28.read(TypeAdapters.java:725) ~[gson-2.10.jar%2372!/:?]
	at com.google.gson.internal.bind.TypeAdapters$34$1.read(TypeAdapters.java:1007) ~[gson-2.10.jar%2372!/:?]
	at net.minecraft.util.GsonHelper.m_13780_(GsonHelper.java:524) ~[server-1.20.1-20230612.114412-srg.jar%23424!/:?]
	... 13 more
[27Aug2026 11:17:05.421] [Worker-Main-3/ERROR] [net.minecraft.server.packs.resources.SimpleJsonResourceReloadListener/]: Couldn't parse data file irons_spellbooks:ice_staff from irons_spellbooks:recipes/ice_staff.json
com.google.gson.JsonParseException: java.io.EOFException: End of input at line 1 column 1 path $
	at net.minecraft.util.GsonHelper.m_13780_(GsonHelper.java:526) ~[server-1.20.1-20230612.114412-srg.jar%23424!/:?]
	at net.minecraft.util.GsonHelper.m_263475_(GsonHelper.java:531) ~[server-1.20.1-20230612.114412-srg.jar%23424!/:?]
	at net.minecraft.util.GsonHelper.m_13776_(GsonHelper.java:581) ~[server-1.20.1-20230612.114412-srg.jar%23424!/:?]
	at net.minecraft.server.packs.resources.SimpleJsonResourceReloadListener.m_278771_(SimpleJsonResourceReloadListener.java:41) ~[server-1.20.1-20230612.114412-srg.jar%23424!/:?]
	at net.minecraft.server.packs.resources.SimpleJsonResourceReloadListener.m_5944_(SimpleJsonResourceReloadListener.java:29) ~[server-1.20.1-20230612.114412-srg.jar%23424!/:?]
	at net.minecraft.server.packs.resources.SimpleJsonResourceReloadListener.m_5944_(SimpleJsonResourceReloadListener.java:17) ~[server-1.20.1-20230612.114412-srg.jar%23424!/:?]
	at net.minecraft.server.packs.resources.SimplePreparableReloadListener.m_10786_(SimplePreparableReloadListener.java:11) ~[server-1.20.1-20230612.114412-srg.jar%23424!/:?]
	at java.util.concurrent.CompletableFuture$AsyncSupply.run(CompletableFuture.java:1768) ~[?:?]
	at java.util.concurrent.CompletableFuture$AsyncSupply.exec(CompletableFuture.java:1760) ~[?:?]
	at java.util.concurrent.ForkJoinTask.doExec(ForkJoinTask.java:373) ~[?:?]
	at java.util.concurrent.ForkJoinPool$WorkQueue.topLevelExec(ForkJoinPool.java:1182) ~[?:?]
	at java.util.concurrent.ForkJoinPool.scan(ForkJoinPool.java:1655) ~[?:?]
	at java.util.concurrent.ForkJoinPool.runWorker(ForkJoinPool.java:1622) ~[?:?]
	at java.util.concurrent.ForkJoinWorkerThread.run(ForkJoinWorkerThread.java:165) ~[?:?]
Caused by: java.io.EOFException: End of input at line 1 column 1 path $
	at com.google.gson.stream.JsonReader.nextNonWhitespace(JsonReader.java:1455) ~[gson-2.10.jar%2372!/:?]
	at com.google.gson.stream.JsonReader.doPeek(JsonReader.java:558) ~[gson-2.10.jar%2372!/:?]
	at com.google.gson.stream.JsonReader.peek(JsonReader.java:433) ~[gson-2.10.jar%2372!/:?]
	at com.google.gson.internal.bind.TypeAdapters$28.read(TypeAdapters.java:769) ~[gson-2.10.jar%2372!/:?]
	at com.google.gson.internal.bind.TypeAdapters$28.read(TypeAdapters.java:725) ~[gson-2.10.jar%2372!/:?]
	at com.google.gson.internal.bind.TypeAdapters$34$1.read(TypeAdapters.java:1007) ~[gson-2.10.jar%2372!/:?]
	at net.minecraft.util.GsonHelper.m_13780_(GsonHelper.java:524) ~[server-1.20.1-20230612.114412-srg.jar%23424!/:?]
	... 13 more
[27Aug2026 11:17:05.422] [Worker-Main-3/ERROR] [net.minecraft.server.packs.resources.SimpleJsonResourceReloadListener/]: Couldn't parse data file irons_spellbooks:inscription_table from irons_spellbooks:recipes/inscription_table.json
com.google.gson.JsonParseException: java.io.EOFException: End of input at line 1 column 1 path $
	at net.minecraft.util.GsonHelper.m_13780_(GsonHelper.java:526) ~[server-1.20.1-20230612.114412-srg.jar%23424!/:?]
	at net.minecraft.util.GsonHelper.m_263475_(GsonHelper.java:531) ~[server-1.20.1-20230612.114412-srg.jar%23424!/:?]
	at net.minecraft.util.GsonHelper.m_13776_(GsonHelper.java:581) ~[server-1.20.1-20230612.114412-srg.jar%23424!/:?]
	at net.minecraft.server.packs.resources.SimpleJsonResourceReloadListener.m_278771_(SimpleJsonResourceReloadListener.java:41) ~[server-1.20.1-20230612.114412-srg.jar%23424!/:?]
	at net.minecraft.server.packs.resources.SimpleJsonResourceReloadListener.m_5944_(SimpleJsonResourceReloadListener.java:29) ~[server-1.20.1-20230612.114412-srg.jar%23424!/:?]
	at net.minecraft.server.packs.resources.SimpleJsonResourceReloadListener.m_5944_(SimpleJsonResourceReloadListener.java:17) ~[server-1.20.1-20230612.114412-srg.jar%23424!/:?]
	at net.minecraft.server.packs.resources.SimplePreparableReloadListener.m_10786_(SimplePreparableReloadListener.java:11) ~[server-1.20.1-20230612.114412-srg.jar%23424!/:?]
	at java.util.concurrent.CompletableFuture$AsyncSupply.run(CompletableFuture.java:1768) ~[?:?]
	at java.util.concurrent.CompletableFuture$AsyncSupply.exec(CompletableFuture.java:1760) ~[?:?]
	at java.util.concurrent.ForkJoinTask.doExec(ForkJoinTask.java:373) ~[?:?]
	at java.util.concurrent.ForkJoinPool$WorkQueue.topLevelExec(ForkJoinPool.java:1182) ~[?:?]
	at java.util.concurrent.ForkJoinPool.scan(ForkJoinPool.java:1655) ~[?:?]
	at java.util.concurrent.ForkJoinPool.runWorker(ForkJoinPool.java:1622) ~[?:?]
	at java.util.concurrent.ForkJoinWorkerThread.run(ForkJoinWorkerThread.java:165) ~[?:?]
Caused by: java.io.EOFException: End of input at line 1 column 1 path $
	at com.google.gson.stream.JsonReader.nextNonWhitespace(JsonReader.java:1455) ~[gson-2.10.jar%2372!/:?]
	at com.google.gson.stream.JsonReader.doPeek(JsonReader.java:558) ~[gson-2.10.jar%2372!/:?]
	at com.google.gson.stream.JsonReader.peek(JsonReader.java:433) ~[gson-2.10.jar%2372!/:?]
	at com.google.gson.internal.bind.TypeAdapters$28.read(TypeAdapters.java:769) ~[gson-2.10.jar%2372!/:?]
	at com.google.gson.internal.bind.TypeAdapters$28.read(TypeAdapters.java:725) ~[gson-2.10.jar%2372!/:?]
	at com.google.gson.internal.bind.TypeAdapters$34$1.read(TypeAdapters.java:1007) ~[gson-2.10.jar%2372!/:?]
	at net.minecraft.util.GsonHelper.m_13780_(GsonHelper.java:524) ~[server-1.20.1-20230612.114412-srg.jar%23424!/:?]
	... 13 more
[27Aug2026 11:17:05.422] [Worker-Main-2/ERROR] [net.minecraft.server.packs.resources.SimpleJsonResourceReloadListener/]: Couldn't parse data file cataclysm_spellbooks:entities/desert_spellbook from cataclysm_spellbooks:loot_tables/entities/desert_spellbook.json
com.google.gson.JsonParseException: java.io.EOFException: End of input at line 1 column 1 path $
	at net.minecraft.util.GsonHelper.m_13780_(GsonHelper.java:526) ~[server-1.20.1-20230612.114412-srg.jar%23424!/:?]
	at net.minecraft.util.GsonHelper.m_263475_(GsonHelper.java:531) ~[server-1.20.1-20230612.114412-srg.jar%23424!/:?]
	at net.minecraft.util.GsonHelper.m_13776_(GsonHelper.java:581) ~[server-1.20.1-20230612.114412-srg.jar%23424!/:?]
	at net.minecraft.server.packs.resources.SimpleJsonResourceReloadListener.m_278771_(SimpleJsonResourceReloadListener.java:41) ~[server-1.20.1-20230612.114412-srg.jar%23424!/:?]
	at net.minecraft.world.level.storage.loot.LootDataManager.m_278660_(LootDataManager.java:54) ~[server-1.20.1-20230612.114412-srg.jar%23424!/:?]
	at java.util.concurrent.CompletableFuture$AsyncRun.run(CompletableFuture.java:1804) ~[?:?]
	at java.util.concurrent.CompletableFuture$AsyncRun.exec(CompletableFuture.java:1796) ~[?:?]
	at java.util.concurrent.ForkJoinTask.doExec(ForkJoinTask.java:373) ~[?:?]
	at java.util.concurrent.ForkJoinPool$WorkQueue.topLevelExec(ForkJoinPool.java:1182) ~[?:?]
	at java.util.concurrent.ForkJoinPool.scan(ForkJoinPool.java:1655) ~[?:?]
	at java.util.concurrent.ForkJoinPool.runWorker(ForkJoinPool.java:1622) ~[?:?]
	at java.util.concurrent.ForkJoinWorkerThread.run(ForkJoinWorkerThread.java:165) ~[?:?]
Caused by: java.io.EOFException: End of input at line 1 column 1 path $
	at com.google.gson.stream.JsonReader.nextNonWhitespace(JsonReader.java:1455) ~[gson-2.10.jar%2372!/:?]
	at com.google.gson.stream.JsonReader.doPeek(JsonReader.java:558) ~[gson-2.10.jar%2372!/:?]
	at com.google.gson.stream.JsonReader.peek(JsonReader.java:433) ~[gson-2.10.jar%2372!/:?]
	at com.google.gson.internal.bind.TypeAdapters$28.read(TypeAdapters.java:769) ~[gson-2.10.jar%2372!/:?]
	at com.google.gson.internal.bind.TypeAdapters$28.read(TypeAdapters.java:725) ~[gson-2.10.jar%2372!/:?]
	at com.google.gson.internal.bind.TypeAdapters$34$1.read(TypeAdapters.java:1007) ~[gson-2.10.jar%2372!/:?]
	at net.minecraft.util.GsonHelper.m_13780_(GsonHelper.java:524) ~[server-1.20.1-20230612.114412-srg.jar%23424!/:?]
	... 11 more
[27Aug2026 11:17:05.425] [Worker-Main-2/ERROR] [net.minecraft.server.packs.resources.SimpleJsonResourceReloadListener/]: Couldn't parse data file alexsmobs:entities/enderiophage from alexsmobs:loot_tables/entities/enderiophage.json
com.google.gson.JsonParseException: java.io.EOFException: End of input at line 1 column 1 path $
	at net.minecraft.util.GsonHelper.m_13780_(GsonHelper.java:526) ~[server-1.20.1-20230612.114412-srg.jar%23424!/:?]
	at net.minecraft.util.GsonHelper.m_263475_(GsonHelper.java:531) ~[server-1.20.1-20230612.114412-srg.jar%23424!/:?]
	at net.minecraft.util.GsonHelper.m_13776_(GsonHelper.java:581) ~[server-1.20.1-20230612.114412-srg.jar%23424!/:?]
	at net.minecraft.server.packs.resources.SimpleJsonResourceReloadListener.m_278771_(SimpleJsonResourceReloadListener.java:41) ~[server-1.20.1-20230612.114412-srg.jar%23424!/:?]
	at net.minecraft.world.level.storage.loot.LootDataManager.m_278660_(LootDataManager.java:54) ~[server-1.20.1-20230612.114412-srg.jar%23424!/:?]
	at java.util.concurrent.CompletableFuture$AsyncRun.run(CompletableFuture.java:1804) ~[?:?]
	at java.util.concurrent.CompletableFuture$AsyncRun.exec(CompletableFuture.java:1796) ~[?:?]
	at java.util.concurrent.ForkJoinTask.doExec(ForkJoinTask.java:373) ~[?:?]
	at java.util.concurrent.ForkJoinPool$WorkQueue.topLevelExec(ForkJoinPool.java:1182) ~[?:?]
	at java.util.concurrent.ForkJoinPool.scan(ForkJoinPool.java:1655) ~[?:?]
	at java.util.concurrent.ForkJoinPool.runWorker(ForkJoinPool.java:1622) ~[?:?]
	at java.util.concurrent.ForkJoinWorkerThread.run(ForkJoinWorkerThread.java:165) ~[?:?]
Caused by: java.io.EOFException: End of input at line 1 column 1 path $
	at com.google.gson.stream.JsonReader.nextNonWhitespace(JsonReader.java:1455) ~[gson-2.10.jar%2372!/:?]
	at com.google.gson.stream.JsonReader.doPeek(JsonReader.java:558) ~[gson-2.10.jar%2372!/:?]
	at com.google.gson.stream.JsonReader.peek(JsonReader.java:433) ~[gson-2.10.jar%2372!/:?]
	at com.google.gson.internal.bind.TypeAdapters$28.read(TypeAdapters.java:769) ~[gson-2.10.jar%2372!/:?]
	at com.google.gson.internal.bind.TypeAdapters$28.read(TypeAdapters.java:725) ~[gson-2.10.jar%2372!/:?]
	at com.google.gson.internal.bind.TypeAdapters$34$1.read(TypeAdapters.java:1007) ~[gson-2.10.jar%2372!/:?]
	at net.minecraft.util.GsonHelper.m_13780_(GsonHelper.java:524) ~[server-1.20.1-20230612.114412-srg.jar%23424!/:?]
	... 11 more
[27Aug2026 11:17:05.427] [Worker-Main-3/ERROR] [net.minecraft.server.packs.resources.SimpleJsonResourceReloadListener/]: Couldn't parse data file irons_spellbooks:iron_spell_book from irons_spellbooks:recipes/iron_spell_book.json
com.google.gson.JsonParseException: java.io.EOFException: End of input at line 1 column 1 path $
	at net.minecraft.util.GsonHelper.m_13780_(GsonHelper.java:526) ~[server-1.20.1-20230612.114412-srg.jar%23424!/:?]
	at net.minecraft.util.GsonHelper.m_263475_(GsonHelper.java:531) ~[server-1.20.1-20230612.114412-srg.jar%23424!/:?]
	at net.minecraft.util.GsonHelper.m_13776_(GsonHelper.java:581) ~[server-1.20.1-20230612.114412-srg.jar%23424!/:?]
	at net.minecraft.server.packs.resources.SimpleJsonResourceReloadListener.m_278771_(SimpleJsonResourceReloadListener.java:41) ~[server-1.20.1-20230612.114412-srg.jar%23424!/:?]
	at net.minecraft.server.packs.resources.SimpleJsonResourceReloadListener.m_5944_(SimpleJsonResourceReloadListener.java:29) ~[server-1.20.1-20230612.114412-srg.jar%23424!/:?]
	at net.minecraft.server.packs.resources.SimpleJsonResourceReloadListener.m_5944_(SimpleJsonResourceReloadListener.java:17) ~[server-1.20.1-20230612.114412-srg.jar%23424!/:?]
	at net.minecraft.server.packs.resources.SimplePreparableReloadListener.m_10786_(SimplePreparableReloadListener.java:11) ~[server-1.20.1-20230612.114412-srg.jar%23424!/:?]
	at java.util.concurrent.CompletableFuture$AsyncSupply.run(CompletableFuture.java:1768) ~[?:?]
	at java.util.concurrent.CompletableFuture$AsyncSupply.exec(CompletableFuture.java:1760) ~[?:?]
	at java.util.concurrent.ForkJoinTask.doExec(ForkJoinTask.java:373) ~[?:?]
	at java.util.concurrent.ForkJoinPool$WorkQueue.topLevelExec(ForkJoinPool.java:1182) ~[?:?]
	at java.util.concurrent.ForkJoinPool.scan(ForkJoinPool.java:1655) ~[?:?]
	at java.util.concurrent.ForkJoinPool.runWorker(ForkJoinPool.java:1622) ~[?:?]
	at java.util.concurrent.ForkJoinWorkerThread.run(ForkJoinWorkerThread.java:165) ~[?:?]
Caused by: java.io.EOFException: End of input at line 1 column 1 path $
	at com.google.gson.stream.JsonReader.nextNonWhitespace(JsonReader.java:1455) ~[gson-2.10.jar%2372!/:?]
	at com.google.gson.stream.JsonReader.doPeek(JsonReader.java:558) ~[gson-2.10.jar%2372!/:?]
	at com.google.gson.stream.JsonReader.peek(JsonReader.java:433) ~[gson-2.10.jar%2372!/:?]
	at com.google.gson.internal.bind.TypeAdapters$28.read(TypeAdapters.java:769) ~[gson-2.10.jar%2372!/:?]
	at com.google.gson.internal.bind.TypeAdapters$28.read(TypeAdapters.java:725) ~[gson-2.10.jar%2372!/:?]
	at com.google.gson.internal.bind.TypeAdapters$34$1.read(TypeAdapters.java:1007) ~[gson-2.10.jar%2372!/:?]
	at net.minecraft.util.GsonHelper.m_13780_(GsonHelper.java:524) ~[server-1.20.1-20230612.114412-srg.jar%23424!/:?]
	... 13 more
[27Aug2026 11:17:05.428] [Worker-Main-2/ERROR] [net.minecraft.server.packs.resources.SimpleJsonResourceReloadListener/]: Couldn't parse data file cataclysm_spellbooks:entities/frozen_knowledge_fragments from cataclysm_spellbooks:loot_tables/entities/frozen_knowledge_fragments.json
com.google.gson.JsonParseException: java.io.EOFException: End of input at line 1 column 1 path $
	at net.minecraft.util.GsonHelper.m_13780_(GsonHelper.java:526) ~[server-1.20.1-20230612.114412-srg.jar%23424!/:?]
	at net.minecraft.util.GsonHelper.m_263475_(GsonHelper.java:531) ~[server-1.20.1-20230612.114412-srg.jar%23424!/:?]
	at net.minecraft.util.GsonHelper.m_13776_(GsonHelper.java:581) ~[server-1.20.1-20230612.114412-srg.jar%23424!/:?]
	at net.minecraft.server.packs.resources.SimpleJsonResourceReloadListener.m_278771_(SimpleJsonResourceReloadListener.java:41) ~[server-1.20.1-20230612.114412-srg.jar%23424!/:?]
	at net.minecraft.world.level.storage.loot.LootDataManager.m_278660_(LootDataManager.java:54) ~[server-1.20.1-20230612.114412-srg.jar%23424!/:?]
	at java.util.concurrent.CompletableFuture$AsyncRun.run(CompletableFuture.java:1804) ~[?:?]
	at java.util.concurrent.CompletableFuture$AsyncRun.exec(CompletableFuture.java:1796) ~[?:?]
	at java.util.concurrent.ForkJoinTask.doExec(ForkJoinTask.java:373) ~[?:?]
	at java.util.concurrent.ForkJoinPool$WorkQueue.topLevelExec(ForkJoinPool.java:1182) ~[?:?]
	at java.util.concurrent.ForkJoinPool.scan(ForkJoinPool.java:1655) ~[?:?]
	at java.util.concurrent.ForkJoinPool.runWorker(ForkJoinPool.java:1622) ~[?:?]
	at java.util.concurrent.ForkJoinWorkerThread.run(ForkJoinWorkerThread.java:165) ~[?:?]
Caused by: java.io.EOFException: End of input at line 1 column 1 path $
	at com.google.gson.stream.JsonReader.nextNonWhitespace(JsonReader.java:1455) ~[gson-2.10.jar%2372!/:?]
	at com.google.gson.stream.JsonReader.doPeek(JsonReader.java:558) ~[gson-2.10.jar%2372!/:?]
	at com.google.gson.stream.JsonReader.peek(JsonReader.java:433) ~[gson-2.10.jar%2372!/:?]
	at com.google.gson.internal.bind.TypeAdapters$28.read(TypeAdapters.java:769) ~[gson-2.10.jar%2372!/:?]
	at com.google.gson.internal.bind.TypeAdapters$28.read(TypeAdapters.java:725) ~[gson-2.10.jar%2372!/:?]
	at com.google.gson.internal.bind.TypeAdapters$34$1.read(TypeAdapters.java:1007) ~[gson-2.10.jar%2372!/:?]
	at net.minecraft.util.GsonHelper.m_13780_(GsonHelper.java:524) ~[server-1.20.1-20230612.114412-srg.jar%23424!/:?]
	... 11 more
[27Aug2026 11:17:05.432] [Worker-Main-2/ERROR] [net.minecraft.server.packs.resources.SimpleJsonResourceReloadListener/]: Couldn't parse data file cataclysm_spellbooks:entities/leviathans_blessing from cataclysm_spellbooks:loot_tables/entities/leviathans_blessing.json
com.google.gson.JsonParseException: java.io.EOFException: End of input at line 1 column 1 path $
	at net.minecraft.util.GsonHelper.m_13780_(GsonHelper.java:526) ~[server-1.20.1-20230612.114412-srg.jar%23424!/:?]
	at net.minecraft.util.GsonHelper.m_263475_(GsonHelper.java:531) ~[server-1.20.1-20230612.114412-srg.jar%23424!/:?]
	at net.minecraft.util.GsonHelper.m_13776_(GsonHelper.java:581) ~[server-1.20.1-20230612.114412-srg.jar%23424!/:?]
	at net.minecraft.server.packs.resources.SimpleJsonResourceReloadListener.m_278771_(SimpleJsonResourceReloadListener.java:41) ~[server-1.20.1-20230612.114412-srg.jar%23424!/:?]
	at net.minecraft.world.level.storage.loot.LootDataManager.m_278660_(LootDataManager.java:54) ~[server-1.20.1-20230612.114412-srg.jar%23424!/:?]
	at java.util.concurrent.CompletableFuture$AsyncRun.run(CompletableFuture.java:1804) ~[?:?]
	at java.util.concurrent.CompletableFuture$AsyncRun.exec(CompletableFuture.java:1796) ~[?:?]
	at java.util.concurrent.ForkJoinTask.doExec(ForkJoinTask.java:373) ~[?:?]
	at java.util.concurrent.ForkJoinPool$WorkQueue.topLevelExec(ForkJoinPool.java:1182) ~[?:?]
	at java.util.concurrent.ForkJoinPool.scan(ForkJoinPool.java:1655) ~[?:?]
	at java.util.concurrent.ForkJoinPool.runWorker(ForkJoinPool.java:1622) ~[?:?]
	at java.util.concurrent.ForkJoinWorkerThread.run(ForkJoinWorkerThread.java:165) ~[?:?]
Caused by: java.io.EOFException: End of input at line 1 column 1 path $
	at com.google.gson.stream.JsonReader.nextNonWhitespace(JsonReader.java:1455) ~[gson-2.10.jar%2372!/:?]
	at com.google.gson.stream.JsonReader.doPeek(JsonReader.java:558) ~[gson-2.10.jar%2372!/:?]
	at com.google.gson.stream.JsonReader.peek(JsonReader.java:433) ~[gson-2.10.jar%2372!/:?]
	at com.google.gson.internal.bind.TypeAdapters$28.read(TypeAdapters.java:769) ~[gson-2.10.jar%2372!/:?]
	at com.google.gson.internal.bind.TypeAdapters$28.read(TypeAdapters.java:725) ~[gson-2.10.jar%2372!/:?]
	at com.google.gson.internal.bind.TypeAdapters$34$1.read(TypeAdapters.java:1007) ~[gson-2.10.jar%2372!/:?]
	at net.minecraft.util.GsonHelper.m_13780_(GsonHelper.java:524) ~[server-1.20.1-20230612.114412-srg.jar%23424!/:?]
	... 11 more
[27Aug2026 11:17:05.433] [Worker-Main-2/ERROR] [net.minecraft.server.packs.resources.SimpleJsonResourceReloadListener/]: Couldn't parse data file cataclysm_spellbooks:entities/mechanical_scrap from cataclysm_spellbooks:loot_tables/entities/mechanical_scrap.json
com.google.gson.JsonParseException: java.io.EOFException: End of input at line 1 column 1 path $
	at net.minecraft.util.GsonHelper.m_13780_(GsonHelper.java:526) ~[server-1.20.1-20230612.114412-srg.jar%23424!/:?]
	at net.minecraft.util.GsonHelper.m_263475_(GsonHelper.java:531) ~[server-1.20.1-20230612.114412-srg.jar%23424!/:?]
	at net.minecraft.util.GsonHelper.m_13776_(GsonHelper.java:581) ~[server-1.20.1-20230612.114412-srg.jar%23424!/:?]
	at net.minecraft.server.packs.resources.SimpleJsonResourceReloadListener.m_278771_(SimpleJsonResourceReloadListener.java:41) ~[server-1.20.1-20230612.114412-srg.jar%23424!/:?]
	at net.minecraft.world.level.storage.loot.LootDataManager.m_278660_(LootDataManager.java:54) ~[server-1.20.1-20230612.114412-srg.jar%23424!/:?]
	at java.util.concurrent.CompletableFuture$AsyncRun.run(CompletableFuture.java:1804) ~[?:?]
	at java.util.concurrent.CompletableFuture$AsyncRun.exec(CompletableFuture.java:1796) ~[?:?]
	at java.util.concurrent.ForkJoinTask.doExec(ForkJoinTask.java:373) ~[?:?]
	at java.util.concurrent.ForkJoinPool$WorkQueue.topLevelExec(ForkJoinPool.java:1182) ~[?:?]
	at java.util.concurrent.ForkJoinPool.scan(ForkJoinPool.java:1655) ~[?:?]
	at java.util.concurrent.ForkJoinPool.runWorker(ForkJoinPool.java:1622) ~[?:?]
	at java.util.concurrent.ForkJoinWorkerThread.run(ForkJoinWorkerThread.java:165) ~[?:?]
Caused by: java.io.EOFException: End of input at line 1 column 1 path $
	at com.google.gson.stream.JsonReader.nextNonWhitespace(JsonReader.java:1455) ~[gson-2.10.jar%2372!/:?]
	at com.google.gson.stream.JsonReader.doPeek(JsonReader.java:558) ~[gson-2.10.jar%2372!/:?]
	at com.google.gson.stream.JsonReader.peek(JsonReader.java:433) ~[gson-2.10.jar%2372!/:?]
	at com.google.gson.internal.bind.TypeAdapters$28.read(TypeAdapters.java:769) ~[gson-2.10.jar%2372!/:?]
	at com.google.gson.internal.bind.TypeAdapters$28.read(TypeAdapters.java:725) ~[gson-2.10.jar%2372!/:?]
	at com.google.gson.internal.bind.TypeAdapters$34$1.read(TypeAdapters.java:1007) ~[gson-2.10.jar%2372!/:?]
	at net.minecraft.util.GsonHelper.m_13780_(GsonHelper.java:524) ~[server-1.20.1-20230612.114412-srg.jar%23424!/:?]
	... 11 more
[27Aug2026 11:17:05.434] [Worker-Main-3/ERROR] [net.minecraft.server.packs.resources.SimpleJsonResourceReloadListener/]: Couldn't parse data file efn:kusabimaru from efn:recipes/kusabimaru.json
com.google.gson.JsonParseException: java.io.EOFException: End of input at line 1 column 1 path $
	at net.minecraft.util.GsonHelper.m_13780_(GsonHelper.java:526) ~[server-1.20.1-20230612.114412-srg.jar%23424!/:?]
	at net.minecraft.util.GsonHelper.m_263475_(GsonHelper.java:531) ~[server-1.20.1-20230612.114412-srg.jar%23424!/:?]
	at net.minecraft.util.GsonHelper.m_13776_(GsonHelper.java:581) ~[server-1.20.1-20230612.114412-srg.jar%23424!/:?]
	at net.minecraft.server.packs.resources.SimpleJsonResourceReloadListener.m_278771_(SimpleJsonResourceReloadListener.java:41) ~[server-1.20.1-20230612.114412-srg.jar%23424!/:?]
	at net.minecraft.server.packs.resources.SimpleJsonResourceReloadListener.m_5944_(SimpleJsonResourceReloadListener.java:29) ~[server-1.20.1-20230612.114412-srg.jar%23424!/:?]
	at net.minecraft.server.packs.resources.SimpleJsonResourceReloadListener.m_5944_(SimpleJsonResourceReloadListener.java:17) ~[server-1.20.1-20230612.114412-srg.jar%23424!/:?]
	at net.minecraft.server.packs.resources.SimplePreparableReloadListener.m_10786_(SimplePreparableReloadListener.java:11) ~[server-1.20.1-20230612.114412-srg.jar%23424!/:?]
	at java.util.concurrent.CompletableFuture$AsyncSupply.run(CompletableFuture.java:1768) ~[?:?]
	at java.util.concurrent.CompletableFuture$AsyncSupply.exec(CompletableFuture.java:1760) ~[?:?]
	at java.util.concurrent.ForkJoinTask.doExec(ForkJoinTask.java:373) ~[?:?]
	at java.util.concurrent.ForkJoinPool$WorkQueue.topLevelExec(ForkJoinPool.java:1182) ~[?:?]
	at java.util.concurrent.ForkJoinPool.scan(ForkJoinPool.java:1655) ~[?:?]
	at java.util.concurrent.ForkJoinPool.runWorker(ForkJoinPool.java:1622) ~[?:?]
	at java.util.concurrent.ForkJoinWorkerThread.run(ForkJoinWorkerThread.java:165) ~[?:?]
Caused by: java.io.EOFException: End of input at line 1 column 1 path $
	at com.google.gson.stream.JsonReader.nextNonWhitespace(JsonReader.java:1455) ~[gson-2.10.jar%2372!/:?]
	at com.google.gson.stream.JsonReader.doPeek(JsonReader.java:558) ~[gson-2.10.jar%2372!/:?]
	at com.google.gson.stream.JsonReader.peek(JsonReader.java:433) ~[gson-2.10.jar%2372!/:?]
	at com.google.gson.internal.bind.TypeAdapters$28.read(TypeAdapters.java:769) ~[gson-2.10.jar%2372!/:?]
	at com.google.gson.internal.bind.TypeAdapters$28.read(TypeAdapters.java:725) ~[gson-2.10.jar%2372!/:?]
	at com.google.gson.internal.bind.TypeAdapters$34$1.read(TypeAdapters.java:1007) ~[gson-2.10.jar%2372!/:?]
	at net.minecraft.util.GsonHelper.m_13780_(GsonHelper.java:524) ~[server-1.20.1-20230612.114412-srg.jar%23424!/:?]
	... 13 more
[27Aug2026 11:17:05.436] [Worker-Main-3/ERROR] [net.minecraft.server.packs.resources.SimpleJsonResourceReloadListener/]: Couldn't parse data file cataclysm:laser_gatling from cataclysm:recipes/laser_gatling.json
com.google.gson.JsonParseException: java.io.EOFException: End of input at line 1 column 1 path $
	at net.minecraft.util.GsonHelper.m_13780_(GsonHelper.java:526) ~[server-1.20.1-20230612.114412-srg.jar%23424!/:?]
	at net.minecraft.util.GsonHelper.m_263475_(GsonHelper.java:531) ~[server-1.20.1-20230612.114412-srg.jar%23424!/:?]
	at net.minecraft.util.GsonHelper.m_13776_(GsonHelper.java:581) ~[server-1.20.1-20230612.114412-srg.jar%23424!/:?]
	at net.minecraft.server.packs.resources.SimpleJsonResourceReloadListener.m_278771_(SimpleJsonResourceReloadListener.java:41) ~[server-1.20.1-20230612.114412-srg.jar%23424!/:?]
	at net.minecraft.server.packs.resources.SimpleJsonResourceReloadListener.m_5944_(SimpleJsonResourceReloadListener.java:29) ~[server-1.20.1-20230612.114412-srg.jar%23424!/:?]
	at net.minecraft.server.packs.resources.SimpleJsonResourceReloadListener.m_5944_(SimpleJsonResourceReloadListener.java:17) ~[server-1.20.1-20230612.114412-srg.jar%23424!/:?]
	at net.minecraft.server.packs.resources.SimplePreparableReloadListener.m_10786_(SimplePreparableReloadListener.java:11) ~[server-1.20.1-20230612.114412-srg.jar%23424!/:?]
	at java.util.concurrent.CompletableFuture$AsyncSupply.run(CompletableFuture.java:1768) ~[?:?]
	at java.util.concurrent.CompletableFuture$AsyncSupply.exec(CompletableFuture.java:1760) ~[?:?]
	at java.util.concurrent.ForkJoinTask.doExec(ForkJoinTask.java:373) ~[?:?]
	at java.util.concurrent.ForkJoinPool$WorkQueue.topLevelExec(ForkJoinPool.java:1182) ~[?:?]
	at java.util.concurrent.ForkJoinPool.scan(ForkJoinPool.java:1655) ~[?:?]
	at java.util.concurrent.ForkJoinPool.runWorker(ForkJoinPool.java:1622) ~[?:?]
	at java.util.concurrent.ForkJoinWorkerThread.run(ForkJoinWorkerThread.java:165) ~[?:?]
Caused by: java.io.EOFException: End of input at line 1 column 1 path $
	at com.google.gson.stream.JsonReader.nextNonWhitespace(JsonReader.java:1455) ~[gson-2.10.jar%2372!/:?]
	at com.google.gson.stream.JsonReader.doPeek(JsonReader.java:558) ~[gson-2.10.jar%2372!/:?]
	at com.google.gson.stream.JsonReader.peek(JsonReader.java:433) ~[gson-2.10.jar%2372!/:?]
	at com.google.gson.internal.bind.TypeAdapters$28.read(TypeAdapters.java:769) ~[gson-2.10.jar%2372!/:?]
	at com.google.gson.internal.bind.TypeAdapters$28.read(TypeAdapters.java:725) ~[gson-2.10.jar%2372!/:?]
	at com.google.gson.internal.bind.TypeAdapters$34$1.read(TypeAdapters.java:1007) ~[gson-2.10.jar%2372!/:?]
	at net.minecraft.util.GsonHelper.m_13780_(GsonHelper.java:524) ~[server-1.20.1-20230612.114412-srg.jar%23424!/:?]
	... 13 more
[27Aug2026 11:17:05.437] [Worker-Main-3/ERROR] [net.minecraft.server.packs.resources.SimpleJsonResourceReloadListener/]: Couldn't parse data file irons_spellbooks:legionnaire_flamberge_repair from irons_spellbooks:recipes/legionnaire_flamberge_repair.json
com.google.gson.JsonParseException: java.io.EOFException: End of input at line 1 column 1 path $
	at net.minecraft.util.GsonHelper.m_13780_(GsonHelper.java:526) ~[server-1.20.1-20230612.114412-srg.jar%23424!/:?]
	at net.minecraft.util.GsonHelper.m_263475_(GsonHelper.java:531) ~[server-1.20.1-20230612.114412-srg.jar%23424!/:?]
	at net.minecraft.util.GsonHelper.m_13776_(GsonHelper.java:581) ~[server-1.20.1-20230612.114412-srg.jar%23424!/:?]
	at net.minecraft.server.packs.resources.SimpleJsonResourceReloadListener.m_278771_(SimpleJsonResourceReloadListener.java:41) ~[server-1.20.1-20230612.114412-srg.jar%23424!/:?]
	at net.minecraft.server.packs.resources.SimpleJsonResourceReloadListener.m_5944_(SimpleJsonResourceReloadListener.java:29) ~[server-1.20.1-20230612.114412-srg.jar%23424!/:?]
	at net.minecraft.server.packs.resources.SimpleJsonResourceReloadListener.m_5944_(SimpleJsonResourceReloadListener.java:17) ~[server-1.20.1-20230612.114412-srg.jar%23424!/:?]
	at net.minecraft.server.packs.resources.SimplePreparableReloadListener.m_10786_(SimplePreparableReloadListener.java:11) ~[server-1.20.1-20230612.114412-srg.jar%23424!/:?]
	at java.util.concurrent.CompletableFuture$AsyncSupply.run(CompletableFuture.java:1768) ~[?:?]
	at java.util.concurrent.CompletableFuture$AsyncSupply.exec(CompletableFuture.java:1760) ~[?:?]
	at java.util.concurrent.ForkJoinTask.doExec(ForkJoinTask.java:373) ~[?:?]
	at java.util.concurrent.ForkJoinPool$WorkQueue.topLevelExec(ForkJoinPool.java:1182) ~[?:?]
	at java.util.concurrent.ForkJoinPool.scan(ForkJoinPool.java:1655) ~[?:?]
	at java.util.concurrent.ForkJoinPool.runWorker(ForkJoinPool.java:1622) ~[?:?]
	at java.util.concurrent.ForkJoinWorkerThread.run(ForkJoinWorkerThread.java:165) ~[?:?]
Caused by: java.io.EOFException: End of input at line 1 column 1 path $
	at com.google.gson.stream.JsonReader.nextNonWhitespace(JsonReader.java:1455) ~[gson-2.10.jar%2372!/:?]
	at com.google.gson.stream.JsonReader.doPeek(JsonReader.java:558) ~[gson-2.10.jar%2372!/:?]
	at com.google.gson.stream.JsonReader.peek(JsonReader.java:433) ~[gson-2.10.jar%2372!/:?]
	at com.google.gson.internal.bind.TypeAdapters$28.read(TypeAdapters.java:769) ~[gson-2.10.jar%2372!/:?]
	at com.google.gson.internal.bind.TypeAdapters$28.read(TypeAdapters.java:725) ~[gson-2.10.jar%2372!/:?]
	at com.google.gson.internal.bind.TypeAdapters$34$1.read(TypeAdapters.java:1007) ~[gson-2.10.jar%2372!/:?]
	at net.minecraft.util.GsonHelper.m_13780_(GsonHelper.java:524) ~[server-1.20.1-20230612.114412-srg.jar%23424!/:?]
	... 13 more
[27Aug2026 11:17:05.446] [Worker-Main-2/ERROR] [net.minecraft.server.packs.resources.SimpleJsonResourceReloadListener/]: Couldn't parse data file cataclysm_spellbooks:entities/wadjets_staff from cataclysm_spellbooks:loot_tables/entities/wadjets_staff.json
com.google.gson.JsonParseException: java.io.EOFException: End of input at line 1 column 1 path $
	at net.minecraft.util.GsonHelper.m_13780_(GsonHelper.java:526) ~[server-1.20.1-20230612.114412-srg.jar%23424!/:?]
	at net.minecraft.util.GsonHelper.m_263475_(GsonHelper.java:531) ~[server-1.20.1-20230612.114412-srg.jar%23424!/:?]
	at net.minecraft.util.GsonHelper.m_13776_(GsonHelper.java:581) ~[server-1.20.1-20230612.114412-srg.jar%23424!/:?]
	at net.minecraft.server.packs.resources.SimpleJsonResourceReloadListener.m_278771_(SimpleJsonResourceReloadListener.java:41) ~[server-1.20.1-20230612.114412-srg.jar%23424!/:?]
	at net.minecraft.world.level.storage.loot.LootDataManager.m_278660_(LootDataManager.java:54) ~[server-1.20.1-20230612.114412-srg.jar%23424!/:?]
	at java.util.concurrent.CompletableFuture$AsyncRun.run(CompletableFuture.java:1804) ~[?:?]
	at java.util.concurrent.CompletableFuture$AsyncRun.exec(CompletableFuture.java:1796) ~[?:?]
	at java.util.concurrent.ForkJoinTask.doExec(ForkJoinTask.java:373) ~[?:?]
	at java.util.concurrent.ForkJoinPool$WorkQueue.topLevelExec(ForkJoinPool.java:1182) ~[?:?]
	at java.util.concurrent.ForkJoinPool.scan(ForkJoinPool.java:1655) ~[?:?]
	at java.util.concurrent.ForkJoinPool.runWorker(ForkJoinPool.java:1622) ~[?:?]
	at java.util.concurrent.ForkJoinWorkerThread.run(ForkJoinWorkerThread.java:165) ~[?:?]
Caused by: java.io.EOFException: End of input at line 1 column 1 path $
	at com.google.gson.stream.JsonReader.nextNonWhitespace(JsonReader.java:1455) ~[gson-2.10.jar%2372!/:?]
	at com.google.gson.stream.JsonReader.doPeek(JsonReader.java:558) ~[gson-2.10.jar%2372!/:?]
	at com.google.gson.stream.JsonReader.peek(JsonReader.java:433) ~[gson-2.10.jar%2372!/:?]
	at com.google.gson.internal.bind.TypeAdapters$28.read(TypeAdapters.java:769) ~[gson-2.10.jar%2372!/:?]
	at com.google.gson.internal.bind.TypeAdapters$28.read(TypeAdapters.java:725) ~[gson-2.10.jar%2372!/:?]
	at com.google.gson.internal.bind.TypeAdapters$34$1.read(TypeAdapters.java:1007) ~[gson-2.10.jar%2372!/:?]
	at net.minecraft.util.GsonHelper.m_13780_(GsonHelper.java:524) ~[server-1.20.1-20230612.114412-srg.jar%23424!/:?]
	... 11 more
[27Aug2026 11:17:05.449] [Worker-Main-3/ERROR] [net.minecraft.server.packs.resources.SimpleJsonResourceReloadListener/]: Couldn't parse data file cataclysm:meat_shredder from cataclysm:recipes/meat_shredder.json
com.google.gson.JsonParseException: java.io.EOFException: End of input at line 1 column 1 path $
	at net.minecraft.util.GsonHelper.m_13780_(GsonHelper.java:526) ~[server-1.20.1-20230612.114412-srg.jar%23424!/:?]
	at net.minecraft.util.GsonHelper.m_263475_(GsonHelper.java:531) ~[server-1.20.1-20230612.114412-srg.jar%23424!/:?]
	at net.minecraft.util.GsonHelper.m_13776_(GsonHelper.java:581) ~[server-1.20.1-20230612.114412-srg.jar%23424!/:?]
	at net.minecraft.server.packs.resources.SimpleJsonResourceReloadListener.m_278771_(SimpleJsonResourceReloadListener.java:41) ~[server-1.20.1-20230612.114412-srg.jar%23424!/:?]
	at net.minecraft.server.packs.resources.SimpleJsonResourceReloadListener.m_5944_(SimpleJsonResourceReloadListener.java:29) ~[server-1.20.1-20230612.114412-srg.jar%23424!/:?]
	at net.minecraft.server.packs.resources.SimpleJsonResourceReloadListener.m_5944_(SimpleJsonResourceReloadListener.java:17) ~[server-1.20.1-20230612.114412-srg.jar%23424!/:?]
	at net.minecraft.server.packs.resources.SimplePreparableReloadListener.m_10786_(SimplePreparableReloadListener.java:11) ~[server-1.20.1-20230612.114412-srg.jar%23424!/:?]
	at java.util.concurrent.CompletableFuture$AsyncSupply.run(CompletableFuture.java:1768) ~[?:?]
	at java.util.concurrent.CompletableFuture$AsyncSupply.exec(CompletableFuture.java:1760) ~[?:?]
	at java.util.concurrent.ForkJoinTask.doExec(ForkJoinTask.java:373) ~[?:?]
	at java.util.concurrent.ForkJoinPool$WorkQueue.topLevelExec(ForkJoinPool.java:1182) ~[?:?]
	at java.util.concurrent.ForkJoinPool.scan(ForkJoinPool.java:1655) ~[?:?]
	at java.util.concurrent.ForkJoinPool.runWorker(ForkJoinPool.java:1622) ~[?:?]
	at java.util.concurrent.ForkJoinWorkerThread.run(ForkJoinWorkerThread.java:165) ~[?:?]
Caused by: java.io.EOFException: End of input at line 1 column 1 path $
	at com.google.gson.stream.JsonReader.nextNonWhitespace(JsonReader.java:1455) ~[gson-2.10.jar%2372!/:?]
	at com.google.gson.stream.JsonReader.doPeek(JsonReader.java:558) ~[gson-2.10.jar%2372!/:?]
	at com.google.gson.stream.JsonReader.peek(JsonReader.java:433) ~[gson-2.10.jar%2372!/:?]
	at com.google.gson.internal.bind.TypeAdapters$28.read(TypeAdapters.java:769) ~[gson-2.10.jar%2372!/:?]
	at com.google.gson.internal.bind.TypeAdapters$28.read(TypeAdapters.java:725) ~[gson-2.10.jar%2372!/:?]
	at com.google.gson.internal.bind.TypeAdapters$34$1.read(TypeAdapters.java:1007) ~[gson-2.10.jar%2372!/:?]
	at net.minecraft.util.GsonHelper.m_13780_(GsonHelper.java:524) ~[server-1.20.1-20230612.114412-srg.jar%23424!/:?]
	... 13 more
[27Aug2026 11:17:05.473] [Worker-Main-1/ERROR] [net.minecraft.server.packs.resources.SimpleJsonResourceReloadListener/]: Couldn't parse data file aether:gloves_loot_chain from aether:loot_modifiers/gloves_loot_chain.json
com.google.gson.JsonParseException: java.io.EOFException: End of input at line 1 column 1 path $
	at net.minecraft.util.GsonHelper.m_13780_(GsonHelper.java:526) ~[server-1.20.1-20230612.114412-srg.jar%23424!/:?]
	at net.minecraft.util.GsonHelper.m_263475_(GsonHelper.java:531) ~[server-1.20.1-20230612.114412-srg.jar%23424!/:?]
	at net.minecraft.util.GsonHelper.m_13776_(GsonHelper.java:581) ~[server-1.20.1-20230612.114412-srg.jar%23424!/:?]
	at net.minecraft.server.packs.resources.SimpleJsonResourceReloadListener.m_278771_(SimpleJsonResourceReloadListener.java:41) ~[server-1.20.1-20230612.114412-srg.jar%23424!/:?]
	at net.minecraft.server.packs.resources.SimpleJsonResourceReloadListener.m_5944_(SimpleJsonResourceReloadListener.java:29) ~[server-1.20.1-20230612.114412-srg.jar%23424!/:?]
	at net.minecraft.server.packs.resources.SimpleJsonResourceReloadListener.m_5944_(SimpleJsonResourceReloadListener.java:17) ~[server-1.20.1-20230612.114412-srg.jar%23424!/:?]
	at net.minecraft.server.packs.resources.SimplePreparableReloadListener.m_10786_(SimplePreparableReloadListener.java:11) ~[server-1.20.1-20230612.114412-srg.jar%23424!/:?]
	at java.util.concurrent.CompletableFuture$AsyncSupply.run(CompletableFuture.java:1768) ~[?:?]
	at java.util.concurrent.CompletableFuture$AsyncSupply.exec(CompletableFuture.java:1760) ~[?:?]
	at java.util.concurrent.ForkJoinTask.doExec(ForkJoinTask.java:373) ~[?:?]
	at java.util.concurrent.ForkJoinPool$WorkQueue.topLevelExec(ForkJoinPool.java:1182) ~[?:?]
	at java.util.concurrent.ForkJoinPool.scan(ForkJoinPool.java:1655) ~[?:?]
	at java.util.concurrent.ForkJoinPool.runWorker(ForkJoinPool.java:1622) ~[?:?]
	at java.util.concurrent.ForkJoinWorkerThread.run(ForkJoinWorkerThread.java:165) ~[?:?]
Caused by: java.io.EOFException: End of input at line 1 column 1 path $
	at com.google.gson.stream.JsonReader.nextNonWhitespace(JsonReader.java:1455) ~[gson-2.10.jar%2372!/:?]
	at com.google.gson.stream.JsonReader.doPeek(JsonReader.java:558) ~[gson-2.10.jar%2372!/:?]
	at com.google.gson.stream.JsonReader.peek(JsonReader.java:433) ~[gson-2.10.jar%2372!/:?]
	at com.google.gson.internal.bind.TypeAdapters$28.read(TypeAdapters.java:769) ~[gson-2.10.jar%2372!/:?]
	at com.google.gson.internal.bind.TypeAdapters$28.read(TypeAdapters.java:725) ~[gson-2.10.jar%2372!/:?]
	at com.google.gson.internal.bind.TypeAdapters$34$1.read(TypeAdapters.java:1007) ~[gson-2.10.jar%2372!/:?]
	at net.minecraft.util.GsonHelper.m_13780_(GsonHelper.java:524) ~[server-1.20.1-20230612.114412-srg.jar%23424!/:?]
	... 13 more
[27Aug2026 11:17:05.600] [Worker-Main-3/ERROR] [net.minecraft.server.packs.resources.SimpleJsonResourceReloadListener/]: Couldn't parse data file efn:meen_spear from efn:recipes/meen_spear.json
com.google.gson.JsonParseException: java.io.EOFException: End of input at line 1 column 1 path $
	at net.minecraft.util.GsonHelper.m_13780_(GsonHelper.java:526) ~[server-1.20.1-20230612.114412-srg.jar%23424!/:?]
	at net.minecraft.util.GsonHelper.m_263475_(GsonHelper.java:531) ~[server-1.20.1-20230612.114412-srg.jar%23424!/:?]
	at net.minecraft.util.GsonHelper.m_13776_(GsonHelper.java:581) ~[server-1.20.1-20230612.114412-srg.jar%23424!/:?]
	at net.minecraft.server.packs.resources.SimpleJsonResourceReloadListener.m_278771_(SimpleJsonResourceReloadListener.java:41) ~[server-1.20.1-20230612.114412-srg.jar%23424!/:?]
	at net.minecraft.server.packs.resources.SimpleJsonResourceReloadListener.m_5944_(SimpleJsonResourceReloadListener.java:29) ~[server-1.20.1-20230612.114412-srg.jar%23424!/:?]
	at net.minecraft.server.packs.resources.SimpleJsonResourceReloadListener.m_5944_(SimpleJsonResourceReloadListener.java:17) ~[server-1.20.1-20230612.114412-srg.jar%23424!/:?]
	at net.minecraft.server.packs.resources.SimplePreparableReloadListener.m_10786_(SimplePreparableReloadListener.java:11) ~[server-1.20.1-20230612.114412-srg.jar%23424!/:?]
	at java.util.concurrent.CompletableFuture$AsyncSupply.run(CompletableFuture.java:1768) ~[?:?]
	at java.util.concurrent.CompletableFuture$AsyncSupply.exec(CompletableFuture.java:1760) ~[?:?]
	at java.util.concurrent.ForkJoinTask.doExec(ForkJoinTask.java:373) ~[?:?]
	at java.util.concurrent.ForkJoinPool$WorkQueue.topLevelExec(ForkJoinPool.java:1182) ~[?:?]
	at java.util.concurrent.ForkJoinPool.scan(ForkJoinPool.java:1655) ~[?:?]
	at java.util.concurrent.ForkJoinPool.runWorker(ForkJoinPool.java:1622) ~[?:?]
	at java.util.concurrent.ForkJoinWorkerThread.run(ForkJoinWorkerThread.java:165) ~[?:?]
Caused by: java.io.EOFException: End of input at line 1 column 1 path $
	at com.google.gson.stream.JsonReader.nextNonWhitespace(JsonReader.java:1455) ~[gson-2.10.jar%2372!/:?]
	at com.google.gson.stream.JsonReader.doPeek(JsonReader.java:558) ~[gson-2.10.jar%2372!/:?]
	at com.google.gson.stream.JsonReader.peek(JsonReader.java:433) ~[gson-2.10.jar%2372!/:?]
	at com.google.gson.internal.bind.TypeAdapters$28.read(TypeAdapters.java:769) ~[gson-2.10.jar%2372!/:?]
	at com.google.gson.internal.bind.TypeAdapters$28.read(TypeAdapters.java:725) ~[gson-2.10.jar%2372!/:?]
	at com.google.gson.internal.bind.TypeAdapters$34$1.read(TypeAdapters.java:1007) ~[gson-2.10.jar%2372!/:?]
	at net.minecraft.util.GsonHelper.m_13780_(GsonHelper.java:524) ~[server-1.20.1-20230612.114412-srg.jar%23424!/:?]
	... 13 more
[27Aug2026 11:17:05.456] [Worker-Main-2/ERROR] [net.minecraft.server.packs.resources.SimpleJsonResourceReloadListener/]: Couldn't parse data file irons_spellbooks:magic_items/scroll_pouch from irons_spellbooks:loot_tables/magic_items/scroll_pouch.json
com.google.gson.JsonParseException: java.io.EOFException: End of input at line 1 column 1 path $
	at net.minecraft.util.GsonHelper.m_13780_(GsonHelper.java:526) ~[server-1.20.1-20230612.114412-srg.jar%23424!/:?]
	at net.minecraft.util.GsonHelper.m_263475_(GsonHelper.java:531) ~[server-1.20.1-20230612.114412-srg.jar%23424!/:?]
	at net.minecraft.util.GsonHelper.m_13776_(GsonHelper.java:581) ~[server-1.20.1-20230612.114412-srg.jar%23424!/:?]
	at net.minecraft.server.packs.resources.SimpleJsonResourceReloadListener.m_278771_(SimpleJsonResourceReloadListener.java:41) ~[server-1.20.1-20230612.114412-srg.jar%23424!/:?]
	at net.minecraft.world.level.storage.loot.LootDataManager.m_278660_(LootDataManager.java:54) ~[server-1.20.1-20230612.114412-srg.jar%23424!/:?]
	at java.util.concurrent.CompletableFuture$AsyncRun.run(CompletableFuture.java:1804) ~[?:?]
	at java.util.concurrent.CompletableFuture$AsyncRun.exec(CompletableFuture.java:1796) ~[?:?]
	at java.util.concurrent.ForkJoinTask.doExec(ForkJoinTask.java:373) ~[?:?]
	at java.util.concurrent.ForkJoinPool$WorkQueue.topLevelExec(ForkJoinPool.java:1182) ~[?:?]
	at java.util.concurrent.ForkJoinPool.scan(ForkJoinPool.java:1655) ~[?:?]
	at java.util.concurrent.ForkJoinPool.runWorker(ForkJoinPool.java:1622) ~[?:?]
	at java.util.concurrent.ForkJoinWorkerThread.run(ForkJoinWorkerThread.java:165) ~[?:?]
Caused by: java.io.EOFException: End of input at line 1 column 1 path $
	at com.google.gson.stream.JsonReader.nextNonWhitespace(JsonReader.java:1455) ~[gson-2.10.jar%2372!/:?]
	at com.google.gson.stream.JsonReader.doPeek(JsonReader.java:558) ~[gson-2.10.jar%2372!/:?]
	at com.google.gson.stream.JsonReader.peek(JsonReader.java:433) ~[gson-2.10.jar%2372!/:?]
	at com.google.gson.internal.bind.TypeAdapters$28.read(TypeAdapters.java:769) ~[gson-2.10.jar%2372!/:?]
	at com.google.gson.internal.bind.TypeAdapters$28.read(TypeAdapters.java:725) ~[gson-2.10.jar%2372!/:?]
	at com.google.gson.internal.bind.TypeAdapters$34$1.read(TypeAdapters.java:1007) ~[gson-2.10.jar%2372!/:?]
	at net.minecraft.util.GsonHelper.m_13780_(GsonHelper.java:524) ~[server-1.20.1-20230612.114412-srg.jar%23424!/:?]
	... 11 more
[27Aug2026 11:17:05.602] [Worker-Main-1/ERROR] [net.minecraft.server.packs.resources.SimpleJsonResourceReloadListener/]: Couldn't parse data file aether:gloves_loot_diamond from aether:loot_modifiers/gloves_loot_diamond.json
com.google.gson.JsonParseException: java.io.EOFException: End of input at line 1 column 1 path $
	at net.minecraft.util.GsonHelper.m_13780_(GsonHelper.java:526) ~[server-1.20.1-20230612.114412-srg.jar%23424!/:?]
	at net.minecraft.util.GsonHelper.m_263475_(GsonHelper.java:531) ~[server-1.20.1-20230612.114412-srg.jar%23424!/:?]
	at net.minecraft.util.GsonHelper.m_13776_(GsonHelper.java:581) ~[server-1.20.1-20230612.114412-srg.jar%23424!/:?]
	at net.minecraft.server.packs.resources.SimpleJsonResourceReloadListener.m_278771_(SimpleJsonResourceReloadListener.java:41) ~[server-1.20.1-20230612.114412-srg.jar%23424!/:?]
	at net.minecraft.server.packs.resources.SimpleJsonResourceReloadListener.m_5944_(SimpleJsonResourceReloadListener.java:29) ~[server-1.20.1-20230612.114412-srg.jar%23424!/:?]
	at net.minecraft.server.packs.resources.SimpleJsonResourceReloadListener.m_5944_(SimpleJsonResourceReloadListener.java:17) ~[server-1.20.1-20230612.114412-srg.jar%23424!/:?]
	at net.minecraft.server.packs.resources.SimplePreparableReloadListener.m_10786_(SimplePreparableReloadListener.java:11) ~[server-1.20.1-20230612.114412-srg.jar%23424!/:?]
	at java.util.concurrent.CompletableFuture$AsyncSupply.run(CompletableFuture.java:1768) ~[?:?]
	at java.util.concurrent.CompletableFuture$AsyncSupply.exec(CompletableFuture.java:1760) ~[?:?]
	at java.util.concurrent.ForkJoinTask.doExec(ForkJoinTask.java:373) ~[?:?]
	at java.util.concurrent.ForkJoinPool$WorkQueue.topLevelExec(ForkJoinPool.java:1182) ~[?:?]
	at java.util.concurrent.ForkJoinPool.scan(ForkJoinPool.java:1655) ~[?:?]
	at java.util.concurrent.ForkJoinPool.runWorker(ForkJoinPool.java:1622) ~[?:?]
	at java.util.concurrent.ForkJoinWorkerThread.run(ForkJoinWorkerThread.java:165) ~[?:?]
Caused by: java.io.EOFException: End of input at line 1 column 1 path $
	at com.google.gson.stream.JsonReader.nextNonWhitespace(JsonReader.java:1455) ~[gson-2.10.jar%2372!/:?]
	at com.google.gson.stream.JsonReader.doPeek(JsonReader.java:558) ~[gson-2.10.jar%2372!/:?]
	at com.google.gson.stream.JsonReader.peek(JsonReader.java:433) ~[gson-2.10.jar%2372!/:?]
	at com.google.gson.internal.bind.TypeAdapters$28.read(TypeAdapters.java:769) ~[gson-2.10.jar%2372!/:?]
	at com.google.gson.internal.bind.TypeAdapters$28.read(TypeAdapters.java:725) ~[gson-2.10.jar%2372!/:?]
	at com.google.gson.internal.bind.TypeAdapters$34$1.read(TypeAdapters.java:1007) ~[gson-2.10.jar%2372!/:?]
	at net.minecraft.util.GsonHelper.m_13780_(GsonHelper.java:524) ~[server-1.20.1-20230612.114412-srg.jar%23424!/:?]
	... 13 more
[27Aug2026 11:17:05.603] [Worker-Main-1/ERROR] [net.minecraft.server.packs.resources.SimpleJsonResourceReloadListener/]: Couldn't parse data file aether:gloves_loot_gold from aether:loot_modifiers/gloves_loot_gold.json
com.google.gson.JsonParseException: java.io.EOFException: End of input at line 1 column 1 path $
	at net.minecraft.util.GsonHelper.m_13780_(GsonHelper.java:526) ~[server-1.20.1-20230612.114412-srg.jar%23424!/:?]
	at net.minecraft.util.GsonHelper.m_263475_(GsonHelper.java:531) ~[server-1.20.1-20230612.114412-srg.jar%23424!/:?]
	at net.minecraft.util.GsonHelper.m_13776_(GsonHelper.java:581) ~[server-1.20.1-20230612.114412-srg.jar%23424!/:?]
	at net.minecraft.server.packs.resources.SimpleJsonResourceReloadListener.m_278771_(SimpleJsonResourceReloadListener.java:41) ~[server-1.20.1-20230612.114412-srg.jar%23424!/:?]
	at net.minecraft.server.packs.resources.SimpleJsonResourceReloadListener.m_5944_(SimpleJsonResourceReloadListener.java:29) ~[server-1.20.1-20230612.114412-srg.jar%23424!/:?]
	at net.minecraft.server.packs.resources.SimpleJsonResourceReloadListener.m_5944_(SimpleJsonResourceReloadListener.java:17) ~[server-1.20.1-20230612.114412-srg.jar%23424!/:?]
	at net.minecraft.server.packs.resources.SimplePreparableReloadListener.m_10786_(SimplePreparableReloadListener.java:11) ~[server-1.20.1-20230612.114412-srg.jar%23424!/:?]
	at java.util.concurrent.CompletableFuture$AsyncSupply.run(CompletableFuture.java:1768) ~[?:?]
	at java.util.concurrent.CompletableFuture$AsyncSupply.exec(CompletableFuture.java:1760) ~[?:?]
	at java.util.concurrent.ForkJoinTask.doExec(ForkJoinTask.java:373) ~[?:?]
	at java.util.concurrent.ForkJoinPool$WorkQueue.topLevelExec(ForkJoinPool.java:1182) ~[?:?]
	at java.util.concurrent.ForkJoinPool.scan(ForkJoinPool.java:1655) ~[?:?]
	at java.util.concurrent.ForkJoinPool.runWorker(ForkJoinPool.java:1622) ~[?:?]
	at java.util.concurrent.ForkJoinWorkerThread.run(ForkJoinWorkerThread.java:165) ~[?:?]
Caused by: java.io.EOFException: End of input at line 1 column 1 path $
	at com.google.gson.stream.JsonReader.nextNonWhitespace(JsonReader.java:1455) ~[gson-2.10.jar%2372!/:?]
	at com.google.gson.stream.JsonReader.doPeek(JsonReader.java:558) ~[gson-2.10.jar%2372!/:?]
	at com.google.gson.stream.JsonReader.peek(JsonReader.java:433) ~[gson-2.10.jar%2372!/:?]
	at com.google.gson.internal.bind.TypeAdapters$28.read(TypeAdapters.java:769) ~[gson-2.10.jar%2372!/:?]
	at com.google.gson.internal.bind.TypeAdapters$28.read(TypeAdapters.java:725) ~[gson-2.10.jar%2372!/:?]
	at com.google.gson.internal.bind.TypeAdapters$34$1.read(TypeAdapters.java:1007) ~[gson-2.10.jar%2372!/:?]
	at net.minecraft.util.GsonHelper.m_13780_(GsonHelper.java:524) ~[server-1.20.1-20230612.114412-srg.jar%23424!/:?]
	... 13 more
[27Aug2026 11:17:05.604] [Worker-Main-1/ERROR] [net.minecraft.server.packs.resources.SimpleJsonResourceReloadListener/]: Couldn't parse data file aether:gloves_loot_iron from aether:loot_modifiers/gloves_loot_iron.json
com.google.gson.JsonParseException: java.io.EOFException: End of input at line 1 column 1 path $
	at net.minecraft.util.GsonHelper.m_13780_(GsonHelper.java:526) ~[server-1.20.1-20230612.114412-srg.jar%23424!/:?]
	at net.minecraft.util.GsonHelper.m_263475_(GsonHelper.java:531) ~[server-1.20.1-20230612.114412-srg.jar%23424!/:?]
	at net.minecraft.util.GsonHelper.m_13776_(GsonHelper.java:581) ~[server-1.20.1-20230612.114412-srg.jar%23424!/:?]
	at net.minecraft.server.packs.resources.SimpleJsonResourceReloadListener.m_278771_(SimpleJsonResourceReloadListener.java:41) ~[server-1.20.1-20230612.114412-srg.jar%23424!/:?]
	at net.minecraft.server.packs.resources.SimpleJsonResourceReloadListener.m_5944_(SimpleJsonResourceReloadListener.java:29) ~[server-1.20.1-20230612.114412-srg.jar%23424!/:?]
	at net.minecraft.server.packs.resources.SimpleJsonResourceReloadListener.m_5944_(SimpleJsonResourceReloadListener.java:17) ~[server-1.20.1-20230612.114412-srg.jar%23424!/:?]
	at net.minecraft.server.packs.resources.SimplePreparableReloadListener.m_10786_(SimplePreparableReloadListener.java:11) ~[server-1.20.1-20230612.114412-srg.jar%23424!/:?]
	at java.util.concurrent.CompletableFuture$AsyncSupply.run(CompletableFuture.java:1768) ~[?:?]
	at java.util.concurrent.CompletableFuture$AsyncSupply.exec(CompletableFuture.java:1760) ~[?:?]
	at java.util.concurrent.ForkJoinTask.doExec(ForkJoinTask.java:373) ~[?:?]
	at java.util.concurrent.ForkJoinPool$WorkQueue.topLevelExec(ForkJoinPool.java:1182) ~[?:?]
	at java.util.concurrent.ForkJoinPool.scan(ForkJoinPool.java:1655) ~[?:?]
	at java.util.concurrent.ForkJoinPool.runWorker(ForkJoinPool.java:1622) ~[?:?]
	at java.util.concurrent.ForkJoinWorkerThread.run(ForkJoinWorkerThread.java:165) ~[?:?]
Caused by: java.io.EOFException: End of input at line 1 column 1 path $
	at com.google.gson.stream.JsonReader.nextNonWhitespace(JsonReader.java:1455) ~[gson-2.10.jar%2372!/:?]
	at com.google.gson.stream.JsonReader.doPeek(JsonReader.java:558) ~[gson-2.10.jar%2372!/:?]
	at com.google.gson.stream.JsonReader.peek(JsonReader.java:433) ~[gson-2.10.jar%2372!/:?]
	at com.google.gson.internal.bind.TypeAdapters$28.read(TypeAdapters.java:769) ~[gson-2.10.jar%2372!/:?]
	at com.google.gson.internal.bind.TypeAdapters$28.read(TypeAdapters.java:725) ~[gson-2.10.jar%2372!/:?]
	at com.google.gson.internal.bind.TypeAdapters$34$1.read(TypeAdapters.java:1007) ~[gson-2.10.jar%2372!/:?]
	at net.minecraft.util.GsonHelper.m_13780_(GsonHelper.java:524) ~[server-1.20.1-20230612.114412-srg.jar%23424!/:?]
	... 13 more
[27Aug2026 11:17:05.605] [Worker-Main-1/ERROR] [net.minecraft.server.packs.resources.SimpleJsonResourceReloadListener/]: Couldn't parse data file aether:gloves_loot_leather from aether:loot_modifiers/gloves_loot_leather.json
com.google.gson.JsonParseException: java.io.EOFException: End of input at line 1 column 1 path $
	at net.minecraft.util.GsonHelper.m_13780_(GsonHelper.java:526) ~[server-1.20.1-20230612.114412-srg.jar%23424!/:?]
	at net.minecraft.util.GsonHelper.m_263475_(GsonHelper.java:531) ~[server-1.20.1-20230612.114412-srg.jar%23424!/:?]
	at net.minecraft.util.GsonHelper.m_13776_(GsonHelper.java:581) ~[server-1.20.1-20230612.114412-srg.jar%23424!/:?]
	at net.minecraft.server.packs.resources.SimpleJsonResourceReloadListener.m_278771_(SimpleJsonResourceReloadListener.java:41) ~[server-1.20.1-20230612.114412-srg.jar%23424!/:?]
	at net.minecraft.server.packs.resources.SimpleJsonResourceReloadListener.m_5944_(SimpleJsonResourceReloadListener.java:29) ~[server-1.20.1-20230612.114412-srg.jar%23424!/:?]
	at net.minecraft.server.packs.resources.SimpleJsonResourceReloadListener.m_5944_(SimpleJsonResourceReloadListener.java:17) ~[server-1.20.1-20230612.114412-srg.jar%23424!/:?]
	at net.minecraft.server.packs.resources.SimplePreparableReloadListener.m_10786_(SimplePreparableReloadListener.java:11) ~[server-1.20.1-20230612.114412-srg.jar%23424!/:?]
	at java.util.concurrent.CompletableFuture$AsyncSupply.run(CompletableFuture.java:1768) ~[?:?]
	at java.util.concurrent.CompletableFuture$AsyncSupply.exec(CompletableFuture.java:1760) ~[?:?]
	at java.util.concurrent.ForkJoinTask.doExec(ForkJoinTask.java:373) ~[?:?]
	at java.util.concurrent.ForkJoinPool$WorkQueue.topLevelExec(ForkJoinPool.java:1182) ~[?:?]
	at java.util.concurrent.ForkJoinPool.scan(ForkJoinPool.java:1655) ~[?:?]
	at java.util.concurrent.ForkJoinPool.runWorker(ForkJoinPool.java:1622) ~[?:?]
	at java.util.concurrent.ForkJoinWorkerThread.run(ForkJoinWorkerThread.java:165) ~[?:?]
Caused by: java.io.EOFException: End of input at line 1 column 1 path $
	at com.google.gson.stream.JsonReader.nextNonWhitespace(JsonReader.java:1455) ~[gson-2.10.jar%2372!/:?]
	at com.google.gson.stream.JsonReader.doPeek(JsonReader.java:558) ~[gson-2.10.jar%2372!/:?]
	at com.google.gson.stream.JsonReader.peek(JsonReader.java:433) ~[gson-2.10.jar%2372!/:?]
	at com.google.gson.internal.bind.TypeAdapters$28.read(TypeAdapters.java:769) ~[gson-2.10.jar%2372!/:?]
	at com.google.gson.internal.bind.TypeAdapters$28.read(TypeAdapters.java:725) ~[gson-2.10.jar%2372!/:?]
	at com.google.gson.internal.bind.TypeAdapters$34$1.read(TypeAdapters.java:1007) ~[gson-2.10.jar%2372!/:?]
	at net.minecraft.util.GsonHelper.m_13780_(GsonHelper.java:524) ~[server-1.20.1-20230612.114412-srg.jar%23424!/:?]
	... 13 more
[27Aug2026 11:17:05.601] [Worker-Main-3/ERROR] [net.minecraft.server.packs.resources.SimpleJsonResourceReloadListener/]: Couldn't parse data file efn:mortal_blade from efn:recipes/mortal_blade.json
com.google.gson.JsonParseException: java.io.EOFException: End of input at line 1 column 1 path $
	at net.minecraft.util.GsonHelper.m_13780_(GsonHelper.java:526) ~[server-1.20.1-20230612.114412-srg.jar%23424!/:?]
	at net.minecraft.util.GsonHelper.m_263475_(GsonHelper.java:531) ~[server-1.20.1-20230612.114412-srg.jar%23424!/:?]
	at net.minecraft.util.GsonHelper.m_13776_(GsonHelper.java:581) ~[server-1.20.1-20230612.114412-srg.jar%23424!/:?]
	at net.minecraft.server.packs.resources.SimpleJsonResourceReloadListener.m_278771_(SimpleJsonResourceReloadListener.java:41) ~[server-1.20.1-20230612.114412-srg.jar%23424!/:?]
	at net.minecraft.server.packs.resources.SimpleJsonResourceReloadListener.m_5944_(SimpleJsonResourceReloadListener.java:29) ~[server-1.20.1-20230612.114412-srg.jar%23424!/:?]
	at net.minecraft.server.packs.resources.SimpleJsonResourceReloadListener.m_5944_(SimpleJsonResourceReloadListener.java:17) ~[server-1.20.1-20230612.114412-srg.jar%23424!/:?]
	at net.minecraft.server.packs.resources.SimplePreparableReloadListener.m_10786_(SimplePreparableReloadListener.java:11) ~[server-1.20.1-20230612.114412-srg.jar%23424!/:?]
	at java.util.concurrent.CompletableFuture$AsyncSupply.run(CompletableFuture.java:1768) ~[?:?]
	at java.util.concurrent.CompletableFuture$AsyncSupply.exec(CompletableFuture.java:1760) ~[?:?]
	at java.util.concurrent.ForkJoinTask.doExec(ForkJoinTask.java:373) ~[?:?]
	at java.util.concurrent.ForkJoinPool$WorkQueue.topLevelExec(ForkJoinPool.java:1182) ~[?:?]
	at java.util.concurrent.ForkJoinPool.scan(ForkJoinPool.java:1655) ~[?:?]
	at java.util.concurrent.ForkJoinPool.runWorker(ForkJoinPool.java:1622) ~[?:?]
	at java.util.concurrent.ForkJoinWorkerThread.run(ForkJoinWorkerThread.java:165) ~[?:?]
Caused by: java.io.EOFException: End of input at line 1 column 1 path $
	at com.google.gson.stream.JsonReader.nextNonWhitespace(JsonReader.java:1455) ~[gson-2.10.jar%2372!/:?]
	at com.google.gson.stream.JsonReader.doPeek(JsonReader.java:558) ~[gson-2.10.jar%2372!/:?]
	at com.google.gson.stream.JsonReader.peek(JsonReader.java:433) ~[gson-2.10.jar%2372!/:?]
	at com.google.gson.internal.bind.TypeAdapters$28.read(TypeAdapters.java:769) ~[gson-2.10.jar%2372!/:?]
	at com.google.gson.internal.bind.TypeAdapters$28.read(TypeAdapters.java:725) ~[gson-2.10.jar%2372!/:?]
	at com.google.gson.internal.bind.TypeAdapters$34$1.read(TypeAdapters.java:1007) ~[gson-2.10.jar%2372!/:?]
	at net.minecraft.util.GsonHelper.m_13780_(GsonHelper.java:524) ~[server-1.20.1-20230612.114412-srg.jar%23424!/:?]
	... 13 more
[27Aug2026 11:17:05.609] [Worker-Main-3/ERROR] [net.minecraft.server.packs.resources.SimpleJsonResourceReloadListener/]: Couldn't parse data file p1nero_bow:mortis_bow from p1nero_bow:recipes/mortis_bow.json
com.google.gson.JsonParseException: java.io.EOFException: End of input at line 1 column 1 path $
	at net.minecraft.util.GsonHelper.m_13780_(GsonHelper.java:526) ~[server-1.20.1-20230612.114412-srg.jar%23424!/:?]
	at net.minecraft.util.GsonHelper.m_263475_(GsonHelper.java:531) ~[server-1.20.1-20230612.114412-srg.jar%23424!/:?]
	at net.minecraft.util.GsonHelper.m_13776_(GsonHelper.java:581) ~[server-1.20.1-20230612.114412-srg.jar%23424!/:?]
	at net.minecraft.server.packs.resources.SimpleJsonResourceReloadListener.m_278771_(SimpleJsonResourceReloadListener.java:41) ~[server-1.20.1-20230612.114412-srg.jar%23424!/:?]
	at net.minecraft.server.packs.resources.SimpleJsonResourceReloadListener.m_5944_(SimpleJsonResourceReloadListener.java:29) ~[server-1.20.1-20230612.114412-srg.jar%23424!/:?]
	at net.minecraft.server.packs.resources.SimpleJsonResourceReloadListener.m_5944_(SimpleJsonResourceReloadListener.java:17) ~[server-1.20.1-20230612.114412-srg.jar%23424!/:?]
	at net.minecraft.server.packs.resources.SimplePreparableReloadListener.m_10786_(SimplePreparableReloadListener.java:11) ~[server-1.20.1-20230612.114412-srg.jar%23424!/:?]
	at java.util.concurrent.CompletableFuture$AsyncSupply.run(CompletableFuture.java:1768) ~[?:?]
	at java.util.concurrent.CompletableFuture$AsyncSupply.exec(CompletableFuture.java:1760) ~[?:?]
	at java.util.concurrent.ForkJoinTask.doExec(ForkJoinTask.java:373) ~[?:?]
	at java.util.concurrent.ForkJoinPool$WorkQueue.topLevelExec(ForkJoinPool.java:1182) ~[?:?]
	at java.util.concurrent.ForkJoinPool.scan(ForkJoinPool.java:1655) ~[?:?]
	at java.util.concurrent.ForkJoinPool.runWorker(ForkJoinPool.java:1622) ~[?:?]
	at java.util.concurrent.ForkJoinWorkerThread.run(ForkJoinWorkerThread.java:165) ~[?:?]
Caused by: java.io.EOFException: End of input at line 1 column 1 path $
	at com.google.gson.stream.JsonReader.nextNonWhitespace(JsonReader.java:1455) ~[gson-2.10.jar%2372!/:?]
	at com.google.gson.stream.JsonReader.doPeek(JsonReader.java:558) ~[gson-2.10.jar%2372!/:?]
	at com.google.gson.stream.JsonReader.peek(JsonReader.java:433) ~[gson-2.10.jar%2372!/:?]
	at com.google.gson.internal.bind.TypeAdapters$28.read(TypeAdapters.java:769) ~[gson-2.10.jar%2372!/:?]
	at com.google.gson.internal.bind.TypeAdapters$28.read(TypeAdapters.java:725) ~[gson-2.10.jar%2372!/:?]
	at com.google.gson.internal.bind.TypeAdapters$34$1.read(TypeAdapters.java:1007) ~[gson-2.10.jar%2372!/:?]
	at net.minecraft.util.GsonHelper.m_13780_(GsonHelper.java:524) ~[server-1.20.1-20230612.114412-srg.jar%23424!/:?]
	... 13 more
[27Aug2026 11:17:05.613] [Worker-Main-3/ERROR] [net.minecraft.server.packs.resources.SimpleJsonResourceReloadListener/]: Couldn't parse data file cataclysm_spellbooks:murasama from cataclysm_spellbooks:recipes/murasama.json
com.google.gson.JsonParseException: java.io.EOFException: End of input at line 1 column 1 path $
	at net.minecraft.util.GsonHelper.m_13780_(GsonHelper.java:526) ~[server-1.20.1-20230612.114412-srg.jar%23424!/:?]
	at net.minecraft.util.GsonHelper.m_263475_(GsonHelper.java:531) ~[server-1.20.1-20230612.114412-srg.jar%23424!/:?]
	at net.minecraft.util.GsonHelper.m_13776_(GsonHelper.java:581) ~[server-1.20.1-20230612.114412-srg.jar%23424!/:?]
	at net.minecraft.server.packs.resources.SimpleJsonResourceReloadListener.m_278771_(SimpleJsonResourceReloadListener.java:41) ~[server-1.20.1-20230612.114412-srg.jar%23424!/:?]
	at net.minecraft.server.packs.resources.SimpleJsonResourceReloadListener.m_5944_(SimpleJsonResourceReloadListener.java:29) ~[server-1.20.1-20230612.114412-srg.jar%23424!/:?]
	at net.minecraft.server.packs.resources.SimpleJsonResourceReloadListener.m_5944_(SimpleJsonResourceReloadListener.java:17) ~[server-1.20.1-20230612.114412-srg.jar%23424!/:?]
	at net.minecraft.server.packs.resources.SimplePreparableReloadListener.m_10786_(SimplePreparableReloadListener.java:11) ~[server-1.20.1-20230612.114412-srg.jar%23424!/:?]
	at java.util.concurrent.CompletableFuture$AsyncSupply.run(CompletableFuture.java:1768) ~[?:?]
	at java.util.concurrent.CompletableFuture$AsyncSupply.exec(CompletableFuture.java:1760) ~[?:?]
	at java.util.concurrent.ForkJoinTask.doExec(ForkJoinTask.java:373) ~[?:?]
	at java.util.concurrent.ForkJoinPool$WorkQueue.topLevelExec(ForkJoinPool.java:1182) ~[?:?]
	at java.util.concurrent.ForkJoinPool.scan(ForkJoinPool.java:1655) ~[?:?]
	at java.util.concurrent.ForkJoinPool.runWorker(ForkJoinPool.java:1622) ~[?:?]
	at java.util.concurrent.ForkJoinWorkerThread.run(ForkJoinWorkerThread.java:165) ~[?:?]
Caused by: java.io.EOFException: End of input at line 1 column 1 path $
	at com.google.gson.stream.JsonReader.nextNonWhitespace(JsonReader.java:1455) ~[gson-2.10.jar%2372!/:?]
	at com.google.gson.stream.JsonReader.doPeek(JsonReader.java:558) ~[gson-2.10.jar%2372!/:?]
	at com.google.gson.stream.JsonReader.peek(JsonReader.java:433) ~[gson-2.10.jar%2372!/:?]
	at com.google.gson.internal.bind.TypeAdapters$28.read(TypeAdapters.java:769) ~[gson-2.10.jar%2372!/:?]
	at com.google.gson.internal.bind.TypeAdapters$28.read(TypeAdapters.java:725) ~[gson-2.10.jar%2372!/:?]
	at com.google.gson.internal.bind.TypeAdapters$34$1.read(TypeAdapters.java:1007) ~[gson-2.10.jar%2372!/:?]
	at net.minecraft.util.GsonHelper.m_13780_(GsonHelper.java:524) ~[server-1.20.1-20230612.114412-srg.jar%23424!/:?]
	... 13 more
[27Aug2026 11:17:05.614] [Worker-Main-1/ERROR] [net.minecraft.server.packs.resources.SimpleJsonResourceReloadListener/]: Couldn't parse data file aether:gloves_loot_netherite from aether:loot_modifiers/gloves_loot_netherite.json
com.google.gson.JsonParseException: java.io.EOFException: End of input at line 1 column 1 path $
	at net.minecraft.util.GsonHelper.m_13780_(GsonHelper.java:526) ~[server-1.20.1-20230612.114412-srg.jar%23424!/:?]
	at net.minecraft.util.GsonHelper.m_263475_(GsonHelper.java:531) ~[server-1.20.1-20230612.114412-srg.jar%23424!/:?]
	at net.minecraft.util.GsonHelper.m_13776_(GsonHelper.java:581) ~[server-1.20.1-20230612.114412-srg.jar%23424!/:?]
	at net.minecraft.server.packs.resources.SimpleJsonResourceReloadListener.m_278771_(SimpleJsonResourceReloadListener.java:41) ~[server-1.20.1-20230612.114412-srg.jar%23424!/:?]
	at net.minecraft.server.packs.resources.SimpleJsonResourceReloadListener.m_5944_(SimpleJsonResourceReloadListener.java:29) ~[server-1.20.1-20230612.114412-srg.jar%23424!/:?]
	at net.minecraft.server.packs.resources.SimpleJsonResourceReloadListener.m_5944_(SimpleJsonResourceReloadListener.java:17) ~[server-1.20.1-20230612.114412-srg.jar%23424!/:?]
	at net.minecraft.server.packs.resources.SimplePreparableReloadListener.m_10786_(SimplePreparableReloadListener.java:11) ~[server-1.20.1-20230612.114412-srg.jar%23424!/:?]
	at java.util.concurrent.CompletableFuture$AsyncSupply.run(CompletableFuture.java:1768) ~[?:?]
	at java.util.concurrent.CompletableFuture$AsyncSupply.exec(CompletableFuture.java:1760) ~[?:?]
	at java.util.concurrent.ForkJoinTask.doExec(ForkJoinTask.java:373) ~[?:?]
	at java.util.concurrent.ForkJoinPool$WorkQueue.topLevelExec(ForkJoinPool.java:1182) ~[?:?]
	at java.util.concurrent.ForkJoinPool.scan(ForkJoinPool.java:1655) ~[?:?]
	at java.util.concurrent.ForkJoinPool.runWorker(ForkJoinPool.java:1622) ~[?:?]
	at java.util.concurrent.ForkJoinWorkerThread.run(ForkJoinWorkerThread.java:165) ~[?:?]
Caused by: java.io.EOFException: End of input at line 1 column 1 path $
	at com.google.gson.stream.JsonReader.nextNonWhitespace(JsonReader.java:1455) ~[gson-2.10.jar%2372!/:?]
	at com.google.gson.stream.JsonReader.doPeek(JsonReader.java:558) ~[gson-2.10.jar%2372!/:?]
	at com.google.gson.stream.JsonReader.peek(JsonReader.java:433) ~[gson-2.10.jar%2372!/:?]
	at com.google.gson.internal.bind.TypeAdapters$28.read(TypeAdapters.java:769) ~[gson-2.10.jar%2372!/:?]
	at com.google.gson.internal.bind.TypeAdapters$28.read(TypeAdapters.java:725) ~[gson-2.10.jar%2372!/:?]
	at com.google.gson.internal.bind.TypeAdapters$34$1.read(TypeAdapters.java:1007) ~[gson-2.10.jar%2372!/:?]
	at net.minecraft.util.GsonHelper.m_13780_(GsonHelper.java:524) ~[server-1.20.1-20230612.114412-srg.jar%23424!/:?]
	... 13 more
[27Aug2026 11:17:05.626] [Worker-Main-3/ERROR] [net.minecraft.server.packs.resources.SimpleJsonResourceReloadListener/]: Couldn't parse data file irons_spellbooks:netherite_spell_book from irons_spellbooks:recipes/netherite_spell_book.json
com.google.gson.JsonParseException: java.io.EOFException: End of input at line 1 column 1 path $
	at net.minecraft.util.GsonHelper.m_13780_(GsonHelper.java:526) ~[server-1.20.1-20230612.114412-srg.jar%23424!/:?]
	at net.minecraft.util.GsonHelper.m_263475_(GsonHelper.java:531) ~[server-1.20.1-20230612.114412-srg.jar%23424!/:?]
	at net.minecraft.util.GsonHelper.m_13776_(GsonHelper.java:581) ~[server-1.20.1-20230612.114412-srg.jar%23424!/:?]
	at net.minecraft.server.packs.resources.SimpleJsonResourceReloadListener.m_278771_(SimpleJsonResourceReloadListener.java:41) ~[server-1.20.1-20230612.114412-srg.jar%23424!/:?]
	at net.minecraft.server.packs.resources.SimpleJsonResourceReloadListener.m_5944_(SimpleJsonResourceReloadListener.java:29) ~[server-1.20.1-20230612.114412-srg.jar%23424!/:?]
	at net.minecraft.server.packs.resources.SimpleJsonResourceReloadListener.m_5944_(SimpleJsonResourceReloadListener.java:17) ~[server-1.20.1-20230612.114412-srg.jar%23424!/:?]
	at net.minecraft.server.packs.resources.SimplePreparableReloadListener.m_10786_(SimplePreparableReloadListener.java:11) ~[server-1.20.1-20230612.114412-srg.jar%23424!/:?]
	at java.util.concurrent.CompletableFuture$AsyncSupply.run(CompletableFuture.java:1768) ~[?:?]
	at java.util.concurrent.CompletableFuture$AsyncSupply.exec(CompletableFuture.java:1760) ~[?:?]
	at java.util.concurrent.ForkJoinTask.doExec(ForkJoinTask.java:373) ~[?:?]
	at java.util.concurrent.ForkJoinPool$WorkQueue.topLevelExec(ForkJoinPool.java:1182) ~[?:?]
	at java.util.concurrent.ForkJoinPool.scan(ForkJoinPool.java:1655) ~[?:?]
	at java.util.concurrent.ForkJoinPool.runWorker(ForkJoinPool.java:1622) ~[?:?]
	at java.util.concurrent.ForkJoinWorkerThread.run(ForkJoinWorkerThread.java:165) ~[?:?]
Caused by: java.io.EOFException: End of input at line 1 column 1 path $
	at com.google.gson.stream.JsonReader.nextNonWhitespace(JsonReader.java:1455) ~[gson-2.10.jar%2372!/:?]
	at com.google.gson.stream.JsonReader.doPeek(JsonReader.java:558) ~[gson-2.10.jar%2372!/:?]
	at com.google.gson.stream.JsonReader.peek(JsonReader.java:433) ~[gson-2.10.jar%2372!/:?]
	at com.google.gson.internal.bind.TypeAdapters$28.read(TypeAdapters.java:769) ~[gson-2.10.jar%2372!/:?]
	at com.google.gson.internal.bind.TypeAdapters$28.read(TypeAdapters.java:725) ~[gson-2.10.jar%2372!/:?]
	at com.google.gson.internal.bind.TypeAdapters$34$1.read(TypeAdapters.java:1007) ~[gson-2.10.jar%2372!/:?]
	at net.minecraft.util.GsonHelper.m_13780_(GsonHelper.java:524) ~[server-1.20.1-20230612.114412-srg.jar%23424!/:?]
	... 13 more
[27Aug2026 11:17:05.629] [Worker-Main-3/ERROR] [net.minecraft.server.packs.resources.SimpleJsonResourceReloadListener/]: Couldn't parse data file efn:nf_claw from efn:recipes/nf_claw.json
com.google.gson.JsonParseException: java.io.EOFException: End of input at line 1 column 1 path $
	at net.minecraft.util.GsonHelper.m_13780_(GsonHelper.java:526) ~[server-1.20.1-20230612.114412-srg.jar%23424!/:?]
	at net.minecraft.util.GsonHelper.m_263475_(GsonHelper.java:531) ~[server-1.20.1-20230612.114412-srg.jar%23424!/:?]
	at net.minecraft.util.GsonHelper.m_13776_(GsonHelper.java:581) ~[server-1.20.1-20230612.114412-srg.jar%23424!/:?]
	at net.minecraft.server.packs.resources.SimpleJsonResourceReloadListener.m_278771_(SimpleJsonResourceReloadListener.java:41) ~[server-1.20.1-20230612.114412-srg.jar%23424!/:?]
	at net.minecraft.server.packs.resources.SimpleJsonResourceReloadListener.m_5944_(SimpleJsonResourceReloadListener.java:29) ~[server-1.20.1-20230612.114412-srg.jar%23424!/:?]
	at net.minecraft.server.packs.resources.SimpleJsonResourceReloadListener.m_5944_(SimpleJsonResourceReloadListener.java:17) ~[server-1.20.1-20230612.114412-srg.jar%23424!/:?]
	at net.minecraft.server.packs.resources.SimplePreparableReloadListener.m_10786_(SimplePreparableReloadListener.java:11) ~[server-1.20.1-20230612.114412-srg.jar%23424!/:?]
	at java.util.concurrent.CompletableFuture$AsyncSupply.run(CompletableFuture.java:1768) ~[?:?]
	at java.util.concurrent.CompletableFuture$AsyncSupply.exec(CompletableFuture.java:1760) ~[?:?]
	at java.util.concurrent.ForkJoinTask.doExec(ForkJoinTask.java:373) ~[?:?]
	at java.util.concurrent.ForkJoinPool$WorkQueue.topLevelExec(ForkJoinPool.java:1182) ~[?:?]
	at java.util.concurrent.ForkJoinPool.scan(ForkJoinPool.java:1655) ~[?:?]
	at java.util.concurrent.ForkJoinPool.runWorker(ForkJoinPool.java:1622) ~[?:?]
	at java.util.concurrent.ForkJoinWorkerThread.run(ForkJoinWorkerThread.java:165) ~[?:?]
Caused by: java.io.EOFException: End of input at line 1 column 1 path $
	at com.google.gson.stream.JsonReader.nextNonWhitespace(JsonReader.java:1455) ~[gson-2.10.jar%2372!/:?]
	at com.google.gson.stream.JsonReader.doPeek(JsonReader.java:558) ~[gson-2.10.jar%2372!/:?]
	at com.google.gson.stream.JsonReader.peek(JsonReader.java:433) ~[gson-2.10.jar%2372!/:?]
	at com.google.gson.internal.bind.TypeAdapters$28.read(TypeAdapters.java:769) ~[gson-2.10.jar%2372!/:?]
	at com.google.gson.internal.bind.TypeAdapters$28.read(TypeAdapters.java:725) ~[gson-2.10.jar%2372!/:?]
	at com.google.gson.internal.bind.TypeAdapters$34$1.read(TypeAdapters.java:1007) ~[gson-2.10.jar%2372!/:?]
	at net.minecraft.util.GsonHelper.m_13780_(GsonHelper.java:524) ~[server-1.20.1-20230612.114412-srg.jar%23424!/:?]
	... 13 more
[27Aug2026 11:17:05.629] [Worker-Main-3/ERROR] [net.minecraft.server.packs.resources.SimpleJsonResourceReloadListener/]: Couldn't parse data file efn:nf_dual_sword from efn:recipes/nf_dual_sword.json
com.google.gson.JsonParseException: java.io.EOFException: End of input at line 1 column 1 path $
	at net.minecraft.util.GsonHelper.m_13780_(GsonHelper.java:526) ~[server-1.20.1-20230612.114412-srg.jar%23424!/:?]
	at net.minecraft.util.GsonHelper.m_263475_(GsonHelper.java:531) ~[server-1.20.1-20230612.114412-srg.jar%23424!/:?]
	at net.minecraft.util.GsonHelper.m_13776_(GsonHelper.java:581) ~[server-1.20.1-20230612.114412-srg.jar%23424!/:?]
	at net.minecraft.server.packs.resources.SimpleJsonResourceReloadListener.m_278771_(SimpleJsonResourceReloadListener.java:41) ~[server-1.20.1-20230612.114412-srg.jar%23424!/:?]
	at net.minecraft.server.packs.resources.SimpleJsonResourceReloadListener.m_5944_(SimpleJsonResourceReloadListener.java:29) ~[server-1.20.1-20230612.114412-srg.jar%23424!/:?]
	at net.minecraft.server.packs.resources.SimpleJsonResourceReloadListener.m_5944_(SimpleJsonResourceReloadListener.java:17) ~[server-1.20.1-20230612.114412-srg.jar%23424!/:?]
	at net.minecraft.server.packs.resources.SimplePreparableReloadListener.m_10786_(SimplePreparableReloadListener.java:11) ~[server-1.20.1-20230612.114412-srg.jar%23424!/:?]
	at java.util.concurrent.CompletableFuture$AsyncSupply.run(CompletableFuture.java:1768) ~[?:?]
	at java.util.concurrent.CompletableFuture$AsyncSupply.exec(CompletableFuture.java:1760) ~[?:?]
	at java.util.concurrent.ForkJoinTask.doExec(ForkJoinTask.java:373) ~[?:?]
	at java.util.concurrent.ForkJoinPool$WorkQueue.topLevelExec(ForkJoinPool.java:1182) ~[?:?]
	at java.util.concurrent.ForkJoinPool.scan(ForkJoinPool.java:1655) ~[?:?]
	at java.util.concurrent.ForkJoinPool.runWorker(ForkJoinPool.java:1622) ~[?:?]
	at java.util.concurrent.ForkJoinWorkerThread.run(ForkJoinWorkerThread.java:165) ~[?:?]
Caused by: java.io.EOFException: End of input at line 1 column 1 path $
	at com.google.gson.stream.JsonReader.nextNonWhitespace(JsonReader.java:1455) ~[gson-2.10.jar%2372!/:?]
	at com.google.gson.stream.JsonReader.doPeek(JsonReader.java:558) ~[gson-2.10.jar%2372!/:?]
	at com.google.gson.stream.JsonReader.peek(JsonReader.java:433) ~[gson-2.10.jar%2372!/:?]
	at com.google.gson.internal.bind.TypeAdapters$28.read(TypeAdapters.java:769) ~[gson-2.10.jar%2372!/:?]
	at com.google.gson.internal.bind.TypeAdapters$28.read(TypeAdapters.java:725) ~[gson-2.10.jar%2372!/:?]
	at com.google.gson.internal.bind.TypeAdapters$34$1.read(TypeAdapters.java:1007) ~[gson-2.10.jar%2372!/:?]
	at net.minecraft.util.GsonHelper.m_13780_(GsonHelper.java:524) ~[server-1.20.1-20230612.114412-srg.jar%23424!/:?]
	... 13 more
[27Aug2026 11:17:05.630] [Worker-Main-3/ERROR] [net.minecraft.server.packs.resources.SimpleJsonResourceReloadListener/]: Couldn't parse data file efn:nf_shortsword from efn:recipes/nf_shortsword.json
com.google.gson.JsonParseException: java.io.EOFException: End of input at line 1 column 1 path $
	at net.minecraft.util.GsonHelper.m_13780_(GsonHelper.java:526) ~[server-1.20.1-20230612.114412-srg.jar%23424!/:?]
	at net.minecraft.util.GsonHelper.m_263475_(GsonHelper.java:531) ~[server-1.20.1-20230612.114412-srg.jar%23424!/:?]
	at net.minecraft.util.GsonHelper.m_13776_(GsonHelper.java:581) ~[server-1.20.1-20230612.114412-srg.jar%23424!/:?]
	at net.minecraft.server.packs.resources.SimpleJsonResourceReloadListener.m_278771_(SimpleJsonResourceReloadListener.java:41) ~[server-1.20.1-20230612.114412-srg.jar%23424!/:?]
	at net.minecraft.server.packs.resources.SimpleJsonResourceReloadListener.m_5944_(SimpleJsonResourceReloadListener.java:29) ~[server-1.20.1-20230612.114412-srg.jar%23424!/:?]
	at net.minecraft.server.packs.resources.SimpleJsonResourceReloadListener.m_5944_(SimpleJsonResourceReloadListener.java:17) ~[server-1.20.1-20230612.114412-srg.jar%23424!/:?]
	at net.minecraft.server.packs.resources.SimplePreparableReloadListener.m_10786_(SimplePreparableReloadListener.java:11) ~[server-1.20.1-20230612.114412-srg.jar%23424!/:?]
	at java.util.concurrent.CompletableFuture$AsyncSupply.run(CompletableFuture.java:1768) ~[?:?]
	at java.util.concurrent.CompletableFuture$AsyncSupply.exec(CompletableFuture.java:1760) ~[?:?]
	at java.util.concurrent.ForkJoinTask.doExec(ForkJoinTask.java:373) ~[?:?]
	at java.util.concurrent.ForkJoinPool$WorkQueue.topLevelExec(ForkJoinPool.java:1182) ~[?:?]
	at java.util.concurrent.ForkJoinPool.scan(ForkJoinPool.java:1655) ~[?:?]
	at java.util.concurrent.ForkJoinPool.runWorker(ForkJoinPool.java:1622) ~[?:?]
	at java.util.concurrent.ForkJoinWorkerThread.run(ForkJoinWorkerThread.java:165) ~[?:?]
Caused by: java.io.EOFException: End of input at line 1 column 1 path $
	at com.google.gson.stream.JsonReader.nextNonWhitespace(JsonReader.java:1455) ~[gson-2.10.jar%2372!/:?]
	at com.google.gson.stream.JsonReader.doPeek(JsonReader.java:558) ~[gson-2.10.jar%2372!/:?]
	at com.google.gson.stream.JsonReader.peek(JsonReader.java:433) ~[gson-2.10.jar%2372!/:?]
	at com.google.gson.internal.bind.TypeAdapters$28.read(TypeAdapters.java:769) ~[gson-2.10.jar%2372!/:?]
	at com.google.gson.internal.bind.TypeAdapters$28.read(TypeAdapters.java:725) ~[gson-2.10.jar%2372!/:?]
	at com.google.gson.internal.bind.TypeAdapters$34$1.read(TypeAdapters.java:1007) ~[gson-2.10.jar%2372!/:?]
	at net.minecraft.util.GsonHelper.m_13780_(GsonHelper.java:524) ~[server-1.20.1-20230612.114412-srg.jar%23424!/:?]
	... 13 more
[27Aug2026 11:17:05.631] [Worker-Main-3/ERROR] [net.minecraft.server.packs.resources.SimpleJsonResourceReloadListener/]: Couldn't parse data file efn:nf_shortsword_2 from efn:recipes/nf_shortsword_2.json
com.google.gson.JsonParseException: java.io.EOFException: End of input at line 1 column 1 path $
	at net.minecraft.util.GsonHelper.m_13780_(GsonHelper.java:526) ~[server-1.20.1-20230612.114412-srg.jar%23424!/:?]
	at net.minecraft.util.GsonHelper.m_263475_(GsonHelper.java:531) ~[server-1.20.1-20230612.114412-srg.jar%23424!/:?]
	at net.minecraft.util.GsonHelper.m_13776_(GsonHelper.java:581) ~[server-1.20.1-20230612.114412-srg.jar%23424!/:?]
	at net.minecraft.server.packs.resources.SimpleJsonResourceReloadListener.m_278771_(SimpleJsonResourceReloadListener.java:41) ~[server-1.20.1-20230612.114412-srg.jar%23424!/:?]
	at net.minecraft.server.packs.resources.SimpleJsonResourceReloadListener.m_5944_(SimpleJsonResourceReloadListener.java:29) ~[server-1.20.1-20230612.114412-srg.jar%23424!/:?]
	at net.minecraft.server.packs.resources.SimpleJsonResourceReloadListener.m_5944_(SimpleJsonResourceReloadListener.java:17) ~[server-1.20.1-20230612.114412-srg.jar%23424!/:?]
	at net.minecraft.server.packs.resources.SimplePreparableReloadListener.m_10786_(SimplePreparableReloadListener.java:11) ~[server-1.20.1-20230612.114412-srg.jar%23424!/:?]
	at java.util.concurrent.CompletableFuture$AsyncSupply.run(CompletableFuture.java:1768) ~[?:?]
	at java.util.concurrent.CompletableFuture$AsyncSupply.exec(CompletableFuture.java:1760) ~[?:?]
	at java.util.concurrent.ForkJoinTask.doExec(ForkJoinTask.java:373) ~[?:?]
	at java.util.concurrent.ForkJoinPool$WorkQueue.topLevelExec(ForkJoinPool.java:1182) ~[?:?]
	at java.util.concurrent.ForkJoinPool.scan(ForkJoinPool.java:1655) ~[?:?]
	at java.util.concurrent.ForkJoinPool.runWorker(ForkJoinPool.java:1622) ~[?:?]
	at java.util.concurrent.ForkJoinWorkerThread.run(ForkJoinWorkerThread.java:165) ~[?:?]
Caused by: java.io.EOFException: End of input at line 1 column 1 path $
	at com.google.gson.stream.JsonReader.nextNonWhitespace(JsonReader.java:1455) ~[gson-2.10.jar%2372!/:?]
	at com.google.gson.stream.JsonReader.doPeek(JsonReader.java:558) ~[gson-2.10.jar%2372!/:?]
	at com.google.gson.stream.JsonReader.peek(JsonReader.java:433) ~[gson-2.10.jar%2372!/:?]
	at com.google.gson.internal.bind.TypeAdapters$28.read(TypeAdapters.java:769) ~[gson-2.10.jar%2372!/:?]
	at com.google.gson.internal.bind.TypeAdapters$28.read(TypeAdapters.java:725) ~[gson-2.10.jar%2372!/:?]
	at com.google.gson.internal.bind.TypeAdapters$34$1.read(TypeAdapters.java:1007) ~[gson-2.10.jar%2372!/:?]
	at net.minecraft.util.GsonHelper.m_13780_(GsonHelper.java:524) ~[server-1.20.1-20230612.114412-srg.jar%23424!/:?]
	... 13 more
[27Aug2026 11:17:05.672] [Worker-Main-3/ERROR] [net.minecraft.server.packs.resources.SimpleJsonResourceReloadListener/]: Couldn't parse data file irons_spellbooks:pyrium_staff from irons_spellbooks:recipes/pyrium_staff.json
com.google.gson.JsonParseException: java.io.EOFException: End of input at line 1 column 1 path $
	at net.minecraft.util.GsonHelper.m_13780_(GsonHelper.java:526) ~[server-1.20.1-20230612.114412-srg.jar%23424!/:?]
	at net.minecraft.util.GsonHelper.m_263475_(GsonHelper.java:531) ~[server-1.20.1-20230612.114412-srg.jar%23424!/:?]
	at net.minecraft.util.GsonHelper.m_13776_(GsonHelper.java:581) ~[server-1.20.1-20230612.114412-srg.jar%23424!/:?]
	at net.minecraft.server.packs.resources.SimpleJsonResourceReloadListener.m_278771_(SimpleJsonResourceReloadListener.java:41) ~[server-1.20.1-20230612.114412-srg.jar%23424!/:?]
	at net.minecraft.server.packs.resources.SimpleJsonResourceReloadListener.m_5944_(SimpleJsonResourceReloadListener.java:29) ~[server-1.20.1-20230612.114412-srg.jar%23424!/:?]
	at net.minecraft.server.packs.resources.SimpleJsonResourceReloadListener.m_5944_(SimpleJsonResourceReloadListener.java:17) ~[server-1.20.1-20230612.114412-srg.jar%23424!/:?]
	at net.minecraft.server.packs.resources.SimplePreparableReloadListener.m_10786_(SimplePreparableReloadListener.java:11) ~[server-1.20.1-20230612.114412-srg.jar%23424!/:?]
	at java.util.concurrent.CompletableFuture$AsyncSupply.run(CompletableFuture.java:1768) ~[?:?]
	at java.util.concurrent.CompletableFuture$AsyncSupply.exec(CompletableFuture.java:1760) ~[?:?]
	at java.util.concurrent.ForkJoinTask.doExec(ForkJoinTask.java:373) ~[?:?]
	at java.util.concurrent.ForkJoinPool$WorkQueue.topLevelExec(ForkJoinPool.java:1182) ~[?:?]
	at java.util.concurrent.ForkJoinPool.scan(ForkJoinPool.java:1655) ~[?:?]
	at java.util.concurrent.ForkJoinPool.runWorker(ForkJoinPool.java:1622) ~[?:?]
	at java.util.concurrent.ForkJoinWorkerThread.run(ForkJoinWorkerThread.java:165) ~[?:?]
Caused by: java.io.EOFException: End of input at line 1 column 1 path $
	at com.google.gson.stream.JsonReader.nextNonWhitespace(JsonReader.java:1455) ~[gson-2.10.jar%2372!/:?]
	at com.google.gson.stream.JsonReader.doPeek(JsonReader.java:558) ~[gson-2.10.jar%2372!/:?]
	at com.google.gson.stream.JsonReader.peek(JsonReader.java:433) ~[gson-2.10.jar%2372!/:?]
	at com.google.gson.internal.bind.TypeAdapters$28.read(TypeAdapters.java:769) ~[gson-2.10.jar%2372!/:?]
	at com.google.gson.internal.bind.TypeAdapters$28.read(TypeAdapters.java:725) ~[gson-2.10.jar%2372!/:?]
	at com.google.gson.internal.bind.TypeAdapters$34$1.read(TypeAdapters.java:1007) ~[gson-2.10.jar%2372!/:?]
	at net.minecraft.util.GsonHelper.m_13780_(GsonHelper.java:524) ~[server-1.20.1-20230612.114412-srg.jar%23424!/:?]
	... 13 more
[27Aug2026 11:17:05.684] [Worker-Main-3/ERROR] [net.minecraft.server.packs.resources.SimpleJsonResourceReloadListener/]: Couldn't parse data file efn:ruinfighter_boots from efn:recipes/ruinfighter_boots.json
com.google.gson.JsonParseException: java.io.EOFException: End of input at line 1 column 1 path $
	at net.minecraft.util.GsonHelper.m_13780_(GsonHelper.java:526) ~[server-1.20.1-20230612.114412-srg.jar%23424!/:?]
	at net.minecraft.util.GsonHelper.m_263475_(GsonHelper.java:531) ~[server-1.20.1-20230612.114412-srg.jar%23424!/:?]
	at net.minecraft.util.GsonHelper.m_13776_(GsonHelper.java:581) ~[server-1.20.1-20230612.114412-srg.jar%23424!/:?]
	at net.minecraft.server.packs.resources.SimpleJsonResourceReloadListener.m_278771_(SimpleJsonResourceReloadListener.java:41) ~[server-1.20.1-20230612.114412-srg.jar%23424!/:?]
	at net.minecraft.server.packs.resources.SimpleJsonResourceReloadListener.m_5944_(SimpleJsonResourceReloadListener.java:29) ~[server-1.20.1-20230612.114412-srg.jar%23424!/:?]
	at net.minecraft.server.packs.resources.SimpleJsonResourceReloadListener.m_5944_(SimpleJsonResourceReloadListener.java:17) ~[server-1.20.1-20230612.114412-srg.jar%23424!/:?]
	at net.minecraft.server.packs.resources.SimplePreparableReloadListener.m_10786_(SimplePreparableReloadListener.java:11) ~[server-1.20.1-20230612.114412-srg.jar%23424!/:?]
	at java.util.concurrent.CompletableFuture$AsyncSupply.run(CompletableFuture.java:1768) ~[?:?]
	at java.util.concurrent.CompletableFuture$AsyncSupply.exec(CompletableFuture.java:1760) ~[?:?]
	at java.util.concurrent.ForkJoinTask.doExec(ForkJoinTask.java:373) ~[?:?]
	at java.util.concurrent.ForkJoinPool$WorkQueue.topLevelExec(ForkJoinPool.java:1182) ~[?:?]
	at java.util.concurrent.ForkJoinPool.scan(ForkJoinPool.java:1655) ~[?:?]
	at java.util.concurrent.ForkJoinPool.runWorker(ForkJoinPool.java:1622) ~[?:?]
	at java.util.concurrent.ForkJoinWorkerThread.run(ForkJoinWorkerThread.java:165) ~[?:?]
Caused by: java.io.EOFException: End of input at line 1 column 1 path $
	at com.google.gson.stream.JsonReader.nextNonWhitespace(JsonReader.java:1455) ~[gson-2.10.jar%2372!/:?]
	at com.google.gson.stream.JsonReader.doPeek(JsonReader.java:558) ~[gson-2.10.jar%2372!/:?]
	at com.google.gson.stream.JsonReader.peek(JsonReader.java:433) ~[gson-2.10.jar%2372!/:?]
	at com.google.gson.internal.bind.TypeAdapters$28.read(TypeAdapters.java:769) ~[gson-2.10.jar%2372!/:?]
	at com.google.gson.internal.bind.TypeAdapters$28.read(TypeAdapters.java:725) ~[gson-2.10.jar%2372!/:?]
	at com.google.gson.internal.bind.TypeAdapters$34$1.read(TypeAdapters.java:1007) ~[gson-2.10.jar%2372!/:?]
	at net.minecraft.util.GsonHelper.m_13780_(GsonHelper.java:524) ~[server-1.20.1-20230612.114412-srg.jar%23424!/:?]
	... 13 more
[27Aug2026 11:17:05.685] [Worker-Main-3/ERROR] [net.minecraft.server.packs.resources.SimpleJsonResourceReloadListener/]: Couldn't parse data file efn:ruinfighter_chestplate from efn:recipes/ruinfighter_chestplate.json
com.google.gson.JsonParseException: java.io.EOFException: End of input at line 1 column 1 path $
	at net.minecraft.util.GsonHelper.m_13780_(GsonHelper.java:526) ~[server-1.20.1-20230612.114412-srg.jar%23424!/:?]
	at net.minecraft.util.GsonHelper.m_263475_(GsonHelper.java:531) ~[server-1.20.1-20230612.114412-srg.jar%23424!/:?]
	at net.minecraft.util.GsonHelper.m_13776_(GsonHelper.java:581) ~[server-1.20.1-20230612.114412-srg.jar%23424!/:?]
	at net.minecraft.server.packs.resources.SimpleJsonResourceReloadListener.m_278771_(SimpleJsonResourceReloadListener.java:41) ~[server-1.20.1-20230612.114412-srg.jar%23424!/:?]
	at net.minecraft.server.packs.resources.SimpleJsonResourceReloadListener.m_5944_(SimpleJsonResourceReloadListener.java:29) ~[server-1.20.1-20230612.114412-srg.jar%23424!/:?]
	at net.minecraft.server.packs.resources.SimpleJsonResourceReloadListener.m_5944_(SimpleJsonResourceReloadListener.java:17) ~[server-1.20.1-20230612.114412-srg.jar%23424!/:?]
	at net.minecraft.server.packs.resources.SimplePreparableReloadListener.m_10786_(SimplePreparableReloadListener.java:11) ~[server-1.20.1-20230612.114412-srg.jar%23424!/:?]
	at java.util.concurrent.CompletableFuture$AsyncSupply.run(CompletableFuture.java:1768) ~[?:?]
	at java.util.concurrent.CompletableFuture$AsyncSupply.exec(CompletableFuture.java:1760) ~[?:?]
	at java.util.concurrent.ForkJoinTask.doExec(ForkJoinTask.java:373) ~[?:?]
	at java.util.concurrent.ForkJoinPool$WorkQueue.topLevelExec(ForkJoinPool.java:1182) ~[?:?]
	at java.util.concurrent.ForkJoinPool.scan(ForkJoinPool.java:1655) ~[?:?]
	at java.util.concurrent.ForkJoinPool.runWorker(ForkJoinPool.java:1622) ~[?:?]
	at java.util.concurrent.ForkJoinWorkerThread.run(ForkJoinWorkerThread.java:165) ~[?:?]
Caused by: java.io.EOFException: End of input at line 1 column 1 path $
	at com.google.gson.stream.JsonReader.nextNonWhitespace(JsonReader.java:1455) ~[gson-2.10.jar%2372!/:?]
	at com.google.gson.stream.JsonReader.doPeek(JsonReader.java:558) ~[gson-2.10.jar%2372!/:?]
	at com.google.gson.stream.JsonReader.peek(JsonReader.java:433) ~[gson-2.10.jar%2372!/:?]
	at com.google.gson.internal.bind.TypeAdapters$28.read(TypeAdapters.java:769) ~[gson-2.10.jar%2372!/:?]
	at com.google.gson.internal.bind.TypeAdapters$28.read(TypeAdapters.java:725) ~[gson-2.10.jar%2372!/:?]
	at com.google.gson.internal.bind.TypeAdapters$34$1.read(TypeAdapters.java:1007) ~[gson-2.10.jar%2372!/:?]
	at net.minecraft.util.GsonHelper.m_13780_(GsonHelper.java:524) ~[server-1.20.1-20230612.114412-srg.jar%23424!/:?]
	... 13 more
[27Aug2026 11:17:05.685] [Worker-Main-3/ERROR] [net.minecraft.server.packs.resources.SimpleJsonResourceReloadListener/]: Couldn't parse data file efn:ruinfighter_helmet from efn:recipes/ruinfighter_helmet.json
com.google.gson.JsonParseException: java.io.EOFException: End of input at line 1 column 1 path $
	at net.minecraft.util.GsonHelper.m_13780_(GsonHelper.java:526) ~[server-1.20.1-20230612.114412-srg.jar%23424!/:?]
	at net.minecraft.util.GsonHelper.m_263475_(GsonHelper.java:531) ~[server-1.20.1-20230612.114412-srg.jar%23424!/:?]
	at net.minecraft.util.GsonHelper.m_13776_(GsonHelper.java:581) ~[server-1.20.1-20230612.114412-srg.jar%23424!/:?]
	at net.minecraft.server.packs.resources.SimpleJsonResourceReloadListener.m_278771_(SimpleJsonResourceReloadListener.java:41) ~[server-1.20.1-20230612.114412-srg.jar%23424!/:?]
	at net.minecraft.server.packs.resources.SimpleJsonResourceReloadListener.m_5944_(SimpleJsonResourceReloadListener.java:29) ~[server-1.20.1-20230612.114412-srg.jar%23424!/:?]
	at net.minecraft.server.packs.resources.SimpleJsonResourceReloadListener.m_5944_(SimpleJsonResourceReloadListener.java:17) ~[server-1.20.1-20230612.114412-srg.jar%23424!/:?]
	at net.minecraft.server.packs.resources.SimplePreparableReloadListener.m_10786_(SimplePreparableReloadListener.java:11) ~[server-1.20.1-20230612.114412-srg.jar%23424!/:?]
	at java.util.concurrent.CompletableFuture$AsyncSupply.run(CompletableFuture.java:1768) ~[?:?]
	at java.util.concurrent.CompletableFuture$AsyncSupply.exec(CompletableFuture.java:1760) ~[?:?]
	at java.util.concurrent.ForkJoinTask.doExec(ForkJoinTask.java:373) ~[?:?]
	at java.util.concurrent.ForkJoinPool$WorkQueue.topLevelExec(ForkJoinPool.java:1182) ~[?:?]
	at java.util.concurrent.ForkJoinPool.scan(ForkJoinPool.java:1655) ~[?:?]
	at java.util.concurrent.ForkJoinPool.runWorker(ForkJoinPool.java:1622) ~[?:?]
	at java.util.concurrent.ForkJoinWorkerThread.run(ForkJoinWorkerThread.java:165) ~[?:?]
Caused by: java.io.EOFException: End of input at line 1 column 1 path $
	at com.google.gson.stream.JsonReader.nextNonWhitespace(JsonReader.java:1455) ~[gson-2.10.jar%2372!/:?]
	at com.google.gson.stream.JsonReader.doPeek(JsonReader.java:558) ~[gson-2.10.jar%2372!/:?]
	at com.google.gson.stream.JsonReader.peek(JsonReader.java:433) ~[gson-2.10.jar%2372!/:?]
	at com.google.gson.internal.bind.TypeAdapters$28.read(TypeAdapters.java:769) ~[gson-2.10.jar%2372!/:?]
	at com.google.gson.internal.bind.TypeAdapters$28.read(TypeAdapters.java:725) ~[gson-2.10.jar%2372!/:?]
	at com.google.gson.internal.bind.TypeAdapters$34$1.read(TypeAdapters.java:1007) ~[gson-2.10.jar%2372!/:?]
	at net.minecraft.util.GsonHelper.m_13780_(GsonHelper.java:524) ~[server-1.20.1-20230612.114412-srg.jar%23424!/:?]
	... 13 more
[27Aug2026 11:17:05.686] [Worker-Main-3/ERROR] [net.minecraft.server.packs.resources.SimpleJsonResourceReloadListener/]: Couldn't parse data file efn:ruinfighter_leggings from efn:recipes/ruinfighter_leggings.json
com.google.gson.JsonParseException: java.io.EOFException: End of input at line 1 column 1 path $
	at net.minecraft.util.GsonHelper.m_13780_(GsonHelper.java:526) ~[server-1.20.1-20230612.114412-srg.jar%23424!/:?]
	at net.minecraft.util.GsonHelper.m_263475_(GsonHelper.java:531) ~[server-1.20.1-20230612.114412-srg.jar%23424!/:?]
	at net.minecraft.util.GsonHelper.m_13776_(GsonHelper.java:581) ~[server-1.20.1-20230612.114412-srg.jar%23424!/:?]
	at net.minecraft.server.packs.resources.SimpleJsonResourceReloadListener.m_278771_(SimpleJsonResourceReloadListener.java:41) ~[server-1.20.1-20230612.114412-srg.jar%23424!/:?]
	at net.minecraft.server.packs.resources.SimpleJsonResourceReloadListener.m_5944_(SimpleJsonResourceReloadListener.java:29) ~[server-1.20.1-20230612.114412-srg.jar%23424!/:?]
	at net.minecraft.server.packs.resources.SimpleJsonResourceReloadListener.m_5944_(SimpleJsonResourceReloadListener.java:17) ~[server-1.20.1-20230612.114412-srg.jar%23424!/:?]
	at net.minecraft.server.packs.resources.SimplePreparableReloadListener.m_10786_(SimplePreparableReloadListener.java:11) ~[server-1.20.1-20230612.114412-srg.jar%23424!/:?]
	at java.util.concurrent.CompletableFuture$AsyncSupply.run(CompletableFuture.java:1768) ~[?:?]
	at java.util.concurrent.CompletableFuture$AsyncSupply.exec(CompletableFuture.java:1760) ~[?:?]
	at java.util.concurrent.ForkJoinTask.doExec(ForkJoinTask.java:373) ~[?:?]
	at java.util.concurrent.ForkJoinPool$WorkQueue.topLevelExec(ForkJoinPool.java:1182) ~[?:?]
	at java.util.concurrent.ForkJoinPool.scan(ForkJoinPool.java:1655) ~[?:?]
	at java.util.concurrent.ForkJoinPool.runWorker(ForkJoinPool.java:1622) ~[?:?]
	at java.util.concurrent.ForkJoinWorkerThread.run(ForkJoinWorkerThread.java:165) ~[?:?]
Caused by: java.io.EOFException: End of input at line 1 column 1 path $
	at com.google.gson.stream.JsonReader.nextNonWhitespace(JsonReader.java:1455) ~[gson-2.10.jar%2372!/:?]
	at com.google.gson.stream.JsonReader.doPeek(JsonReader.java:558) ~[gson-2.10.jar%2372!/:?]
	at com.google.gson.stream.JsonReader.peek(JsonReader.java:433) ~[gson-2.10.jar%2372!/:?]
	at com.google.gson.internal.bind.TypeAdapters$28.read(TypeAdapters.java:769) ~[gson-2.10.jar%2372!/:?]
	at com.google.gson.internal.bind.TypeAdapters$28.read(TypeAdapters.java:725) ~[gson-2.10.jar%2372!/:?]
	at com.google.gson.internal.bind.TypeAdapters$34$1.read(TypeAdapters.java:1007) ~[gson-2.10.jar%2372!/:?]
	at net.minecraft.util.GsonHelper.m_13780_(GsonHelper.java:524) ~[server-1.20.1-20230612.114412-srg.jar%23424!/:?]
	... 13 more
[27Aug2026 11:17:05.687] [Worker-Main-3/ERROR] [net.minecraft.server.packs.resources.SimpleJsonResourceReloadListener/]: Couldn't parse data file efn:ruinsgreatsword from efn:recipes/ruinsgreatsword.json
com.google.gson.JsonParseException: java.io.EOFException: End of input at line 1 column 1 path $
	at net.minecraft.util.GsonHelper.m_13780_(GsonHelper.java:526) ~[server-1.20.1-20230612.114412-srg.jar%23424!/:?]
	at net.minecraft.util.GsonHelper.m_263475_(GsonHelper.java:531) ~[server-1.20.1-20230612.114412-srg.jar%23424!/:?]
	at net.minecraft.util.GsonHelper.m_13776_(GsonHelper.java:581) ~[server-1.20.1-20230612.114412-srg.jar%23424!/:?]
	at net.minecraft.server.packs.resources.SimpleJsonResourceReloadListener.m_278771_(SimpleJsonResourceReloadListener.java:41) ~[server-1.20.1-20230612.114412-srg.jar%23424!/:?]
	at net.minecraft.server.packs.resources.SimpleJsonResourceReloadListener.m_5944_(SimpleJsonResourceReloadListener.java:29) ~[server-1.20.1-20230612.114412-srg.jar%23424!/:?]
	at net.minecraft.server.packs.resources.SimpleJsonResourceReloadListener.m_5944_(SimpleJsonResourceReloadListener.java:17) ~[server-1.20.1-20230612.114412-srg.jar%23424!/:?]
	at net.minecraft.server.packs.resources.SimplePreparableReloadListener.m_10786_(SimplePreparableReloadListener.java:11) ~[server-1.20.1-20230612.114412-srg.jar%23424!/:?]
	at java.util.concurrent.CompletableFuture$AsyncSupply.run(CompletableFuture.java:1768) ~[?:?]
	at java.util.concurrent.CompletableFuture$AsyncSupply.exec(CompletableFuture.java:1760) ~[?:?]
	at java.util.concurrent.ForkJoinTask.doExec(ForkJoinTask.java:373) ~[?:?]
	at java.util.concurrent.ForkJoinPool$WorkQueue.topLevelExec(ForkJoinPool.java:1182) ~[?:?]
	at java.util.concurrent.ForkJoinPool.scan(ForkJoinPool.java:1655) ~[?:?]
	at java.util.concurrent.ForkJoinPool.runWorker(ForkJoinPool.java:1622) ~[?:?]
	at java.util.concurrent.ForkJoinWorkerThread.run(ForkJoinWorkerThread.java:165) ~[?:?]
Caused by: java.io.EOFException: End of input at line 1 column 1 path $
	at com.google.gson.stream.JsonReader.nextNonWhitespace(JsonReader.java:1455) ~[gson-2.10.jar%2372!/:?]
	at com.google.gson.stream.JsonReader.doPeek(JsonReader.java:558) ~[gson-2.10.jar%2372!/:?]
	at com.google.gson.stream.JsonReader.peek(JsonReader.java:433) ~[gson-2.10.jar%2372!/:?]
	at com.google.gson.internal.bind.TypeAdapters$28.read(TypeAdapters.java:769) ~[gson-2.10.jar%2372!/:?]
	at com.google.gson.internal.bind.TypeAdapters$28.read(TypeAdapters.java:725) ~[gson-2.10.jar%2372!/:?]
	at com.google.gson.internal.bind.TypeAdapters$34$1.read(TypeAdapters.java:1007) ~[gson-2.10.jar%2372!/:?]
	at net.minecraft.util.GsonHelper.m_13780_(GsonHelper.java:524) ~[server-1.20.1-20230612.114412-srg.jar%23424!/:?]
	... 13 more
[27Aug2026 11:17:05.690] [Worker-Main-3/ERROR] [net.minecraft.server.packs.resources.SimpleJsonResourceReloadListener/]: Couldn't parse data file irons_spellbooks:scroll_forge from irons_spellbooks:recipes/scroll_forge.json
com.google.gson.JsonParseException: java.io.EOFException: End of input at line 1 column 1 path $
	at net.minecraft.util.GsonHelper.m_13780_(GsonHelper.java:526) ~[server-1.20.1-20230612.114412-srg.jar%23424!/:?]
	at net.minecraft.util.GsonHelper.m_263475_(GsonHelper.java:531) ~[server-1.20.1-20230612.114412-srg.jar%23424!/:?]
	at net.minecraft.util.GsonHelper.m_13776_(GsonHelper.java:581) ~[server-1.20.1-20230612.114412-srg.jar%23424!/:?]
	at net.minecraft.server.packs.resources.SimpleJsonResourceReloadListener.m_278771_(SimpleJsonResourceReloadListener.java:41) ~[server-1.20.1-20230612.114412-srg.jar%23424!/:?]
	at net.minecraft.server.packs.resources.SimpleJsonResourceReloadListener.m_5944_(SimpleJsonResourceReloadListener.java:29) ~[server-1.20.1-20230612.114412-srg.jar%23424!/:?]
	at net.minecraft.server.packs.resources.SimpleJsonResourceReloadListener.m_5944_(SimpleJsonResourceReloadListener.java:17) ~[server-1.20.1-20230612.114412-srg.jar%23424!/:?]
	at net.minecraft.server.packs.resources.SimplePreparableReloadListener.m_10786_(SimplePreparableReloadListener.java:11) ~[server-1.20.1-20230612.114412-srg.jar%23424!/:?]
	at java.util.concurrent.CompletableFuture$AsyncSupply.run(CompletableFuture.java:1768) ~[?:?]
	at java.util.concurrent.CompletableFuture$AsyncSupply.exec(CompletableFuture.java:1760) ~[?:?]
	at java.util.concurrent.ForkJoinTask.doExec(ForkJoinTask.java:373) ~[?:?]
	at java.util.concurrent.ForkJoinPool$WorkQueue.topLevelExec(ForkJoinPool.java:1182) ~[?:?]
	at java.util.concurrent.ForkJoinPool.scan(ForkJoinPool.java:1655) ~[?:?]
	at java.util.concurrent.ForkJoinPool.runWorker(ForkJoinPool.java:1622) ~[?:?]
	at java.util.concurrent.ForkJoinWorkerThread.run(ForkJoinWorkerThread.java:165) ~[?:?]
Caused by: java.io.EOFException: End of input at line 1 column 1 path $
	at com.google.gson.stream.JsonReader.nextNonWhitespace(JsonReader.java:1455) ~[gson-2.10.jar%2372!/:?]
	at com.google.gson.stream.JsonReader.doPeek(JsonReader.java:558) ~[gson-2.10.jar%2372!/:?]
	at com.google.gson.stream.JsonReader.peek(JsonReader.java:433) ~[gson-2.10.jar%2372!/:?]
	at com.google.gson.internal.bind.TypeAdapters$28.read(TypeAdapters.java:769) ~[gson-2.10.jar%2372!/:?]
	at com.google.gson.internal.bind.TypeAdapters$28.read(TypeAdapters.java:725) ~[gson-2.10.jar%2372!/:?]
	at com.google.gson.internal.bind.TypeAdapters$34$1.read(TypeAdapters.java:1007) ~[gson-2.10.jar%2372!/:?]
	at net.minecraft.util.GsonHelper.m_13780_(GsonHelper.java:524) ~[server-1.20.1-20230612.114412-srg.jar%23424!/:?]
	... 13 more
[27Aug2026 11:17:05.699] [Worker-Main-3/ERROR] [net.minecraft.server.packs.resources.SimpleJsonResourceReloadListener/]: Couldn't parse data file aether:skyroot_smithing_table from aether:recipes/skyroot_smithing_table.json
com.google.gson.JsonParseException: java.io.EOFException: End of input at line 1 column 1 path $
	at net.minecraft.util.GsonHelper.m_13780_(GsonHelper.java:526) ~[server-1.20.1-20230612.114412-srg.jar%23424!/:?]
	at net.minecraft.util.GsonHelper.m_263475_(GsonHelper.java:531) ~[server-1.20.1-20230612.114412-srg.jar%23424!/:?]
	at net.minecraft.util.GsonHelper.m_13776_(GsonHelper.java:581) ~[server-1.20.1-20230612.114412-srg.jar%23424!/:?]
	at net.minecraft.server.packs.resources.SimpleJsonResourceReloadListener.m_278771_(SimpleJsonResourceReloadListener.java:41) ~[server-1.20.1-20230612.114412-srg.jar%23424!/:?]
	at net.minecraft.server.packs.resources.SimpleJsonResourceReloadListener.m_5944_(SimpleJsonResourceReloadListener.java:29) ~[server-1.20.1-20230612.114412-srg.jar%23424!/:?]
	at net.minecraft.server.packs.resources.SimpleJsonResourceReloadListener.m_5944_(SimpleJsonResourceReloadListener.java:17) ~[server-1.20.1-20230612.114412-srg.jar%23424!/:?]
	at net.minecraft.server.packs.resources.SimplePreparableReloadListener.m_10786_(SimplePreparableReloadListener.java:11) ~[server-1.20.1-20230612.114412-srg.jar%23424!/:?]
	at java.util.concurrent.CompletableFuture$AsyncSupply.run(CompletableFuture.java:1768) ~[?:?]
	at java.util.concurrent.CompletableFuture$AsyncSupply.exec(CompletableFuture.java:1760) ~[?:?]
	at java.util.concurrent.ForkJoinTask.doExec(ForkJoinTask.java:373) ~[?:?]
	at java.util.concurrent.ForkJoinPool$WorkQueue.topLevelExec(ForkJoinPool.java:1182) ~[?:?]
	at java.util.concurrent.ForkJoinPool.scan(ForkJoinPool.java:1655) ~[?:?]
	at java.util.concurrent.ForkJoinPool.runWorker(ForkJoinPool.java:1622) ~[?:?]
	at java.util.concurrent.ForkJoinWorkerThread.run(ForkJoinWorkerThread.java:165) ~[?:?]
Caused by: java.io.EOFException: End of input at line 1 column 1 path $
	at com.google.gson.stream.JsonReader.nextNonWhitespace(JsonReader.java:1455) ~[gson-2.10.jar%2372!/:?]
	at com.google.gson.stream.JsonReader.doPeek(JsonReader.java:558) ~[gson-2.10.jar%2372!/:?]
	at com.google.gson.stream.JsonReader.peek(JsonReader.java:433) ~[gson-2.10.jar%2372!/:?]
	at com.google.gson.internal.bind.TypeAdapters$28.read(TypeAdapters.java:769) ~[gson-2.10.jar%2372!/:?]
	at com.google.gson.internal.bind.TypeAdapters$28.read(TypeAdapters.java:725) ~[gson-2.10.jar%2372!/:?]
	at com.google.gson.internal.bind.TypeAdapters$34$1.read(TypeAdapters.java:1007) ~[gson-2.10.jar%2372!/:?]
	at net.minecraft.util.GsonHelper.m_13780_(GsonHelper.java:524) ~[server-1.20.1-20230612.114412-srg.jar%23424!/:?]
	... 13 more
[27Aug2026 11:17:05.705] [Worker-Main-3/ERROR] [net.minecraft.server.packs.resources.SimpleJsonResourceReloadListener/]: Couldn't parse data file efn:smithing/nf_shortsword_2 from efn:recipes/smithing/nf_shortsword_2.json
com.google.gson.JsonParseException: java.io.EOFException: End of input at line 1 column 1 path $
	at net.minecraft.util.GsonHelper.m_13780_(GsonHelper.java:526) ~[server-1.20.1-20230612.114412-srg.jar%23424!/:?]
	at net.minecraft.util.GsonHelper.m_263475_(GsonHelper.java:531) ~[server-1.20.1-20230612.114412-srg.jar%23424!/:?]
	at net.minecraft.util.GsonHelper.m_13776_(GsonHelper.java:581) ~[server-1.20.1-20230612.114412-srg.jar%23424!/:?]
	at net.minecraft.server.packs.resources.SimpleJsonResourceReloadListener.m_278771_(SimpleJsonResourceReloadListener.java:41) ~[server-1.20.1-20230612.114412-srg.jar%23424!/:?]
	at net.minecraft.server.packs.resources.SimpleJsonResourceReloadListener.m_5944_(SimpleJsonResourceReloadListener.java:29) ~[server-1.20.1-20230612.114412-srg.jar%23424!/:?]
	at net.minecraft.server.packs.resources.SimpleJsonResourceReloadListener.m_5944_(SimpleJsonResourceReloadListener.java:17) ~[server-1.20.1-20230612.114412-srg.jar%23424!/:?]
	at net.minecraft.server.packs.resources.SimplePreparableReloadListener.m_10786_(SimplePreparableReloadListener.java:11) ~[server-1.20.1-20230612.114412-srg.jar%23424!/:?]
	at java.util.concurrent.CompletableFuture$AsyncSupply.run(CompletableFuture.java:1768) ~[?:?]
	at java.util.concurrent.CompletableFuture$AsyncSupply.exec(CompletableFuture.java:1760) ~[?:?]
	at java.util.concurrent.ForkJoinTask.doExec(ForkJoinTask.java:373) ~[?:?]
	at java.util.concurrent.ForkJoinPool$WorkQueue.topLevelExec(ForkJoinPool.java:1182) ~[?:?]
	at java.util.concurrent.ForkJoinPool.scan(ForkJoinPool.java:1655) ~[?:?]
	at java.util.concurrent.ForkJoinPool.runWorker(ForkJoinPool.java:1622) ~[?:?]
	at java.util.concurrent.ForkJoinWorkerThread.run(ForkJoinWorkerThread.java:165) ~[?:?]
Caused by: java.io.EOFException: End of input at line 1 column 1 path $
	at com.google.gson.stream.JsonReader.nextNonWhitespace(JsonReader.java:1455) ~[gson-2.10.jar%2372!/:?]
	at com.google.gson.stream.JsonReader.doPeek(JsonReader.java:558) ~[gson-2.10.jar%2372!/:?]
	at com.google.gson.stream.JsonReader.peek(JsonReader.java:433) ~[gson-2.10.jar%2372!/:?]
	at com.google.gson.internal.bind.TypeAdapters$28.read(TypeAdapters.java:769) ~[gson-2.10.jar%2372!/:?]
	at com.google.gson.internal.bind.TypeAdapters$28.read(TypeAdapters.java:725) ~[gson-2.10.jar%2372!/:?]
	at com.google.gson.internal.bind.TypeAdapters$34$1.read(TypeAdapters.java:1007) ~[gson-2.10.jar%2372!/:?]
	at net.minecraft.util.GsonHelper.m_13780_(GsonHelper.java:524) ~[server-1.20.1-20230612.114412-srg.jar%23424!/:?]
	... 13 more
[27Aug2026 11:17:05.712] [Worker-Main-3/ERROR] [net.minecraft.server.packs.resources.SimpleJsonResourceReloadListener/]: Couldn't parse data file cataclysm:soul_render from cataclysm:recipes/soul_render.json
com.google.gson.JsonParseException: java.io.EOFException: End of input at line 1 column 1 path $
	at net.minecraft.util.GsonHelper.m_13780_(GsonHelper.java:526) ~[server-1.20.1-20230612.114412-srg.jar%23424!/:?]
	at net.minecraft.util.GsonHelper.m_263475_(GsonHelper.java:531) ~[server-1.20.1-20230612.114412-srg.jar%23424!/:?]
	at net.minecraft.util.GsonHelper.m_13776_(GsonHelper.java:581) ~[server-1.20.1-20230612.114412-srg.jar%23424!/:?]
	at net.minecraft.server.packs.resources.SimpleJsonResourceReloadListener.m_278771_(SimpleJsonResourceReloadListener.java:41) ~[server-1.20.1-20230612.114412-srg.jar%23424!/:?]
	at net.minecraft.server.packs.resources.SimpleJsonResourceReloadListener.m_5944_(SimpleJsonResourceReloadListener.java:29) ~[server-1.20.1-20230612.114412-srg.jar%23424!/:?]
	at net.minecraft.server.packs.resources.SimpleJsonResourceReloadListener.m_5944_(SimpleJsonResourceReloadListener.java:17) ~[server-1.20.1-20230612.114412-srg.jar%23424!/:?]
	at net.minecraft.server.packs.resources.SimplePreparableReloadListener.m_10786_(SimplePreparableReloadListener.java:11) ~[server-1.20.1-20230612.114412-srg.jar%23424!/:?]
	at java.util.concurrent.CompletableFuture$AsyncSupply.run(CompletableFuture.java:1768) ~[?:?]
	at java.util.concurrent.CompletableFuture$AsyncSupply.exec(CompletableFuture.java:1760) ~[?:?]
	at java.util.concurrent.ForkJoinTask.doExec(ForkJoinTask.java:373) ~[?:?]
	at java.util.concurrent.ForkJoinPool$WorkQueue.topLevelExec(ForkJoinPool.java:1182) ~[?:?]
	at java.util.concurrent.ForkJoinPool.scan(ForkJoinPool.java:1655) ~[?:?]
	at java.util.concurrent.ForkJoinPool.runWorker(ForkJoinPool.java:1622) ~[?:?]
	at java.util.concurrent.ForkJoinWorkerThread.run(ForkJoinWorkerThread.java:165) ~[?:?]
Caused by: java.io.EOFException: End of input at line 1 column 1 path $
	at com.google.gson.stream.JsonReader.nextNonWhitespace(JsonReader.java:1455) ~[gson-2.10.jar%2372!/:?]
	at com.google.gson.stream.JsonReader.doPeek(JsonReader.java:558) ~[gson-2.10.jar%2372!/:?]
	at com.google.gson.stream.JsonReader.peek(JsonReader.java:433) ~[gson-2.10.jar%2372!/:?]
	at com.google.gson.internal.bind.TypeAdapters$28.read(TypeAdapters.java:769) ~[gson-2.10.jar%2372!/:?]
	at com.google.gson.internal.bind.TypeAdapters$28.read(TypeAdapters.java:725) ~[gson-2.10.jar%2372!/:?]
	at com.google.gson.internal.bind.TypeAdapters$34$1.read(TypeAdapters.java:1007) ~[gson-2.10.jar%2372!/:?]
	at net.minecraft.util.GsonHelper.m_13780_(GsonHelper.java:524) ~[server-1.20.1-20230612.114412-srg.jar%23424!/:?]
	... 13 more
[27Aug2026 11:17:05.714] [Worker-Main-3/ERROR] [net.minecraft.server.packs.resources.SimpleJsonResourceReloadListener/]: Couldn't parse data file irons_spellbooks:spellbreaker from irons_spellbooks:recipes/spellbreaker.json
com.google.gson.JsonParseException: java.io.EOFException: End of input at line 1 column 1 path $
	at net.minecraft.util.GsonHelper.m_13780_(GsonHelper.java:526) ~[server-1.20.1-20230612.114412-srg.jar%23424!/:?]
	at net.minecraft.util.GsonHelper.m_263475_(GsonHelper.java:531) ~[server-1.20.1-20230612.114412-srg.jar%23424!/:?]
	at net.minecraft.util.GsonHelper.m_13776_(GsonHelper.java:581) ~[server-1.20.1-20230612.114412-srg.jar%23424!/:?]
	at net.minecraft.server.packs.resources.SimpleJsonResourceReloadListener.m_278771_(SimpleJsonResourceReloadListener.java:41) ~[server-1.20.1-20230612.114412-srg.jar%23424!/:?]
	at net.minecraft.server.packs.resources.SimpleJsonResourceReloadListener.m_5944_(SimpleJsonResourceReloadListener.java:29) ~[server-1.20.1-20230612.114412-srg.jar%23424!/:?]
	at net.minecraft.server.packs.resources.SimpleJsonResourceReloadListener.m_5944_(SimpleJsonResourceReloadListener.java:17) ~[server-1.20.1-20230612.114412-srg.jar%23424!/:?]
	at net.minecraft.server.packs.resources.SimplePreparableReloadListener.m_10786_(SimplePreparableReloadListener.java:11) ~[server-1.20.1-20230612.114412-srg.jar%23424!/:?]
	at java.util.concurrent.CompletableFuture$AsyncSupply.run(CompletableFuture.java:1768) ~[?:?]
	at java.util.concurrent.CompletableFuture$AsyncSupply.exec(CompletableFuture.java:1760) ~[?:?]
	at java.util.concurrent.ForkJoinTask.doExec(ForkJoinTask.java:373) ~[?:?]
	at java.util.concurrent.ForkJoinPool$WorkQueue.topLevelExec(ForkJoinPool.java:1182) ~[?:?]
	at java.util.concurrent.ForkJoinPool.scan(ForkJoinPool.java:1655) ~[?:?]
	at java.util.concurrent.ForkJoinPool.runWorker(ForkJoinPool.java:1622) ~[?:?]
	at java.util.concurrent.ForkJoinWorkerThread.run(ForkJoinWorkerThread.java:165) ~[?:?]
Caused by: java.io.EOFException: End of input at line 1 column 1 path $
	at com.google.gson.stream.JsonReader.nextNonWhitespace(JsonReader.java:1455) ~[gson-2.10.jar%2372!/:?]
	at com.google.gson.stream.JsonReader.doPeek(JsonReader.java:558) ~[gson-2.10.jar%2372!/:?]
	at com.google.gson.stream.JsonReader.peek(JsonReader.java:433) ~[gson-2.10.jar%2372!/:?]
	at com.google.gson.internal.bind.TypeAdapters$28.read(TypeAdapters.java:769) ~[gson-2.10.jar%2372!/:?]
	at com.google.gson.internal.bind.TypeAdapters$28.read(TypeAdapters.java:725) ~[gson-2.10.jar%2372!/:?]
	at com.google.gson.internal.bind.TypeAdapters$34$1.read(TypeAdapters.java:1007) ~[gson-2.10.jar%2372!/:?]
	at net.minecraft.util.GsonHelper.m_13780_(GsonHelper.java:524) ~[server-1.20.1-20230612.114412-srg.jar%23424!/:?]
	... 13 more
[27Aug2026 11:17:05.724] [Worker-Main-1/ERROR] [net.minecraft.server.packs.resources.SimpleJsonResourceReloadListener/]: Couldn't parse data file alexsmobs:shattered_dimensional_carver from alexsmobs:capsid_recipes/shattered_dimensional_carver.json
com.google.gson.JsonParseException: java.io.EOFException: End of input at line 1 column 1 path $
	at net.minecraft.util.GsonHelper.m_13780_(GsonHelper.java:526) ~[server-1.20.1-20230612.114412-srg.jar%23424!/:?]
	at net.minecraft.util.GsonHelper.m_263475_(GsonHelper.java:531) ~[server-1.20.1-20230612.114412-srg.jar%23424!/:?]
	at net.minecraft.util.GsonHelper.m_13776_(GsonHelper.java:581) ~[server-1.20.1-20230612.114412-srg.jar%23424!/:?]
	at net.minecraft.server.packs.resources.SimpleJsonResourceReloadListener.m_278771_(SimpleJsonResourceReloadListener.java:41) ~[server-1.20.1-20230612.114412-srg.jar%23424!/:?]
	at net.minecraft.server.packs.resources.SimpleJsonResourceReloadListener.m_5944_(SimpleJsonResourceReloadListener.java:29) ~[server-1.20.1-20230612.114412-srg.jar%23424!/:?]
	at net.minecraft.server.packs.resources.SimpleJsonResourceReloadListener.m_5944_(SimpleJsonResourceReloadListener.java:17) ~[server-1.20.1-20230612.114412-srg.jar%23424!/:?]
	at net.minecraft.server.packs.resources.SimplePreparableReloadListener.m_10786_(SimplePreparableReloadListener.java:11) ~[server-1.20.1-20230612.114412-srg.jar%23424!/:?]
	at java.util.concurrent.CompletableFuture$AsyncSupply.run(CompletableFuture.java:1768) ~[?:?]
	at java.util.concurrent.CompletableFuture$AsyncSupply.exec(CompletableFuture.java:1760) ~[?:?]
	at java.util.concurrent.ForkJoinTask.doExec(ForkJoinTask.java:373) ~[?:?]
	at java.util.concurrent.ForkJoinPool$WorkQueue.topLevelExec(ForkJoinPool.java:1182) ~[?:?]
	at java.util.concurrent.ForkJoinPool.scan(ForkJoinPool.java:1655) ~[?:?]
	at java.util.concurrent.ForkJoinPool.runWorker(ForkJoinPool.java:1622) ~[?:?]
	at java.util.concurrent.ForkJoinWorkerThread.run(ForkJoinWorkerThread.java:165) ~[?:?]
Caused by: java.io.EOFException: End of input at line 1 column 1 path $
	at com.google.gson.stream.JsonReader.nextNonWhitespace(JsonReader.java:1455) ~[gson-2.10.jar%2372!/:?]
	at com.google.gson.stream.JsonReader.doPeek(JsonReader.java:558) ~[gson-2.10.jar%2372!/:?]
	at com.google.gson.stream.JsonReader.peek(JsonReader.java:433) ~[gson-2.10.jar%2372!/:?]
	at com.google.gson.internal.bind.TypeAdapters$28.read(TypeAdapters.java:769) ~[gson-2.10.jar%2372!/:?]
	at com.google.gson.internal.bind.TypeAdapters$28.read(TypeAdapters.java:725) ~[gson-2.10.jar%2372!/:?]
	at com.google.gson.internal.bind.TypeAdapters$34$1.read(TypeAdapters.java:1007) ~[gson-2.10.jar%2372!/:?]
	at net.minecraft.util.GsonHelper.m_13780_(GsonHelper.java:524) ~[server-1.20.1-20230612.114412-srg.jar%23424!/:?]
	... 13 more
[27Aug2026 11:17:05.730] [Worker-Main-3/ERROR] [net.minecraft.server.packs.resources.SimpleJsonResourceReloadListener/]: Couldn't parse data file efn:sword_of_pioneer from efn:recipes/sword_of_pioneer.json
com.google.gson.JsonParseException: java.io.EOFException: End of input at line 1 column 1 path $
	at net.minecraft.util.GsonHelper.m_13780_(GsonHelper.java:526) ~[server-1.20.1-20230612.114412-srg.jar%23424!/:?]
	at net.minecraft.util.GsonHelper.m_263475_(GsonHelper.java:531) ~[server-1.20.1-20230612.114412-srg.jar%23424!/:?]
	at net.minecraft.util.GsonHelper.m_13776_(GsonHelper.java:581) ~[server-1.20.1-20230612.114412-srg.jar%23424!/:?]
	at net.minecraft.server.packs.resources.SimpleJsonResourceReloadListener.m_278771_(SimpleJsonResourceReloadListener.java:41) ~[server-1.20.1-20230612.114412-srg.jar%23424!/:?]
	at net.minecraft.server.packs.resources.SimpleJsonResourceReloadListener.m_5944_(SimpleJsonResourceReloadListener.java:29) ~[server-1.20.1-20230612.114412-srg.jar%23424!/:?]
	at net.minecraft.server.packs.resources.SimpleJsonResourceReloadListener.m_5944_(SimpleJsonResourceReloadListener.java:17) ~[server-1.20.1-20230612.114412-srg.jar%23424!/:?]
	at net.minecraft.server.packs.resources.SimplePreparableReloadListener.m_10786_(SimplePreparableReloadListener.java:11) ~[server-1.20.1-20230612.114412-srg.jar%23424!/:?]
	at java.util.concurrent.CompletableFuture$AsyncSupply.run(CompletableFuture.java:1768) ~[?:?]
	at java.util.concurrent.CompletableFuture$AsyncSupply.exec(CompletableFuture.java:1760) ~[?:?]
	at java.util.concurrent.ForkJoinTask.doExec(ForkJoinTask.java:373) ~[?:?]
	at java.util.concurrent.ForkJoinPool$WorkQueue.topLevelExec(ForkJoinPool.java:1182) ~[?:?]
	at java.util.concurrent.ForkJoinPool.scan(ForkJoinPool.java:1655) ~[?:?]
	at java.util.concurrent.ForkJoinPool.runWorker(ForkJoinPool.java:1622) ~[?:?]
	at java.util.concurrent.ForkJoinWorkerThread.run(ForkJoinWorkerThread.java:165) ~[?:?]
Caused by: java.io.EOFException: End of input at line 1 column 1 path $
	at com.google.gson.stream.JsonReader.nextNonWhitespace(JsonReader.java:1455) ~[gson-2.10.jar%2372!/:?]
	at com.google.gson.stream.JsonReader.doPeek(JsonReader.java:558) ~[gson-2.10.jar%2372!/:?]
	at com.google.gson.stream.JsonReader.peek(JsonReader.java:433) ~[gson-2.10.jar%2372!/:?]
	at com.google.gson.internal.bind.TypeAdapters$28.read(TypeAdapters.java:769) ~[gson-2.10.jar%2372!/:?]
	at com.google.gson.internal.bind.TypeAdapters$28.read(TypeAdapters.java:725) ~[gson-2.10.jar%2372!/:?]
	at com.google.gson.internal.bind.TypeAdapters$34$1.read(TypeAdapters.java:1007) ~[gson-2.10.jar%2372!/:?]
	at net.minecraft.util.GsonHelper.m_13780_(GsonHelper.java:524) ~[server-1.20.1-20230612.114412-srg.jar%23424!/:?]
	... 13 more
[27Aug2026 11:17:05.870] [Worker-Main-3/ERROR] [net.minecraft.server.packs.resources.SimpleJsonResourceReloadListener/]: Couldn't parse data file fromtheshadows:thirst_for_blood from fromtheshadows:recipes/thirst_for_blood.json
com.google.gson.JsonParseException: java.io.EOFException: End of input at line 1 column 1 path $
	at net.minecraft.util.GsonHelper.m_13780_(GsonHelper.java:526) ~[server-1.20.1-20230612.114412-srg.jar%23424!/:?]
	at net.minecraft.util.GsonHelper.m_263475_(GsonHelper.java:531) ~[server-1.20.1-20230612.114412-srg.jar%23424!/:?]
	at net.minecraft.util.GsonHelper.m_13776_(GsonHelper.java:581) ~[server-1.20.1-20230612.114412-srg.jar%23424!/:?]
	at net.minecraft.server.packs.resources.SimpleJsonResourceReloadListener.m_278771_(SimpleJsonResourceReloadListener.java:41) ~[server-1.20.1-20230612.114412-srg.jar%23424!/:?]
	at net.minecraft.server.packs.resources.SimpleJsonResourceReloadListener.m_5944_(SimpleJsonResourceReloadListener.java:29) ~[server-1.20.1-20230612.114412-srg.jar%23424!/:?]
	at net.minecraft.server.packs.resources.SimpleJsonResourceReloadListener.m_5944_(SimpleJsonResourceReloadListener.java:17) ~[server-1.20.1-20230612.114412-srg.jar%23424!/:?]
	at net.minecraft.server.packs.resources.SimplePreparableReloadListener.m_10786_(SimplePreparableReloadListener.java:11) ~[server-1.20.1-20230612.114412-srg.jar%23424!/:?]
	at java.util.concurrent.CompletableFuture$AsyncSupply.run(CompletableFuture.java:1768) ~[?:?]
	at java.util.concurrent.CompletableFuture$AsyncSupply.exec(CompletableFuture.java:1760) ~[?:?]
	at java.util.concurrent.ForkJoinTask.doExec(ForkJoinTask.java:373) ~[?:?]
	at java.util.concurrent.ForkJoinPool$WorkQueue.topLevelExec(ForkJoinPool.java:1182) ~[?:?]
	at java.util.concurrent.ForkJoinPool.scan(ForkJoinPool.java:1655) ~[?:?]
	at java.util.concurrent.ForkJoinPool.runWorker(ForkJoinPool.java:1622) ~[?:?]
	at java.util.concurrent.ForkJoinWorkerThread.run(ForkJoinWorkerThread.java:165) ~[?:?]
Caused by: java.io.EOFException: End of input at line 1 column 1 path $
	at com.google.gson.stream.JsonReader.nextNonWhitespace(JsonReader.java:1455) ~[gson-2.10.jar%2372!/:?]
	at com.google.gson.stream.JsonReader.doPeek(JsonReader.java:558) ~[gson-2.10.jar%2372!/:?]
	at com.google.gson.stream.JsonReader.peek(JsonReader.java:433) ~[gson-2.10.jar%2372!/:?]
	at com.google.gson.internal.bind.TypeAdapters$28.read(TypeAdapters.java:769) ~[gson-2.10.jar%2372!/:?]
	at com.google.gson.internal.bind.TypeAdapters$28.read(TypeAdapters.java:725) ~[gson-2.10.jar%2372!/:?]
	at com.google.gson.internal.bind.TypeAdapters$34$1.read(TypeAdapters.java:1007) ~[gson-2.10.jar%2372!/:?]
	at net.minecraft.util.GsonHelper.m_13780_(GsonHelper.java:524) ~[server-1.20.1-20230612.114412-srg.jar%23424!/:?]
	... 13 more
[27Aug2026 11:17:05.871] [Worker-Main-1/ERROR] [net.minecraft.server.packs.resources.SimpleJsonResourceReloadListener/]: Couldn't parse data file cataclysm_spellbooks:abyss_spell_book from cataclysm_spellbooks:recipes/abyss_spell_book.json
com.google.gson.JsonParseException: java.io.EOFException: End of input at line 1 column 1 path $
	at net.minecraft.util.GsonHelper.m_13780_(GsonHelper.java:526) ~[server-1.20.1-20230612.114412-srg.jar%23424!/:?]
	at net.minecraft.util.GsonHelper.m_263475_(GsonHelper.java:531) ~[server-1.20.1-20230612.114412-srg.jar%23424!/:?]
	at net.minecraft.util.GsonHelper.m_13776_(GsonHelper.java:581) ~[server-1.20.1-20230612.114412-srg.jar%23424!/:?]
	at net.minecraft.server.packs.resources.SimpleJsonResourceReloadListener.m_278771_(SimpleJsonResourceReloadListener.java:41) ~[server-1.20.1-20230612.114412-srg.jar%23424!/:?]
	at net.minecraft.server.packs.resources.SimpleJsonResourceReloadListener.m_5944_(SimpleJsonResourceReloadListener.java:29) ~[server-1.20.1-20230612.114412-srg.jar%23424!/:?]
	at net.minecraft.server.packs.resources.SimpleJsonResourceReloadListener.m_5944_(SimpleJsonResourceReloadListener.java:17) ~[server-1.20.1-20230612.114412-srg.jar%23424!/:?]
	at net.minecraft.server.packs.resources.SimplePreparableReloadListener.m_10786_(SimplePreparableReloadListener.java:11) ~[server-1.20.1-20230612.114412-srg.jar%23424!/:?]
	at java.util.concurrent.CompletableFuture$AsyncSupply.run(CompletableFuture.java:1768) ~[?:?]
	at java.util.concurrent.CompletableFuture$AsyncSupply.exec(CompletableFuture.java:1760) ~[?:?]
	at java.util.concurrent.ForkJoinTask.doExec(ForkJoinTask.java:373) ~[?:?]
	at java.util.concurrent.ForkJoinPool$WorkQueue.topLevelExec(ForkJoinPool.java:1182) ~[?:?]
	at java.util.concurrent.ForkJoinPool.scan(ForkJoinPool.java:1655) ~[?:?]
	at java.util.concurrent.ForkJoinPool.runWorker(ForkJoinPool.java:1622) ~[?:?]
	at java.util.concurrent.ForkJoinWorkerThread.run(ForkJoinWorkerThread.java:165) ~[?:?]
Caused by: java.io.EOFException: End of input at line 1 column 1 path $
	at com.google.gson.stream.JsonReader.nextNonWhitespace(JsonReader.java:1455) ~[gson-2.10.jar%2372!/:?]
	at com.google.gson.stream.JsonReader.doPeek(JsonReader.java:558) ~[gson-2.10.jar%2372!/:?]
	at com.google.gson.stream.JsonReader.peek(JsonReader.java:433) ~[gson-2.10.jar%2372!/:?]
	at com.google.gson.internal.bind.TypeAdapters$28.read(TypeAdapters.java:769) ~[gson-2.10.jar%2372!/:?]
	at com.google.gson.internal.bind.TypeAdapters$28.read(TypeAdapters.java:725) ~[gson-2.10.jar%2372!/:?]
	at com.google.gson.internal.bind.TypeAdapters$34$1.read(TypeAdapters.java:1007) ~[gson-2.10.jar%2372!/:?]
	at net.minecraft.util.GsonHelper.m_13780_(GsonHelper.java:524) ~[server-1.20.1-20230612.114412-srg.jar%23424!/:?]
	... 13 more
[27Aug2026 11:17:05.874] [Worker-Main-1/ERROR] [net.minecraft.server.packs.resources.SimpleJsonResourceReloadListener/]: Couldn't parse data file efn:air_tachi from efn:recipes/air_tachi.json
com.google.gson.JsonParseException: java.io.EOFException: End of input at line 1 column 1 path $
	at net.minecraft.util.GsonHelper.m_13780_(GsonHelper.java:526) ~[server-1.20.1-20230612.114412-srg.jar%23424!/:?]
	at net.minecraft.util.GsonHelper.m_263475_(GsonHelper.java:531) ~[server-1.20.1-20230612.114412-srg.jar%23424!/:?]
	at net.minecraft.util.GsonHelper.m_13776_(GsonHelper.java:581) ~[server-1.20.1-20230612.114412-srg.jar%23424!/:?]
	at net.minecraft.server.packs.resources.SimpleJsonResourceReloadListener.m_278771_(SimpleJsonResourceReloadListener.java:41) ~[server-1.20.1-20230612.114412-srg.jar%23424!/:?]
	at net.minecraft.server.packs.resources.SimpleJsonResourceReloadListener.m_5944_(SimpleJsonResourceReloadListener.java:29) ~[server-1.20.1-20230612.114412-srg.jar%23424!/:?]
	at net.minecraft.server.packs.resources.SimpleJsonResourceReloadListener.m_5944_(SimpleJsonResourceReloadListener.java:17) ~[server-1.20.1-20230612.114412-srg.jar%23424!/:?]
	at net.minecraft.server.packs.resources.SimplePreparableReloadListener.m_10786_(SimplePreparableReloadListener.java:11) ~[server-1.20.1-20230612.114412-srg.jar%23424!/:?]
	at java.util.concurrent.CompletableFuture$AsyncSupply.run(CompletableFuture.java:1768) ~[?:?]
	at java.util.concurrent.CompletableFuture$AsyncSupply.exec(CompletableFuture.java:1760) ~[?:?]
	at java.util.concurrent.ForkJoinTask.doExec(ForkJoinTask.java:373) ~[?:?]
	at java.util.concurrent.ForkJoinPool$WorkQueue.topLevelExec(ForkJoinPool.java:1182) ~[?:?]
	at java.util.concurrent.ForkJoinPool.scan(ForkJoinPool.java:1655) ~[?:?]
	at java.util.concurrent.ForkJoinPool.runWorker(ForkJoinPool.java:1622) ~[?:?]
	at java.util.concurrent.ForkJoinWorkerThread.run(ForkJoinWorkerThread.java:165) ~[?:?]
Caused by: java.io.EOFException: End of input at line 1 column 1 path $
	at com.google.gson.stream.JsonReader.nextNonWhitespace(JsonReader.java:1455) ~[gson-2.10.jar%2372!/:?]
	at com.google.gson.stream.JsonReader.doPeek(JsonReader.java:558) ~[gson-2.10.jar%2372!/:?]
	at com.google.gson.stream.JsonReader.peek(JsonReader.java:433) ~[gson-2.10.jar%2372!/:?]
	at com.google.gson.internal.bind.TypeAdapters$28.read(TypeAdapters.java:769) ~[gson-2.10.jar%2372!/:?]
	at com.google.gson.internal.bind.TypeAdapters$28.read(TypeAdapters.java:725) ~[gson-2.10.jar%2372!/:?]
	at com.google.gson.internal.bind.TypeAdapters$34$1.read(TypeAdapters.java:1007) ~[gson-2.10.jar%2372!/:?]
	at net.minecraft.util.GsonHelper.m_13780_(GsonHelper.java:524) ~[server-1.20.1-20230612.114412-srg.jar%23424!/:?]
	... 13 more
[27Aug2026 11:17:05.875] [Worker-Main-1/ERROR] [net.minecraft.server.packs.resources.SimpleJsonResourceReloadListener/]: Couldn't parse data file efn:air_tachi_to_co from efn:recipes/air_tachi_to_co.json
com.google.gson.JsonParseException: java.io.EOFException: End of input at line 1 column 1 path $
	at net.minecraft.util.GsonHelper.m_13780_(GsonHelper.java:526) ~[server-1.20.1-20230612.114412-srg.jar%23424!/:?]
	at net.minecraft.util.GsonHelper.m_263475_(GsonHelper.java:531) ~[server-1.20.1-20230612.114412-srg.jar%23424!/:?]
	at net.minecraft.util.GsonHelper.m_13776_(GsonHelper.java:581) ~[server-1.20.1-20230612.114412-srg.jar%23424!/:?]
	at net.minecraft.server.packs.resources.SimpleJsonResourceReloadListener.m_278771_(SimpleJsonResourceReloadListener.java:41) ~[server-1.20.1-20230612.114412-srg.jar%23424!/:?]
	at net.minecraft.server.packs.resources.SimpleJsonResourceReloadListener.m_5944_(SimpleJsonResourceReloadListener.java:29) ~[server-1.20.1-20230612.114412-srg.jar%23424!/:?]
	at net.minecraft.server.packs.resources.SimpleJsonResourceReloadListener.m_5944_(SimpleJsonResourceReloadListener.java:17) ~[server-1.20.1-20230612.114412-srg.jar%23424!/:?]
	at net.minecraft.server.packs.resources.SimplePreparableReloadListener.m_10786_(SimplePreparableReloadListener.java:11) ~[server-1.20.1-20230612.114412-srg.jar%23424!/:?]
	at java.util.concurrent.CompletableFuture$AsyncSupply.run(CompletableFuture.java:1768) ~[?:?]
	at java.util.concurrent.CompletableFuture$AsyncSupply.exec(CompletableFuture.java:1760) ~[?:?]
	at java.util.concurrent.ForkJoinTask.doExec(ForkJoinTask.java:373) ~[?:?]
	at java.util.concurrent.ForkJoinPool$WorkQueue.topLevelExec(ForkJoinPool.java:1182) ~[?:?]
	at java.util.concurrent.ForkJoinPool.scan(ForkJoinPool.java:1655) ~[?:?]
	at java.util.concurrent.ForkJoinPool.runWorker(ForkJoinPool.java:1622) ~[?:?]
	at java.util.concurrent.ForkJoinWorkerThread.run(ForkJoinWorkerThread.java:165) ~[?:?]
Caused by: java.io.EOFException: End of input at line 1 column 1 path $
	at com.google.gson.stream.JsonReader.nextNonWhitespace(JsonReader.java:1455) ~[gson-2.10.jar%2372!/:?]
	at com.google.gson.stream.JsonReader.doPeek(JsonReader.java:558) ~[gson-2.10.jar%2372!/:?]
	at com.google.gson.stream.JsonReader.peek(JsonReader.java:433) ~[gson-2.10.jar%2372!/:?]
	at com.google.gson.internal.bind.TypeAdapters$28.read(TypeAdapters.java:769) ~[gson-2.10.jar%2372!/:?]
	at com.google.gson.internal.bind.TypeAdapters$28.read(TypeAdapters.java:725) ~[gson-2.10.jar%2372!/:?]
	at com.google.gson.internal.bind.TypeAdapters$34$1.read(TypeAdapters.java:1007) ~[gson-2.10.jar%2372!/:?]
	at net.minecraft.util.GsonHelper.m_13780_(GsonHelper.java:524) ~[server-1.20.1-20230612.114412-srg.jar%23424!/:?]
	... 13 more
[27Aug2026 11:17:05.876] [Worker-Main-1/ERROR] [net.minecraft.server.packs.resources.SimpleJsonResourceReloadListener/]: Couldn't parse data file irons_spellbooks:alchemist_cauldron/brew_oakskin_elixir from irons_spellbooks:recipes/alchemist_cauldron/brew_oakskin_elixir.json
com.google.gson.JsonParseException: java.io.EOFException: End of input at line 1 column 1 path $
	at net.minecraft.util.GsonHelper.m_13780_(GsonHelper.java:526) ~[server-1.20.1-20230612.114412-srg.jar%23424!/:?]
	at net.minecraft.util.GsonHelper.m_263475_(GsonHelper.java:531) ~[server-1.20.1-20230612.114412-srg.jar%23424!/:?]
	at net.minecraft.util.GsonHelper.m_13776_(GsonHelper.java:581) ~[server-1.20.1-20230612.114412-srg.jar%23424!/:?]
	at net.minecraft.server.packs.resources.SimpleJsonResourceReloadListener.m_278771_(SimpleJsonResourceReloadListener.java:41) ~[server-1.20.1-20230612.114412-srg.jar%23424!/:?]
	at net.minecraft.server.packs.resources.SimpleJsonResourceReloadListener.m_5944_(SimpleJsonResourceReloadListener.java:29) ~[server-1.20.1-20230612.114412-srg.jar%23424!/:?]
	at net.minecraft.server.packs.resources.SimpleJsonResourceReloadListener.m_5944_(SimpleJsonResourceReloadListener.java:17) ~[server-1.20.1-20230612.114412-srg.jar%23424!/:?]
	at net.minecraft.server.packs.resources.SimplePreparableReloadListener.m_10786_(SimplePreparableReloadListener.java:11) ~[server-1.20.1-20230612.114412-srg.jar%23424!/:?]
	at java.util.concurrent.CompletableFuture$AsyncSupply.run(CompletableFuture.java:1768) ~[?:?]
	at java.util.concurrent.CompletableFuture$AsyncSupply.exec(CompletableFuture.java:1760) ~[?:?]
	at java.util.concurrent.ForkJoinTask.doExec(ForkJoinTask.java:373) ~[?:?]
	at java.util.concurrent.ForkJoinPool$WorkQueue.topLevelExec(ForkJoinPool.java:1182) ~[?:?]
	at java.util.concurrent.ForkJoinPool.scan(ForkJoinPool.java:1655) ~[?:?]
	at java.util.concurrent.ForkJoinPool.runWorker(ForkJoinPool.java:1622) ~[?:?]
	at java.util.concurrent.ForkJoinWorkerThread.run(ForkJoinWorkerThread.java:165) ~[?:?]
Caused by: java.io.EOFException: End of input at line 1 column 1 path $
	at com.google.gson.stream.JsonReader.nextNonWhitespace(JsonReader.java:1455) ~[gson-2.10.jar%2372!/:?]
	at com.google.gson.stream.JsonReader.doPeek(JsonReader.java:558) ~[gson-2.10.jar%2372!/:?]
	at com.google.gson.stream.JsonReader.peek(JsonReader.java:433) ~[gson-2.10.jar%2372!/:?]
	at com.google.gson.internal.bind.TypeAdapters$28.read(TypeAdapters.java:769) ~[gson-2.10.jar%2372!/:?]
	at com.google.gson.internal.bind.TypeAdapters$28.read(TypeAdapters.java:725) ~[gson-2.10.jar%2372!/:?]
	at com.google.gson.internal.bind.TypeAdapters$34$1.read(TypeAdapters.java:1007) ~[gson-2.10.jar%2372!/:?]
	at net.minecraft.util.GsonHelper.m_13780_(GsonHelper.java:524) ~[server-1.20.1-20230612.114412-srg.jar%23424!/:?]
	... 13 more
[27Aug2026 11:17:05.879] [Worker-Main-1/ERROR] [net.minecraft.server.packs.resources.SimpleJsonResourceReloadListener/]: Couldn't parse data file dodosmobs:amalgam_claws from dodosmobs:recipes/amalgam_claws.json
com.google.gson.JsonParseException: java.io.EOFException: End of input at line 1 column 1 path $
	at net.minecraft.util.GsonHelper.m_13780_(GsonHelper.java:526) ~[server-1.20.1-20230612.114412-srg.jar%23424!/:?]
	at net.minecraft.util.GsonHelper.m_263475_(GsonHelper.java:531) ~[server-1.20.1-20230612.114412-srg.jar%23424!/:?]
	at net.minecraft.util.GsonHelper.m_13776_(GsonHelper.java:581) ~[server-1.20.1-20230612.114412-srg.jar%23424!/:?]
	at net.minecraft.server.packs.resources.SimpleJsonResourceReloadListener.m_278771_(SimpleJsonResourceReloadListener.java:41) ~[server-1.20.1-20230612.114412-srg.jar%23424!/:?]
	at net.minecraft.server.packs.resources.SimpleJsonResourceReloadListener.m_5944_(SimpleJsonResourceReloadListener.java:29) ~[server-1.20.1-20230612.114412-srg.jar%23424!/:?]
	at net.minecraft.server.packs.resources.SimpleJsonResourceReloadListener.m_5944_(SimpleJsonResourceReloadListener.java:17) ~[server-1.20.1-20230612.114412-srg.jar%23424!/:?]
	at net.minecraft.server.packs.resources.SimplePreparableReloadListener.m_10786_(SimplePreparableReloadListener.java:11) ~[server-1.20.1-20230612.114412-srg.jar%23424!/:?]
	at java.util.concurrent.CompletableFuture$AsyncSupply.run(CompletableFuture.java:1768) ~[?:?]
	at java.util.concurrent.CompletableFuture$AsyncSupply.exec(CompletableFuture.java:1760) ~[?:?]
	at java.util.concurrent.ForkJoinTask.doExec(ForkJoinTask.java:373) ~[?:?]
	at java.util.concurrent.ForkJoinPool$WorkQueue.topLevelExec(ForkJoinPool.java:1182) ~[?:?]
	at java.util.concurrent.ForkJoinPool.scan(ForkJoinPool.java:1655) ~[?:?]
	at java.util.concurrent.ForkJoinPool.runWorker(ForkJoinPool.java:1622) ~[?:?]
	at java.util.concurrent.ForkJoinWorkerThread.run(ForkJoinWorkerThread.java:165) ~[?:?]
Caused by: java.io.EOFException: End of input at line 1 column 1 path $
	at com.google.gson.stream.JsonReader.nextNonWhitespace(JsonReader.java:1455) ~[gson-2.10.jar%2372!/:?]
	at com.google.gson.stream.JsonReader.doPeek(JsonReader.java:558) ~[gson-2.10.jar%2372!/:?]
	at com.google.gson.stream.JsonReader.peek(JsonReader.java:433) ~[gson-2.10.jar%2372!/:?]
	at com.google.gson.internal.bind.TypeAdapters$28.read(TypeAdapters.java:769) ~[gson-2.10.jar%2372!/:?]
	at com.google.gson.internal.bind.TypeAdapters$28.read(TypeAdapters.java:725) ~[gson-2.10.jar%2372!/:?]
	at com.google.gson.internal.bind.TypeAdapters$34$1.read(TypeAdapters.java:1007) ~[gson-2.10.jar%2372!/:?]
	at net.minecraft.util.GsonHelper.m_13780_(GsonHelper.java:524) ~[server-1.20.1-20230612.114412-srg.jar%23424!/:?]
	... 13 more
[27Aug2026 11:17:05.881] [Worker-Main-1/ERROR] [net.minecraft.server.packs.resources.SimpleJsonResourceReloadListener/]: Couldn't parse data file irons_spellbooks:amethyst_rapier from irons_spellbooks:recipes/amethyst_rapier.json
com.google.gson.JsonParseException: java.io.EOFException: End of input at line 1 column 1 path $
	at net.minecraft.util.GsonHelper.m_13780_(GsonHelper.java:526) ~[server-1.20.1-20230612.114412-srg.jar%23424!/:?]
	at net.minecraft.util.GsonHelper.m_263475_(GsonHelper.java:531) ~[server-1.20.1-20230612.114412-srg.jar%23424!/:?]
	at net.minecraft.util.GsonHelper.m_13776_(GsonHelper.java:581) ~[server-1.20.1-20230612.114412-srg.jar%23424!/:?]
	at net.minecraft.server.packs.resources.SimpleJsonResourceReloadListener.m_278771_(SimpleJsonResourceReloadListener.java:41) ~[server-1.20.1-20230612.114412-srg.jar%23424!/:?]
	at net.minecraft.server.packs.resources.SimpleJsonResourceReloadListener.m_5944_(SimpleJsonResourceReloadListener.java:29) ~[server-1.20.1-20230612.114412-srg.jar%23424!/:?]
	at net.minecraft.server.packs.resources.SimpleJsonResourceReloadListener.m_5944_(SimpleJsonResourceReloadListener.java:17) ~[server-1.20.1-20230612.114412-srg.jar%23424!/:?]
	at net.minecraft.server.packs.resources.SimplePreparableReloadListener.m_10786_(SimplePreparableReloadListener.java:11) ~[server-1.20.1-20230612.114412-srg.jar%23424!/:?]
	at java.util.concurrent.CompletableFuture$AsyncSupply.run(CompletableFuture.java:1768) ~[?:?]
	at java.util.concurrent.CompletableFuture$AsyncSupply.exec(CompletableFuture.java:1760) ~[?:?]
	at java.util.concurrent.ForkJoinTask.doExec(ForkJoinTask.java:373) ~[?:?]
	at java.util.concurrent.ForkJoinPool$WorkQueue.topLevelExec(ForkJoinPool.java:1182) ~[?:?]
	at java.util.concurrent.ForkJoinPool.scan(ForkJoinPool.java:1655) ~[?:?]
	at java.util.concurrent.ForkJoinPool.runWorker(ForkJoinPool.java:1622) ~[?:?]
	at java.util.concurrent.ForkJoinWorkerThread.run(ForkJoinWorkerThread.java:165) ~[?:?]
Caused by: java.io.EOFException: End of input at line 1 column 1 path $
	at com.google.gson.stream.JsonReader.nextNonWhitespace(JsonReader.java:1455) ~[gson-2.10.jar%2372!/:?]
	at com.google.gson.stream.JsonReader.doPeek(JsonReader.java:558) ~[gson-2.10.jar%2372!/:?]
	at com.google.gson.stream.JsonReader.peek(JsonReader.java:433) ~[gson-2.10.jar%2372!/:?]
	at com.google.gson.internal.bind.TypeAdapters$28.read(TypeAdapters.java:769) ~[gson-2.10.jar%2372!/:?]
	at com.google.gson.internal.bind.TypeAdapters$28.read(TypeAdapters.java:725) ~[gson-2.10.jar%2372!/:?]
	at com.google.gson.internal.bind.TypeAdapters$34$1.read(TypeAdapters.java:1007) ~[gson-2.10.jar%2372!/:?]
	at net.minecraft.util.GsonHelper.m_13780_(GsonHelper.java:524) ~[server-1.20.1-20230612.114412-srg.jar%23424!/:?]
	... 13 more
[27Aug2026 11:17:05.882] [Worker-Main-1/ERROR] [net.minecraft.server.packs.resources.SimpleJsonResourceReloadListener/]: Couldn't parse data file cataclysm:ancient_spear from cataclysm:recipes/ancient_spear.json
com.google.gson.JsonParseException: java.io.EOFException: End of input at line 1 column 1 path $
	at net.minecraft.util.GsonHelper.m_13780_(GsonHelper.java:526) ~[server-1.20.1-20230612.114412-srg.jar%23424!/:?]
	at net.minecraft.util.GsonHelper.m_263475_(GsonHelper.java:531) ~[server-1.20.1-20230612.114412-srg.jar%23424!/:?]
	at net.minecraft.util.GsonHelper.m_13776_(GsonHelper.java:581) ~[server-1.20.1-20230612.114412-srg.jar%23424!/:?]
	at net.minecraft.server.packs.resources.SimpleJsonResourceReloadListener.m_278771_(SimpleJsonResourceReloadListener.java:41) ~[server-1.20.1-20230612.114412-srg.jar%23424!/:?]
	at net.minecraft.server.packs.resources.SimpleJsonResourceReloadListener.m_5944_(SimpleJsonResourceReloadListener.java:29) ~[server-1.20.1-20230612.114412-srg.jar%23424!/:?]
	at net.minecraft.server.packs.resources.SimpleJsonResourceReloadListener.m_5944_(SimpleJsonResourceReloadListener.java:17) ~[server-1.20.1-20230612.114412-srg.jar%23424!/:?]
	at net.minecraft.server.packs.resources.SimplePreparableReloadListener.m_10786_(SimplePreparableReloadListener.java:11) ~[server-1.20.1-20230612.114412-srg.jar%23424!/:?]
	at java.util.concurrent.CompletableFuture$AsyncSupply.run(CompletableFuture.java:1768) ~[?:?]
	at java.util.concurrent.CompletableFuture$AsyncSupply.exec(CompletableFuture.java:1760) ~[?:?]
	at java.util.concurrent.ForkJoinTask.doExec(ForkJoinTask.java:373) ~[?:?]
	at java.util.concurrent.ForkJoinPool$WorkQueue.topLevelExec(ForkJoinPool.java:1182) ~[?:?]
	at java.util.concurrent.ForkJoinPool.scan(ForkJoinPool.java:1655) ~[?:?]
	at java.util.concurrent.ForkJoinPool.runWorker(ForkJoinPool.java:1622) ~[?:?]
	at java.util.concurrent.ForkJoinWorkerThread.run(ForkJoinWorkerThread.java:165) ~[?:?]
Caused by: java.io.EOFException: End of input at line 1 column 1 path $
	at com.google.gson.stream.JsonReader.nextNonWhitespace(JsonReader.java:1455) ~[gson-2.10.jar%2372!/:?]
	at com.google.gson.stream.JsonReader.doPeek(JsonReader.java:558) ~[gson-2.10.jar%2372!/:?]
	at com.google.gson.stream.JsonReader.peek(JsonReader.java:433) ~[gson-2.10.jar%2372!/:?]
	at com.google.gson.internal.bind.TypeAdapters$28.read(TypeAdapters.java:769) ~[gson-2.10.jar%2372!/:?]
	at com.google.gson.internal.bind.TypeAdapters$28.read(TypeAdapters.java:725) ~[gson-2.10.jar%2372!/:?]
	at com.google.gson.internal.bind.TypeAdapters$34$1.read(TypeAdapters.java:1007) ~[gson-2.10.jar%2372!/:?]
	at net.minecraft.util.GsonHelper.m_13780_(GsonHelper.java:524) ~[server-1.20.1-20230612.114412-srg.jar%23424!/:?]
	... 13 more
[27Aug2026 11:17:05.884] [Worker-Main-1/ERROR] [net.minecraft.server.packs.resources.SimpleJsonResourceReloadListener/]: Couldn't parse data file irons_spellbooks:arcane_anvil from irons_spellbooks:recipes/arcane_anvil.json
com.google.gson.JsonParseException: java.io.EOFException: End of input at line 1 column 1 path $
	at net.minecraft.util.GsonHelper.m_13780_(GsonHelper.java:526) ~[server-1.20.1-20230612.114412-srg.jar%23424!/:?]
	at net.minecraft.util.GsonHelper.m_263475_(GsonHelper.java:531) ~[server-1.20.1-20230612.114412-srg.jar%23424!/:?]
	at net.minecraft.util.GsonHelper.m_13776_(GsonHelper.java:581) ~[server-1.20.1-20230612.114412-srg.jar%23424!/:?]
	at net.minecraft.server.packs.resources.SimpleJsonResourceReloadListener.m_278771_(SimpleJsonResourceReloadListener.java:41) ~[server-1.20.1-20230612.114412-srg.jar%23424!/:?]
	at net.minecraft.server.packs.resources.SimpleJsonResourceReloadListener.m_5944_(SimpleJsonResourceReloadListener.java:29) ~[server-1.20.1-20230612.114412-srg.jar%23424!/:?]
	at net.minecraft.server.packs.resources.SimpleJsonResourceReloadListener.m_5944_(SimpleJsonResourceReloadListener.java:17) ~[server-1.20.1-20230612.114412-srg.jar%23424!/:?]
	at net.minecraft.server.packs.resources.SimplePreparableReloadListener.m_10786_(SimplePreparableReloadListener.java:11) ~[server-1.20.1-20230612.114412-srg.jar%23424!/:?]
	at java.util.concurrent.CompletableFuture$AsyncSupply.run(CompletableFuture.java:1768) ~[?:?]
	at java.util.concurrent.CompletableFuture$AsyncSupply.exec(CompletableFuture.java:1760) ~[?:?]
	at java.util.concurrent.ForkJoinTask.doExec(ForkJoinTask.java:373) ~[?:?]
	at java.util.concurrent.ForkJoinPool$WorkQueue.topLevelExec(ForkJoinPool.java:1182) ~[?:?]
	at java.util.concurrent.ForkJoinPool.scan(ForkJoinPool.java:1655) ~[?:?]
	at java.util.concurrent.ForkJoinPool.runWorker(ForkJoinPool.java:1622) ~[?:?]
	at java.util.concurrent.ForkJoinWorkerThread.run(ForkJoinWorkerThread.java:165) ~[?:?]
Caused by: java.io.EOFException: End of input at line 1 column 1 path $
	at com.google.gson.stream.JsonReader.nextNonWhitespace(JsonReader.java:1455) ~[gson-2.10.jar%2372!/:?]
	at com.google.gson.stream.JsonReader.doPeek(JsonReader.java:558) ~[gson-2.10.jar%2372!/:?]
	at com.google.gson.stream.JsonReader.peek(JsonReader.java:433) ~[gson-2.10.jar%2372!/:?]
	at com.google.gson.internal.bind.TypeAdapters$28.read(TypeAdapters.java:769) ~[gson-2.10.jar%2372!/:?]
	at com.google.gson.internal.bind.TypeAdapters$28.read(TypeAdapters.java:725) ~[gson-2.10.jar%2372!/:?]
	at com.google.gson.internal.bind.TypeAdapters$34$1.read(TypeAdapters.java:1007) ~[gson-2.10.jar%2372!/:?]
	at net.minecraft.util.GsonHelper.m_13780_(GsonHelper.java:524) ~[server-1.20.1-20230612.114412-srg.jar%23424!/:?]
	... 13 more
[27Aug2026 11:17:05.888] [Worker-Main-1/ERROR] [net.minecraft.server.packs.resources.SimpleJsonResourceReloadListener/]: Couldn't parse data file irons_spellbooks:artificer_cane from irons_spellbooks:recipes/artificer_cane.json
com.google.gson.JsonParseException: java.io.EOFException: End of input at line 1 column 1 path $
	at net.minecraft.util.GsonHelper.m_13780_(GsonHelper.java:526) ~[server-1.20.1-20230612.114412-srg.jar%23424!/:?]
	at net.minecraft.util.GsonHelper.m_263475_(GsonHelper.java:531) ~[server-1.20.1-20230612.114412-srg.jar%23424!/:?]
	at net.minecraft.util.GsonHelper.m_13776_(GsonHelper.java:581) ~[server-1.20.1-20230612.114412-srg.jar%23424!/:?]
	at net.minecraft.server.packs.resources.SimpleJsonResourceReloadListener.m_278771_(SimpleJsonResourceReloadListener.java:41) ~[server-1.20.1-20230612.114412-srg.jar%23424!/:?]
	at net.minecraft.server.packs.resources.SimpleJsonResourceReloadListener.m_5944_(SimpleJsonResourceReloadListener.java:29) ~[server-1.20.1-20230612.114412-srg.jar%23424!/:?]
	at net.minecraft.server.packs.resources.SimpleJsonResourceReloadListener.m_5944_(SimpleJsonResourceReloadListener.java:17) ~[server-1.20.1-20230612.114412-srg.jar%23424!/:?]
	at net.minecraft.server.packs.resources.SimplePreparableReloadListener.m_10786_(SimplePreparableReloadListener.java:11) ~[server-1.20.1-20230612.114412-srg.jar%23424!/:?]
	at java.util.concurrent.CompletableFuture$AsyncSupply.run(CompletableFuture.java:1768) ~[?:?]
	at java.util.concurrent.CompletableFuture$AsyncSupply.exec(CompletableFuture.java:1760) ~[?:?]
	at java.util.concurrent.ForkJoinTask.doExec(ForkJoinTask.java:373) ~[?:?]
	at java.util.concurrent.ForkJoinPool$WorkQueue.topLevelExec(ForkJoinPool.java:1182) ~[?:?]
	at java.util.concurrent.ForkJoinPool.scan(ForkJoinPool.java:1655) ~[?:?]
	at java.util.concurrent.ForkJoinPool.runWorker(ForkJoinPool.java:1622) ~[?:?]
	at java.util.concurrent.ForkJoinWorkerThread.run(ForkJoinWorkerThread.java:165) ~[?:?]
Caused by: java.io.EOFException: End of input at line 1 column 1 path $
	at com.google.gson.stream.JsonReader.nextNonWhitespace(JsonReader.java:1455) ~[gson-2.10.jar%2372!/:?]
	at com.google.gson.stream.JsonReader.doPeek(JsonReader.java:558) ~[gson-2.10.jar%2372!/:?]
	at com.google.gson.stream.JsonReader.peek(JsonReader.java:433) ~[gson-2.10.jar%2372!/:?]
	at com.google.gson.internal.bind.TypeAdapters$28.read(TypeAdapters.java:769) ~[gson-2.10.jar%2372!/:?]
	at com.google.gson.internal.bind.TypeAdapters$28.read(TypeAdapters.java:725) ~[gson-2.10.jar%2372!/:?]
	at com.google.gson.internal.bind.TypeAdapters$34$1.read(TypeAdapters.java:1007) ~[gson-2.10.jar%2372!/:?]
	at net.minecraft.util.GsonHelper.m_13780_(GsonHelper.java:524) ~[server-1.20.1-20230612.114412-srg.jar%23424!/:?]
	... 13 more
[27Aug2026 11:17:05.891] [Worker-Main-1/ERROR] [net.minecraft.server.packs.resources.SimpleJsonResourceReloadListener/]: Couldn't parse data file cataclysm:astrape from cataclysm:recipes/astrape.json
com.google.gson.JsonParseException: java.io.EOFException: End of input at line 1 column 1 path $
	at net.minecraft.util.GsonHelper.m_13780_(GsonHelper.java:526) ~[server-1.20.1-20230612.114412-srg.jar%23424!/:?]
	at net.minecraft.util.GsonHelper.m_263475_(GsonHelper.java:531) ~[server-1.20.1-20230612.114412-srg.jar%23424!/:?]
	at net.minecraft.util.GsonHelper.m_13776_(GsonHelper.java:581) ~[server-1.20.1-20230612.114412-srg.jar%23424!/:?]
	at net.minecraft.server.packs.resources.SimpleJsonResourceReloadListener.m_278771_(SimpleJsonResourceReloadListener.java:41) ~[server-1.20.1-20230612.114412-srg.jar%23424!/:?]
	at net.minecraft.server.packs.resources.SimpleJsonResourceReloadListener.m_5944_(SimpleJsonResourceReloadListener.java:29) ~[server-1.20.1-20230612.114412-srg.jar%23424!/:?]
	at net.minecraft.server.packs.resources.SimpleJsonResourceReloadListener.m_5944_(SimpleJsonResourceReloadListener.java:17) ~[server-1.20.1-20230612.114412-srg.jar%23424!/:?]
	at net.minecraft.server.packs.resources.SimplePreparableReloadListener.m_10786_(SimplePreparableReloadListener.java:11) ~[server-1.20.1-20230612.114412-srg.jar%23424!/:?]
	at java.util.concurrent.CompletableFuture$AsyncSupply.run(CompletableFuture.java:1768) ~[?:?]
	at java.util.concurrent.CompletableFuture$AsyncSupply.exec(CompletableFuture.java:1760) ~[?:?]
	at java.util.concurrent.ForkJoinTask.doExec(ForkJoinTask.java:373) ~[?:?]
	at java.util.concurrent.ForkJoinPool$WorkQueue.topLevelExec(ForkJoinPool.java:1182) ~[?:?]
	at java.util.concurrent.ForkJoinPool.scan(ForkJoinPool.java:1655) ~[?:?]
	at java.util.concurrent.ForkJoinPool.runWorker(ForkJoinPool.java:1622) ~[?:?]
	at java.util.concurrent.ForkJoinWorkerThread.run(ForkJoinWorkerThread.java:165) ~[?:?]
Caused by: java.io.EOFException: End of input at line 1 column 1 path $
	at com.google.gson.stream.JsonReader.nextNonWhitespace(JsonReader.java:1455) ~[gson-2.10.jar%2372!/:?]
	at com.google.gson.stream.JsonReader.doPeek(JsonReader.java:558) ~[gson-2.10.jar%2372!/:?]
	at com.google.gson.stream.JsonReader.peek(JsonReader.java:433) ~[gson-2.10.jar%2372!/:?]
	at com.google.gson.internal.bind.TypeAdapters$28.read(TypeAdapters.java:769) ~[gson-2.10.jar%2372!/:?]
	at com.google.gson.internal.bind.TypeAdapters$28.read(TypeAdapters.java:725) ~[gson-2.10.jar%2372!/:?]
	at com.google.gson.internal.bind.TypeAdapters$34$1.read(TypeAdapters.java:1007) ~[gson-2.10.jar%2372!/:?]
	at net.minecraft.util.GsonHelper.m_13780_(GsonHelper.java:524) ~[server-1.20.1-20230612.114412-srg.jar%23424!/:?]
	... 13 more
[27Aug2026 11:17:05.898] [Worker-Main-3/ERROR] [net.minecraft.server.packs.resources.SimpleJsonResourceReloadListener/]: Couldn't parse data file irons_spellbooks:twilight_gale from irons_spellbooks:recipes/twilight_gale.json
com.google.gson.JsonParseException: java.io.EOFException: End of input at line 1 column 1 path $
	at net.minecraft.util.GsonHelper.m_13780_(GsonHelper.java:526) ~[server-1.20.1-20230612.114412-srg.jar%23424!/:?]
	at net.minecraft.util.GsonHelper.m_263475_(GsonHelper.java:531) ~[server-1.20.1-20230612.114412-srg.jar%23424!/:?]
	at net.minecraft.util.GsonHelper.m_13776_(GsonHelper.java:581) ~[server-1.20.1-20230612.114412-srg.jar%23424!/:?]
	at net.minecraft.server.packs.resources.SimpleJsonResourceReloadListener.m_278771_(SimpleJsonResourceReloadListener.java:41) ~[server-1.20.1-20230612.114412-srg.jar%23424!/:?]
	at net.minecraft.server.packs.resources.SimpleJsonResourceReloadListener.m_5944_(SimpleJsonResourceReloadListener.java:29) ~[server-1.20.1-20230612.114412-srg.jar%23424!/:?]
	at net.minecraft.server.packs.resources.SimpleJsonResourceReloadListener.m_5944_(SimpleJsonResourceReloadListener.java:17) ~[server-1.20.1-20230612.114412-srg.jar%23424!/:?]
	at net.minecraft.server.packs.resources.SimplePreparableReloadListener.m_10786_(SimplePreparableReloadListener.java:11) ~[server-1.20.1-20230612.114412-srg.jar%23424!/:?]
	at java.util.concurrent.CompletableFuture$AsyncSupply.run(CompletableFuture.java:1768) ~[?:?]
	at java.util.concurrent.CompletableFuture$AsyncSupply.exec(CompletableFuture.java:1760) ~[?:?]
	at java.util.concurrent.ForkJoinTask.doExec(ForkJoinTask.java:373) ~[?:?]
	at java.util.concurrent.ForkJoinPool$WorkQueue.topLevelExec(ForkJoinPool.java:1182) ~[?:?]
	at java.util.concurrent.ForkJoinPool.scan(ForkJoinPool.java:1655) ~[?:?]
	at java.util.concurrent.ForkJoinPool.runWorker(ForkJoinPool.java:1622) ~[?:?]
	at java.util.concurrent.ForkJoinWorkerThread.run(ForkJoinWorkerThread.java:165) ~[?:?]
Caused by: java.io.EOFException: End of input at line 1 column 1 path $
	at com.google.gson.stream.JsonReader.nextNonWhitespace(JsonReader.java:1455) ~[gson-2.10.jar%2372!/:?]
	at com.google.gson.stream.JsonReader.doPeek(JsonReader.java:558) ~[gson-2.10.jar%2372!/:?]
	at com.google.gson.stream.JsonReader.peek(JsonReader.java:433) ~[gson-2.10.jar%2372!/:?]
	at com.google.gson.internal.bind.TypeAdapters$28.read(TypeAdapters.java:769) ~[gson-2.10.jar%2372!/:?]
	at com.google.gson.internal.bind.TypeAdapters$28.read(TypeAdapters.java:725) ~[gson-2.10.jar%2372!/:?]
	at com.google.gson.internal.bind.TypeAdapters$34$1.read(TypeAdapters.java:1007) ~[gson-2.10.jar%2372!/:?]
	at net.minecraft.util.GsonHelper.m_13780_(GsonHelper.java:524) ~[server-1.20.1-20230612.114412-srg.jar%23424!/:?]
	... 13 more
[27Aug2026 11:17:05.900] [Worker-Main-3/ERROR] [net.minecraft.server.packs.resources.SimpleJsonResourceReloadListener/]: Couldn't parse data file cataclysm_spellbooks:void_staff from cataclysm_spellbooks:recipes/void_staff.json
com.google.gson.JsonParseException: java.io.EOFException: End of input at line 1 column 1 path $
	at net.minecraft.util.GsonHelper.m_13780_(GsonHelper.java:526) ~[server-1.20.1-20230612.114412-srg.jar%23424!/:?]
	at net.minecraft.util.GsonHelper.m_263475_(GsonHelper.java:531) ~[server-1.20.1-20230612.114412-srg.jar%23424!/:?]
	at net.minecraft.util.GsonHelper.m_13776_(GsonHelper.java:581) ~[server-1.20.1-20230612.114412-srg.jar%23424!/:?]
	at net.minecraft.server.packs.resources.SimpleJsonResourceReloadListener.m_278771_(SimpleJsonResourceReloadListener.java:41) ~[server-1.20.1-20230612.114412-srg.jar%23424!/:?]
	at net.minecraft.server.packs.resources.SimpleJsonResourceReloadListener.m_5944_(SimpleJsonResourceReloadListener.java:29) ~[server-1.20.1-20230612.114412-srg.jar%23424!/:?]
	at net.minecraft.server.packs.resources.SimpleJsonResourceReloadListener.m_5944_(SimpleJsonResourceReloadListener.java:17) ~[server-1.20.1-20230612.114412-srg.jar%23424!/:?]
	at net.minecraft.server.packs.resources.SimplePreparableReloadListener.m_10786_(SimplePreparableReloadListener.java:11) ~[server-1.20.1-20230612.114412-srg.jar%23424!/:?]
	at java.util.concurrent.CompletableFuture$AsyncSupply.run(CompletableFuture.java:1768) ~[?:?]
	at java.util.concurrent.CompletableFuture$AsyncSupply.exec(CompletableFuture.java:1760) ~[?:?]
	at java.util.concurrent.ForkJoinTask.doExec(ForkJoinTask.java:373) ~[?:?]
	at java.util.concurrent.ForkJoinPool$WorkQueue.topLevelExec(ForkJoinPool.java:1182) ~[?:?]
	at java.util.concurrent.ForkJoinPool.scan(ForkJoinPool.java:1655) ~[?:?]
	at java.util.concurrent.ForkJoinPool.runWorker(ForkJoinPool.java:1622) ~[?:?]
	at java.util.concurrent.ForkJoinWorkerThread.run(ForkJoinWorkerThread.java:165) ~[?:?]
Caused by: java.io.EOFException: End of input at line 1 column 1 path $
	at com.google.gson.stream.JsonReader.nextNonWhitespace(JsonReader.java:1455) ~[gson-2.10.jar%2372!/:?]
	at com.google.gson.stream.JsonReader.doPeek(JsonReader.java:558) ~[gson-2.10.jar%2372!/:?]
	at com.google.gson.stream.JsonReader.peek(JsonReader.java:433) ~[gson-2.10.jar%2372!/:?]
	at com.google.gson.internal.bind.TypeAdapters$28.read(TypeAdapters.java:769) ~[gson-2.10.jar%2372!/:?]
	at com.google.gson.internal.bind.TypeAdapters$28.read(TypeAdapters.java:725) ~[gson-2.10.jar%2372!/:?]
	at com.google.gson.internal.bind.TypeAdapters$34$1.read(TypeAdapters.java:1007) ~[gson-2.10.jar%2372!/:?]
	at net.minecraft.util.GsonHelper.m_13780_(GsonHelper.java:524) ~[server-1.20.1-20230612.114412-srg.jar%23424!/:?]
	... 13 more
[27Aug2026 11:17:05.907] [Worker-Main-3/ERROR] [net.minecraft.server.packs.resources.SimpleJsonResourceReloadListener/]: Couldn't parse data file cataclysm:weapon_infusion/gauntlet_of_bulwark from cataclysm:recipes/weapon_infusion/gauntlet_of_bulwark.json
com.google.gson.JsonParseException: java.io.EOFException: End of input at line 1 column 1 path $
	at net.minecraft.util.GsonHelper.m_13780_(GsonHelper.java:526) ~[server-1.20.1-20230612.114412-srg.jar%23424!/:?]
	at net.minecraft.util.GsonHelper.m_263475_(GsonHelper.java:531) ~[server-1.20.1-20230612.114412-srg.jar%23424!/:?]
	at net.minecraft.util.GsonHelper.m_13776_(GsonHelper.java:581) ~[server-1.20.1-20230612.114412-srg.jar%23424!/:?]
	at net.minecraft.server.packs.resources.SimpleJsonResourceReloadListener.m_278771_(SimpleJsonResourceReloadListener.java:41) ~[server-1.20.1-20230612.114412-srg.jar%23424!/:?]
	at net.minecraft.server.packs.resources.SimpleJsonResourceReloadListener.m_5944_(SimpleJsonResourceReloadListener.java:29) ~[server-1.20.1-20230612.114412-srg.jar%23424!/:?]
	at net.minecraft.server.packs.resources.SimpleJsonResourceReloadListener.m_5944_(SimpleJsonResourceReloadListener.java:17) ~[server-1.20.1-20230612.114412-srg.jar%23424!/:?]
	at net.minecraft.server.packs.resources.SimplePreparableReloadListener.m_10786_(SimplePreparableReloadListener.java:11) ~[server-1.20.1-20230612.114412-srg.jar%23424!/:?]
	at java.util.concurrent.CompletableFuture$AsyncSupply.run(CompletableFuture.java:1768) ~[?:?]
	at java.util.concurrent.CompletableFuture$AsyncSupply.exec(CompletableFuture.java:1760) ~[?:?]
	at java.util.concurrent.ForkJoinTask.doExec(ForkJoinTask.java:373) ~[?:?]
	at java.util.concurrent.ForkJoinPool$WorkQueue.topLevelExec(ForkJoinPool.java:1182) ~[?:?]
	at java.util.concurrent.ForkJoinPool.scan(ForkJoinPool.java:1655) ~[?:?]
	at java.util.concurrent.ForkJoinPool.runWorker(ForkJoinPool.java:1622) ~[?:?]
	at java.util.concurrent.ForkJoinWorkerThread.run(ForkJoinWorkerThread.java:165) ~[?:?]
Caused by: java.io.EOFException: End of input at line 1 column 1 path $
	at com.google.gson.stream.JsonReader.nextNonWhitespace(JsonReader.java:1455) ~[gson-2.10.jar%2372!/:?]
	at com.google.gson.stream.JsonReader.doPeek(JsonReader.java:558) ~[gson-2.10.jar%2372!/:?]
	at com.google.gson.stream.JsonReader.peek(JsonReader.java:433) ~[gson-2.10.jar%2372!/:?]
	at com.google.gson.internal.bind.TypeAdapters$28.read(TypeAdapters.java:769) ~[gson-2.10.jar%2372!/:?]
	at com.google.gson.internal.bind.TypeAdapters$28.read(TypeAdapters.java:725) ~[gson-2.10.jar%2372!/:?]
	at com.google.gson.internal.bind.TypeAdapters$34$1.read(TypeAdapters.java:1007) ~[gson-2.10.jar%2372!/:?]
	at net.minecraft.util.GsonHelper.m_13780_(GsonHelper.java:524) ~[server-1.20.1-20230612.114412-srg.jar%23424!/:?]
	... 13 more
[27Aug2026 11:17:05.908] [Worker-Main-3/ERROR] [net.minecraft.server.packs.resources.SimpleJsonResourceReloadListener/]: Couldn't parse data file cataclysm:weapon_infusion/gauntlet_of_maelstrom from cataclysm:recipes/weapon_infusion/gauntlet_of_maelstrom.json
com.google.gson.JsonParseException: java.io.EOFException: End of input at line 1 column 1 path $
	at net.minecraft.util.GsonHelper.m_13780_(GsonHelper.java:526) ~[server-1.20.1-20230612.114412-srg.jar%23424!/:?]
	at net.minecraft.util.GsonHelper.m_263475_(GsonHelper.java:531) ~[server-1.20.1-20230612.114412-srg.jar%23424!/:?]
	at net.minecraft.util.GsonHelper.m_13776_(GsonHelper.java:581) ~[server-1.20.1-20230612.114412-srg.jar%23424!/:?]
	at net.minecraft.server.packs.resources.SimpleJsonResourceReloadListener.m_278771_(SimpleJsonResourceReloadListener.java:41) ~[server-1.20.1-20230612.114412-srg.jar%23424!/:?]
	at net.minecraft.server.packs.resources.SimpleJsonResourceReloadListener.m_5944_(SimpleJsonResourceReloadListener.java:29) ~[server-1.20.1-20230612.114412-srg.jar%23424!/:?]
	at net.minecraft.server.packs.resources.SimpleJsonResourceReloadListener.m_5944_(SimpleJsonResourceReloadListener.java:17) ~[server-1.20.1-20230612.114412-srg.jar%23424!/:?]
	at net.minecraft.server.packs.resources.SimplePreparableReloadListener.m_10786_(SimplePreparableReloadListener.java:11) ~[server-1.20.1-20230612.114412-srg.jar%23424!/:?]
	at java.util.concurrent.CompletableFuture$AsyncSupply.run(CompletableFuture.java:1768) ~[?:?]
	at java.util.concurrent.CompletableFuture$AsyncSupply.exec(CompletableFuture.java:1760) ~[?:?]
	at java.util.concurrent.ForkJoinTask.doExec(ForkJoinTask.java:373) ~[?:?]
	at java.util.concurrent.ForkJoinPool$WorkQueue.topLevelExec(ForkJoinPool.java:1182) ~[?:?]
	at java.util.concurrent.ForkJoinPool.scan(ForkJoinPool.java:1655) ~[?:?]
	at java.util.concurrent.ForkJoinPool.runWorker(ForkJoinPool.java:1622) ~[?:?]
	at java.util.concurrent.ForkJoinWorkerThread.run(ForkJoinWorkerThread.java:165) ~[?:?]
Caused by: java.io.EOFException: End of input at line 1 column 1 path $
	at com.google.gson.stream.JsonReader.nextNonWhitespace(JsonReader.java:1455) ~[gson-2.10.jar%2372!/:?]
	at com.google.gson.stream.JsonReader.doPeek(JsonReader.java:558) ~[gson-2.10.jar%2372!/:?]
	at com.google.gson.stream.JsonReader.peek(JsonReader.java:433) ~[gson-2.10.jar%2372!/:?]
	at com.google.gson.internal.bind.TypeAdapters$28.read(TypeAdapters.java:769) ~[gson-2.10.jar%2372!/:?]
	at com.google.gson.internal.bind.TypeAdapters$28.read(TypeAdapters.java:725) ~[gson-2.10.jar%2372!/:?]
	at com.google.gson.internal.bind.TypeAdapters$34$1.read(TypeAdapters.java:1007) ~[gson-2.10.jar%2372!/:?]
	at net.minecraft.util.GsonHelper.m_13780_(GsonHelper.java:524) ~[server-1.20.1-20230612.114412-srg.jar%23424!/:?]
	... 13 more
[27Aug2026 11:17:05.909] [Worker-Main-3/ERROR] [net.minecraft.server.packs.resources.SimpleJsonResourceReloadListener/]: Couldn't parse data file cataclysm:weapon_infusion/the_immolator from cataclysm:recipes/weapon_infusion/the_immolator.json
com.google.gson.JsonParseException: java.io.EOFException: End of input at line 1 column 1 path $
	at net.minecraft.util.GsonHelper.m_13780_(GsonHelper.java:526) ~[server-1.20.1-20230612.114412-srg.jar%23424!/:?]
	at net.minecraft.util.GsonHelper.m_263475_(GsonHelper.java:531) ~[server-1.20.1-20230612.114412-srg.jar%23424!/:?]
	at net.minecraft.util.GsonHelper.m_13776_(GsonHelper.java:581) ~[server-1.20.1-20230612.114412-srg.jar%23424!/:?]
	at net.minecraft.server.packs.resources.SimpleJsonResourceReloadListener.m_278771_(SimpleJsonResourceReloadListener.java:41) ~[server-1.20.1-20230612.114412-srg.jar%23424!/:?]
	at net.minecraft.server.packs.resources.SimpleJsonResourceReloadListener.m_5944_(SimpleJsonResourceReloadListener.java:29) ~[server-1.20.1-20230612.114412-srg.jar%23424!/:?]
	at net.minecraft.server.packs.resources.SimpleJsonResourceReloadListener.m_5944_(SimpleJsonResourceReloadListener.java:17) ~[server-1.20.1-20230612.114412-srg.jar%23424!/:?]
	at net.minecraft.server.packs.resources.SimplePreparableReloadListener.m_10786_(SimplePreparableReloadListener.java:11) ~[server-1.20.1-20230612.114412-srg.jar%23424!/:?]
	at java.util.concurrent.CompletableFuture$AsyncSupply.run(CompletableFuture.java:1768) ~[?:?]
	at java.util.concurrent.CompletableFuture$AsyncSupply.exec(CompletableFuture.java:1760) ~[?:?]
	at java.util.concurrent.ForkJoinTask.doExec(ForkJoinTask.java:373) ~[?:?]
	at java.util.concurrent.ForkJoinPool$WorkQueue.topLevelExec(ForkJoinPool.java:1182) ~[?:?]
	at java.util.concurrent.ForkJoinPool.scan(ForkJoinPool.java:1655) ~[?:?]
	at java.util.concurrent.ForkJoinPool.runWorker(ForkJoinPool.java:1622) ~[?:?]
	at java.util.concurrent.ForkJoinWorkerThread.run(ForkJoinWorkerThread.java:165) ~[?:?]
Caused by: java.io.EOFException: End of input at line 1 column 1 path $
	at com.google.gson.stream.JsonReader.nextNonWhitespace(JsonReader.java:1455) ~[gson-2.10.jar%2372!/:?]
	at com.google.gson.stream.JsonReader.doPeek(JsonReader.java:558) ~[gson-2.10.jar%2372!/:?]
	at com.google.gson.stream.JsonReader.peek(JsonReader.java:433) ~[gson-2.10.jar%2372!/:?]
	at com.google.gson.internal.bind.TypeAdapters$28.read(TypeAdapters.java:769) ~[gson-2.10.jar%2372!/:?]
	at com.google.gson.internal.bind.TypeAdapters$28.read(TypeAdapters.java:725) ~[gson-2.10.jar%2372!/:?]
	at com.google.gson.internal.bind.TypeAdapters$34$1.read(TypeAdapters.java:1007) ~[gson-2.10.jar%2372!/:?]
	at net.minecraft.util.GsonHelper.m_13780_(GsonHelper.java:524) ~[server-1.20.1-20230612.114412-srg.jar%23424!/:?]
	... 13 more
[27Aug2026 11:17:05.910] [Worker-Main-3/ERROR] [net.minecraft.server.packs.resources.SimpleJsonResourceReloadListener/]: Couldn't parse data file cataclysm:weapon_infusion/void_assault_shoulder_weapon from cataclysm:recipes/weapon_infusion/void_assault_shoulder_weapon.json
com.google.gson.JsonParseException: java.io.EOFException: End of input at line 1 column 1 path $
	at net.minecraft.util.GsonHelper.m_13780_(GsonHelper.java:526) ~[server-1.20.1-20230612.114412-srg.jar%23424!/:?]
	at net.minecraft.util.GsonHelper.m_263475_(GsonHelper.java:531) ~[server-1.20.1-20230612.114412-srg.jar%23424!/:?]
	at net.minecraft.util.GsonHelper.m_13776_(GsonHelper.java:581) ~[server-1.20.1-20230612.114412-srg.jar%23424!/:?]
	at net.minecraft.server.packs.resources.SimpleJsonResourceReloadListener.m_278771_(SimpleJsonResourceReloadListener.java:41) ~[server-1.20.1-20230612.114412-srg.jar%23424!/:?]
	at net.minecraft.server.packs.resources.SimpleJsonResourceReloadListener.m_5944_(SimpleJsonResourceReloadListener.java:29) ~[server-1.20.1-20230612.114412-srg.jar%23424!/:?]
	at net.minecraft.server.packs.resources.SimpleJsonResourceReloadListener.m_5944_(SimpleJsonResourceReloadListener.java:17) ~[server-1.20.1-20230612.114412-srg.jar%23424!/:?]
	at net.minecraft.server.packs.resources.SimplePreparableReloadListener.m_10786_(SimplePreparableReloadListener.java:11) ~[server-1.20.1-20230612.114412-srg.jar%23424!/:?]
	at java.util.concurrent.CompletableFuture$AsyncSupply.run(CompletableFuture.java:1768) ~[?:?]
	at java.util.concurrent.CompletableFuture$AsyncSupply.exec(CompletableFuture.java:1760) ~[?:?]
	at java.util.concurrent.ForkJoinTask.doExec(ForkJoinTask.java:373) ~[?:?]
	at java.util.concurrent.ForkJoinPool$WorkQueue.topLevelExec(ForkJoinPool.java:1182) ~[?:?]
	at java.util.concurrent.ForkJoinPool.scan(ForkJoinPool.java:1655) ~[?:?]
	at java.util.concurrent.ForkJoinPool.runWorker(ForkJoinPool.java:1622) ~[?:?]
	at java.util.concurrent.ForkJoinWorkerThread.run(ForkJoinWorkerThread.java:165) ~[?:?]
Caused by: java.io.EOFException: End of input at line 1 column 1 path $
	at com.google.gson.stream.JsonReader.nextNonWhitespace(JsonReader.java:1455) ~[gson-2.10.jar%2372!/:?]
	at com.google.gson.stream.JsonReader.doPeek(JsonReader.java:558) ~[gson-2.10.jar%2372!/:?]
	at com.google.gson.stream.JsonReader.peek(JsonReader.java:433) ~[gson-2.10.jar%2372!/:?]
	at com.google.gson.internal.bind.TypeAdapters$28.read(TypeAdapters.java:769) ~[gson-2.10.jar%2372!/:?]
	at com.google.gson.internal.bind.TypeAdapters$28.read(TypeAdapters.java:725) ~[gson-2.10.jar%2372!/:?]
	at com.google.gson.internal.bind.TypeAdapters$34$1.read(TypeAdapters.java:1007) ~[gson-2.10.jar%2372!/:?]
	at net.minecraft.util.GsonHelper.m_13780_(GsonHelper.java:524) ~[server-1.20.1-20230612.114412-srg.jar%23424!/:?]
	... 13 more
[27Aug2026 11:17:05.911] [Worker-Main-3/ERROR] [net.minecraft.server.packs.resources.SimpleJsonResourceReloadListener/]: Couldn't parse data file cataclysm:weapon_infusion/void_forge from cataclysm:recipes/weapon_infusion/void_forge.json
com.google.gson.JsonParseException: java.io.EOFException: End of input at line 1 column 1 path $
	at net.minecraft.util.GsonHelper.m_13780_(GsonHelper.java:526) ~[server-1.20.1-20230612.114412-srg.jar%23424!/:?]
	at net.minecraft.util.GsonHelper.m_263475_(GsonHelper.java:531) ~[server-1.20.1-20230612.114412-srg.jar%23424!/:?]
	at net.minecraft.util.GsonHelper.m_13776_(GsonHelper.java:581) ~[server-1.20.1-20230612.114412-srg.jar%23424!/:?]
	at net.minecraft.server.packs.resources.SimpleJsonResourceReloadListener.m_278771_(SimpleJsonResourceReloadListener.java:41) ~[server-1.20.1-20230612.114412-srg.jar%23424!/:?]
	at net.minecraft.server.packs.resources.SimpleJsonResourceReloadListener.m_5944_(SimpleJsonResourceReloadListener.java:29) ~[server-1.20.1-20230612.114412-srg.jar%23424!/:?]
	at net.minecraft.server.packs.resources.SimpleJsonResourceReloadListener.m_5944_(SimpleJsonResourceReloadListener.java:17) ~[server-1.20.1-20230612.114412-srg.jar%23424!/:?]
	at net.minecraft.server.packs.resources.SimplePreparableReloadListener.m_10786_(SimplePreparableReloadListener.java:11) ~[server-1.20.1-20230612.114412-srg.jar%23424!/:?]
	at java.util.concurrent.CompletableFuture$AsyncSupply.run(CompletableFuture.java:1768) ~[?:?]
	at java.util.concurrent.CompletableFuture$AsyncSupply.exec(CompletableFuture.java:1760) ~[?:?]
	at java.util.concurrent.ForkJoinTask.doExec(ForkJoinTask.java:373) ~[?:?]
	at java.util.concurrent.ForkJoinPool$WorkQueue.topLevelExec(ForkJoinPool.java:1182) ~[?:?]
	at java.util.concurrent.ForkJoinPool.scan(ForkJoinPool.java:1655) ~[?:?]
	at java.util.concurrent.ForkJoinPool.runWorker(ForkJoinPool.java:1622) ~[?:?]
	at java.util.concurrent.ForkJoinWorkerThread.run(ForkJoinWorkerThread.java:165) ~[?:?]
Caused by: java.io.EOFException: End of input at line 1 column 1 path $
	at com.google.gson.stream.JsonReader.nextNonWhitespace(JsonReader.java:1455) ~[gson-2.10.jar%2372!/:?]
	at com.google.gson.stream.JsonReader.doPeek(JsonReader.java:558) ~[gson-2.10.jar%2372!/:?]
	at com.google.gson.stream.JsonReader.peek(JsonReader.java:433) ~[gson-2.10.jar%2372!/:?]
	at com.google.gson.internal.bind.TypeAdapters$28.read(TypeAdapters.java:769) ~[gson-2.10.jar%2372!/:?]
	at com.google.gson.internal.bind.TypeAdapters$28.read(TypeAdapters.java:725) ~[gson-2.10.jar%2372!/:?]
	at com.google.gson.internal.bind.TypeAdapters$34$1.read(TypeAdapters.java:1007) ~[gson-2.10.jar%2372!/:?]
	at net.minecraft.util.GsonHelper.m_13780_(GsonHelper.java:524) ~[server-1.20.1-20230612.114412-srg.jar%23424!/:?]
	... 13 more
[27Aug2026 11:17:05.912] [Worker-Main-3/ERROR] [net.minecraft.server.packs.resources.SimpleJsonResourceReloadListener/]: Couldn't parse data file irons_spellbooks:weapon_parts from irons_spellbooks:recipes/weapon_parts.json
com.google.gson.JsonParseException: java.io.EOFException: End of input at line 1 column 1 path $
	at net.minecraft.util.GsonHelper.m_13780_(GsonHelper.java:526) ~[server-1.20.1-20230612.114412-srg.jar%23424!/:?]
	at net.minecraft.util.GsonHelper.m_263475_(GsonHelper.java:531) ~[server-1.20.1-20230612.114412-srg.jar%23424!/:?]
	at net.minecraft.util.GsonHelper.m_13776_(GsonHelper.java:581) ~[server-1.20.1-20230612.114412-srg.jar%23424!/:?]
	at net.minecraft.server.packs.resources.SimpleJsonResourceReloadListener.m_278771_(SimpleJsonResourceReloadListener.java:41) ~[server-1.20.1-20230612.114412-srg.jar%23424!/:?]
	at net.minecraft.server.packs.resources.SimpleJsonResourceReloadListener.m_5944_(SimpleJsonResourceReloadListener.java:29) ~[server-1.20.1-20230612.114412-srg.jar%23424!/:?]
	at net.minecraft.server.packs.resources.SimpleJsonResourceReloadListener.m_5944_(SimpleJsonResourceReloadListener.java:17) ~[server-1.20.1-20230612.114412-srg.jar%23424!/:?]
	at net.minecraft.server.packs.resources.SimplePreparableReloadListener.m_10786_(SimplePreparableReloadListener.java:11) ~[server-1.20.1-20230612.114412-srg.jar%23424!/:?]
	at java.util.concurrent.CompletableFuture$AsyncSupply.run(CompletableFuture.java:1768) ~[?:?]
	at java.util.concurrent.CompletableFuture$AsyncSupply.exec(CompletableFuture.java:1760) ~[?:?]
	at java.util.concurrent.ForkJoinTask.doExec(ForkJoinTask.java:373) ~[?:?]
	at java.util.concurrent.ForkJoinPool$WorkQueue.topLevelExec(ForkJoinPool.java:1182) ~[?:?]
	at java.util.concurrent.ForkJoinPool.scan(ForkJoinPool.java:1655) ~[?:?]
	at java.util.concurrent.ForkJoinPool.runWorker(ForkJoinPool.java:1622) ~[?:?]
	at java.util.concurrent.ForkJoinWorkerThread.run(ForkJoinWorkerThread.java:165) ~[?:?]
Caused by: java.io.EOFException: End of input at line 1 column 1 path $
	at com.google.gson.stream.JsonReader.nextNonWhitespace(JsonReader.java:1455) ~[gson-2.10.jar%2372!/:?]
	at com.google.gson.stream.JsonReader.doPeek(JsonReader.java:558) ~[gson-2.10.jar%2372!/:?]
	at com.google.gson.stream.JsonReader.peek(JsonReader.java:433) ~[gson-2.10.jar%2372!/:?]
	at com.google.gson.internal.bind.TypeAdapters$28.read(TypeAdapters.java:769) ~[gson-2.10.jar%2372!/:?]
	at com.google.gson.internal.bind.TypeAdapters$28.read(TypeAdapters.java:725) ~[gson-2.10.jar%2372!/:?]
	at com.google.gson.internal.bind.TypeAdapters$34$1.read(TypeAdapters.java:1007) ~[gson-2.10.jar%2372!/:?]
	at net.minecraft.util.GsonHelper.m_13780_(GsonHelper.java:524) ~[server-1.20.1-20230612.114412-srg.jar%23424!/:?]
	... 13 more
[27Aug2026 11:17:05.914] [Worker-Main-1/ERROR] [net.minecraft.server.packs.resources.SimpleJsonResourceReloadListener/]: Couldn't parse data file cataclysm:blazing_grips from cataclysm:recipes/blazing_grips.json
com.google.gson.JsonParseException: java.io.EOFException: End of input at line 1 column 1 path $
	at net.minecraft.util.GsonHelper.m_13780_(GsonHelper.java:526) ~[server-1.20.1-20230612.114412-srg.jar%23424!/:?]
	at net.minecraft.util.GsonHelper.m_263475_(GsonHelper.java:531) ~[server-1.20.1-20230612.114412-srg.jar%23424!/:?]
	at net.minecraft.util.GsonHelper.m_13776_(GsonHelper.java:581) ~[server-1.20.1-20230612.114412-srg.jar%23424!/:?]
	at net.minecraft.server.packs.resources.SimpleJsonResourceReloadListener.m_278771_(SimpleJsonResourceReloadListener.java:41) ~[server-1.20.1-20230612.114412-srg.jar%23424!/:?]
	at net.minecraft.server.packs.resources.SimpleJsonResourceReloadListener.m_5944_(SimpleJsonResourceReloadListener.java:29) ~[server-1.20.1-20230612.114412-srg.jar%23424!/:?]
	at net.minecraft.server.packs.resources.SimpleJsonResourceReloadListener.m_5944_(SimpleJsonResourceReloadListener.java:17) ~[server-1.20.1-20230612.114412-srg.jar%23424!/:?]
	at net.minecraft.server.packs.resources.SimplePreparableReloadListener.m_10786_(SimplePreparableReloadListener.java:11) ~[server-1.20.1-20230612.114412-srg.jar%23424!/:?]
	at java.util.concurrent.CompletableFuture$AsyncSupply.run(CompletableFuture.java:1768) ~[?:?]
	at java.util.concurrent.CompletableFuture$AsyncSupply.exec(CompletableFuture.java:1760) ~[?:?]
	at java.util.concurrent.ForkJoinTask.doExec(ForkJoinTask.java:373) ~[?:?]
	at java.util.concurrent.ForkJoinPool$WorkQueue.topLevelExec(ForkJoinPool.java:1182) ~[?:?]
	at java.util.concurrent.ForkJoinPool.scan(ForkJoinPool.java:1655) ~[?:?]
	at java.util.concurrent.ForkJoinPool.runWorker(ForkJoinPool.java:1622) ~[?:?]
	at java.util.concurrent.ForkJoinWorkerThread.run(ForkJoinWorkerThread.java:165) ~[?:?]
Caused by: java.io.EOFException: End of input at line 1 column 1 path $
	at com.google.gson.stream.JsonReader.nextNonWhitespace(JsonReader.java:1455) ~[gson-2.10.jar%2372!/:?]
	at com.google.gson.stream.JsonReader.doPeek(JsonReader.java:558) ~[gson-2.10.jar%2372!/:?]
	at com.google.gson.stream.JsonReader.peek(JsonReader.java:433) ~[gson-2.10.jar%2372!/:?]
	at com.google.gson.internal.bind.TypeAdapters$28.read(TypeAdapters.java:769) ~[gson-2.10.jar%2372!/:?]
	at com.google.gson.internal.bind.TypeAdapters$28.read(TypeAdapters.java:725) ~[gson-2.10.jar%2372!/:?]
	at com.google.gson.internal.bind.TypeAdapters$34$1.read(TypeAdapters.java:1007) ~[gson-2.10.jar%2372!/:?]
	at net.minecraft.util.GsonHelper.m_13780_(GsonHelper.java:524) ~[server-1.20.1-20230612.114412-srg.jar%23424!/:?]
	... 13 more
[27Aug2026 11:17:05.921] [Worker-Main-1/ERROR] [net.minecraft.server.packs.resources.SimpleJsonResourceReloadListener/]: Couldn't parse data file cataclysm_spellbooks:bloom_stone_staff from cataclysm_spellbooks:recipes/bloom_stone_staff.json
com.google.gson.JsonParseException: java.io.EOFException: End of input at line 1 column 1 path $
	at net.minecraft.util.GsonHelper.m_13780_(GsonHelper.java:526) ~[server-1.20.1-20230612.114412-srg.jar%23424!/:?]
	at net.minecraft.util.GsonHelper.m_263475_(GsonHelper.java:531) ~[server-1.20.1-20230612.114412-srg.jar%23424!/:?]
	at net.minecraft.util.GsonHelper.m_13776_(GsonHelper.java:581) ~[server-1.20.1-20230612.114412-srg.jar%23424!/:?]
	at net.minecraft.server.packs.resources.SimpleJsonResourceReloadListener.m_278771_(SimpleJsonResourceReloadListener.java:41) ~[server-1.20.1-20230612.114412-srg.jar%23424!/:?]
	at net.minecraft.server.packs.resources.SimpleJsonResourceReloadListener.m_5944_(SimpleJsonResourceReloadListener.java:29) ~[server-1.20.1-20230612.114412-srg.jar%23424!/:?]
	at net.minecraft.server.packs.resources.SimpleJsonResourceReloadListener.m_5944_(SimpleJsonResourceReloadListener.java:17) ~[server-1.20.1-20230612.114412-srg.jar%23424!/:?]
	at net.minecraft.server.packs.resources.SimplePreparableReloadListener.m_10786_(SimplePreparableReloadListener.java:11) ~[server-1.20.1-20230612.114412-srg.jar%23424!/:?]
	at java.util.concurrent.CompletableFuture$AsyncSupply.run(CompletableFuture.java:1768) ~[?:?]
	at java.util.concurrent.CompletableFuture$AsyncSupply.exec(CompletableFuture.java:1760) ~[?:?]
	at java.util.concurrent.ForkJoinTask.doExec(ForkJoinTask.java:373) ~[?:?]
	at java.util.concurrent.ForkJoinPool$WorkQueue.topLevelExec(ForkJoinPool.java:1182) ~[?:?]
	at java.util.concurrent.ForkJoinPool.scan(ForkJoinPool.java:1655) ~[?:?]
	at java.util.concurrent.ForkJoinPool.runWorker(ForkJoinPool.java:1622) ~[?:?]
	at java.util.concurrent.ForkJoinWorkerThread.run(ForkJoinWorkerThread.java:165) ~[?:?]
Caused by: java.io.EOFException: End of input at line 1 column 1 path $
	at com.google.gson.stream.JsonReader.nextNonWhitespace(JsonReader.java:1455) ~[gson-2.10.jar%2372!/:?]
	at com.google.gson.stream.JsonReader.doPeek(JsonReader.java:558) ~[gson-2.10.jar%2372!/:?]
	at com.google.gson.stream.JsonReader.peek(JsonReader.java:433) ~[gson-2.10.jar%2372!/:?]
	at com.google.gson.internal.bind.TypeAdapters$28.read(TypeAdapters.java:769) ~[gson-2.10.jar%2372!/:?]
	at com.google.gson.internal.bind.TypeAdapters$28.read(TypeAdapters.java:725) ~[gson-2.10.jar%2372!/:?]
	at com.google.gson.internal.bind.TypeAdapters$34$1.read(TypeAdapters.java:1007) ~[gson-2.10.jar%2372!/:?]
	at net.minecraft.util.GsonHelper.m_13780_(GsonHelper.java:524) ~[server-1.20.1-20230612.114412-srg.jar%23424!/:?]
	... 13 more
[27Aug2026 11:17:05.926] [Worker-Main-1/ERROR] [net.minecraft.server.packs.resources.SimpleJsonResourceReloadListener/]: Couldn't parse data file irons_spellbooks:boreal_blade from irons_spellbooks:recipes/boreal_blade.json
com.google.gson.JsonParseException: java.io.EOFException: End of input at line 1 column 1 path $
	at net.minecraft.util.GsonHelper.m_13780_(GsonHelper.java:526) ~[server-1.20.1-20230612.114412-srg.jar%23424!/:?]
	at net.minecraft.util.GsonHelper.m_263475_(GsonHelper.java:531) ~[server-1.20.1-20230612.114412-srg.jar%23424!/:?]
	at net.minecraft.util.GsonHelper.m_13776_(GsonHelper.java:581) ~[server-1.20.1-20230612.114412-srg.jar%23424!/:?]
	at net.minecraft.server.packs.resources.SimpleJsonResourceReloadListener.m_278771_(SimpleJsonResourceReloadListener.java:41) ~[server-1.20.1-20230612.114412-srg.jar%23424!/:?]
	at net.minecraft.server.packs.resources.SimpleJsonResourceReloadListener.m_5944_(SimpleJsonResourceReloadListener.java:29) ~[server-1.20.1-20230612.114412-srg.jar%23424!/:?]
	at net.minecraft.server.packs.resources.SimpleJsonResourceReloadListener.m_5944_(SimpleJsonResourceReloadListener.java:17) ~[server-1.20.1-20230612.114412-srg.jar%23424!/:?]
	at net.minecraft.server.packs.resources.SimplePreparableReloadListener.m_10786_(SimplePreparableReloadListener.java:11) ~[server-1.20.1-20230612.114412-srg.jar%23424!/:?]
	at java.util.concurrent.CompletableFuture$AsyncSupply.run(CompletableFuture.java:1768) ~[?:?]
	at java.util.concurrent.CompletableFuture$AsyncSupply.exec(CompletableFuture.java:1760) ~[?:?]
	at java.util.concurrent.ForkJoinTask.doExec(ForkJoinTask.java:373) ~[?:?]
	at java.util.concurrent.ForkJoinPool$WorkQueue.topLevelExec(ForkJoinPool.java:1182) ~[?:?]
	at java.util.concurrent.ForkJoinPool.scan(ForkJoinPool.java:1655) ~[?:?]
	at java.util.concurrent.ForkJoinPool.runWorker(ForkJoinPool.java:1622) ~[?:?]
	at java.util.concurrent.ForkJoinWorkerThread.run(ForkJoinWorkerThread.java:165) ~[?:?]
Caused by: java.io.EOFException: End of input at line 1 column 1 path $
	at com.google.gson.stream.JsonReader.nextNonWhitespace(JsonReader.java:1455) ~[gson-2.10.jar%2372!/:?]
	at com.google.gson.stream.JsonReader.doPeek(JsonReader.java:558) ~[gson-2.10.jar%2372!/:?]
	at com.google.gson.stream.JsonReader.peek(JsonReader.java:433) ~[gson-2.10.jar%2372!/:?]
	at com.google.gson.internal.bind.TypeAdapters$28.read(TypeAdapters.java:769) ~[gson-2.10.jar%2372!/:?]
	at com.google.gson.internal.bind.TypeAdapters$28.read(TypeAdapters.java:725) ~[gson-2.10.jar%2372!/:?]
	at com.google.gson.internal.bind.TypeAdapters$34$1.read(TypeAdapters.java:1007) ~[gson-2.10.jar%2372!/:?]
	at net.minecraft.util.GsonHelper.m_13780_(GsonHelper.java:524) ~[server-1.20.1-20230612.114412-srg.jar%23424!/:?]
	... 13 more
[27Aug2026 11:17:05.929] [Worker-Main-1/ERROR] [net.minecraft.server.packs.resources.SimpleJsonResourceReloadListener/]: Couldn't parse data file efn:broadblade from efn:recipes/broadblade.json
com.google.gson.JsonParseException: java.io.EOFException: End of input at line 1 column 1 path $
	at net.minecraft.util.GsonHelper.m_13780_(GsonHelper.java:526) ~[server-1.20.1-20230612.114412-srg.jar%23424!/:?]
	at net.minecraft.util.GsonHelper.m_263475_(GsonHelper.java:531) ~[server-1.20.1-20230612.114412-srg.jar%23424!/:?]
	at net.minecraft.util.GsonHelper.m_13776_(GsonHelper.java:581) ~[server-1.20.1-20230612.114412-srg.jar%23424!/:?]
	at net.minecraft.server.packs.resources.SimpleJsonResourceReloadListener.m_278771_(SimpleJsonResourceReloadListener.java:41) ~[server-1.20.1-20230612.114412-srg.jar%23424!/:?]
	at net.minecraft.server.packs.resources.SimpleJsonResourceReloadListener.m_5944_(SimpleJsonResourceReloadListener.java:29) ~[server-1.20.1-20230612.114412-srg.jar%23424!/:?]
	at net.minecraft.server.packs.resources.SimpleJsonResourceReloadListener.m_5944_(SimpleJsonResourceReloadListener.java:17) ~[server-1.20.1-20230612.114412-srg.jar%23424!/:?]
	at net.minecraft.server.packs.resources.SimplePreparableReloadListener.m_10786_(SimplePreparableReloadListener.java:11) ~[server-1.20.1-20230612.114412-srg.jar%23424!/:?]
	at java.util.concurrent.CompletableFuture$AsyncSupply.run(CompletableFuture.java:1768) ~[?:?]
	at java.util.concurrent.CompletableFuture$AsyncSupply.exec(CompletableFuture.java:1760) ~[?:?]
	at java.util.concurrent.ForkJoinTask.doExec(ForkJoinTask.java:373) ~[?:?]
	at java.util.concurrent.ForkJoinPool$WorkQueue.topLevelExec(ForkJoinPool.java:1182) ~[?:?]
	at java.util.concurrent.ForkJoinPool.scan(ForkJoinPool.java:1655) ~[?:?]
	at java.util.concurrent.ForkJoinPool.runWorker(ForkJoinPool.java:1622) ~[?:?]
	at java.util.concurrent.ForkJoinWorkerThread.run(ForkJoinWorkerThread.java:165) ~[?:?]
Caused by: java.io.EOFException: End of input at line 1 column 1 path $
	at com.google.gson.stream.JsonReader.nextNonWhitespace(JsonReader.java:1455) ~[gson-2.10.jar%2372!/:?]
	at com.google.gson.stream.JsonReader.doPeek(JsonReader.java:558) ~[gson-2.10.jar%2372!/:?]
	at com.google.gson.stream.JsonReader.peek(JsonReader.java:433) ~[gson-2.10.jar%2372!/:?]
	at com.google.gson.internal.bind.TypeAdapters$28.read(TypeAdapters.java:769) ~[gson-2.10.jar%2372!/:?]
	at com.google.gson.internal.bind.TypeAdapters$28.read(TypeAdapters.java:725) ~[gson-2.10.jar%2372!/:?]
	at com.google.gson.internal.bind.TypeAdapters$34$1.read(TypeAdapters.java:1007) ~[gson-2.10.jar%2372!/:?]
	at net.minecraft.util.GsonHelper.m_13780_(GsonHelper.java:524) ~[server-1.20.1-20230612.114412-srg.jar%23424!/:?]
	... 13 more
[27Aug2026 11:17:05.934] [Worker-Main-3/ERROR] [net.minecraft.server.packs.resources.SimpleJsonResourceReloadListener/]: Couldn't parse data file cataclysm:wither_assault_shoulder_weapon from cataclysm:recipes/wither_assault_shoulder_weapon.json
com.google.gson.JsonParseException: java.io.EOFException: End of input at line 1 column 1 path $
	at net.minecraft.util.GsonHelper.m_13780_(GsonHelper.java:526) ~[server-1.20.1-20230612.114412-srg.jar%23424!/:?]
	at net.minecraft.util.GsonHelper.m_263475_(GsonHelper.java:531) ~[server-1.20.1-20230612.114412-srg.jar%23424!/:?]
	at net.minecraft.util.GsonHelper.m_13776_(GsonHelper.java:581) ~[server-1.20.1-20230612.114412-srg.jar%23424!/:?]
	at net.minecraft.server.packs.resources.SimpleJsonResourceReloadListener.m_278771_(SimpleJsonResourceReloadListener.java:41) ~[server-1.20.1-20230612.114412-srg.jar%23424!/:?]
	at net.minecraft.server.packs.resources.SimpleJsonResourceReloadListener.m_5944_(SimpleJsonResourceReloadListener.java:29) ~[server-1.20.1-20230612.114412-srg.jar%23424!/:?]
	at net.minecraft.server.packs.resources.SimpleJsonResourceReloadListener.m_5944_(SimpleJsonResourceReloadListener.java:17) ~[server-1.20.1-20230612.114412-srg.jar%23424!/:?]
	at net.minecraft.server.packs.resources.SimplePreparableReloadListener.m_10786_(SimplePreparableReloadListener.java:11) ~[server-1.20.1-20230612.114412-srg.jar%23424!/:?]
	at java.util.concurrent.CompletableFuture$AsyncSupply.run(CompletableFuture.java:1768) ~[?:?]
	at java.util.concurrent.CompletableFuture$AsyncSupply.exec(CompletableFuture.java:1760) ~[?:?]
	at java.util.concurrent.ForkJoinTask.doExec(ForkJoinTask.java:373) ~[?:?]
	at java.util.concurrent.ForkJoinPool$WorkQueue.topLevelExec(ForkJoinPool.java:1182) ~[?:?]
	at java.util.concurrent.ForkJoinPool.scan(ForkJoinPool.java:1655) ~[?:?]
	at java.util.concurrent.ForkJoinPool.runWorker(ForkJoinPool.java:1622) ~[?:?]
	at java.util.concurrent.ForkJoinWorkerThread.run(ForkJoinWorkerThread.java:165) ~[?:?]
Caused by: java.io.EOFException: End of input at line 1 column 1 path $
	at com.google.gson.stream.JsonReader.nextNonWhitespace(JsonReader.java:1455) ~[gson-2.10.jar%2372!/:?]
	at com.google.gson.stream.JsonReader.doPeek(JsonReader.java:558) ~[gson-2.10.jar%2372!/:?]
	at com.google.gson.stream.JsonReader.peek(JsonReader.java:433) ~[gson-2.10.jar%2372!/:?]
	at com.google.gson.internal.bind.TypeAdapters$28.read(TypeAdapters.java:769) ~[gson-2.10.jar%2372!/:?]
	at com.google.gson.internal.bind.TypeAdapters$28.read(TypeAdapters.java:725) ~[gson-2.10.jar%2372!/:?]
	at com.google.gson.internal.bind.TypeAdapters$34$1.read(TypeAdapters.java:1007) ~[gson-2.10.jar%2372!/:?]
	at net.minecraft.util.GsonHelper.m_13780_(GsonHelper.java:524) ~[server-1.20.1-20230612.114412-srg.jar%23424!/:?]
	... 13 more
[27Aug2026 11:17:05.944] [Worker-Main-3/ERROR] [net.minecraft.server.packs.resources.SimpleJsonResourceReloadListener/]: Couldn't parse data file efn:zansetsu from efn:recipes/zansetsu.json
com.google.gson.JsonParseException: java.io.EOFException: End of input at line 1 column 1 path $
	at net.minecraft.util.GsonHelper.m_13780_(GsonHelper.java:526) ~[server-1.20.1-20230612.114412-srg.jar%23424!/:?]
	at net.minecraft.util.GsonHelper.m_263475_(GsonHelper.java:531) ~[server-1.20.1-20230612.114412-srg.jar%23424!/:?]
	at net.minecraft.util.GsonHelper.m_13776_(GsonHelper.java:581) ~[server-1.20.1-20230612.114412-srg.jar%23424!/:?]
	at net.minecraft.server.packs.resources.SimpleJsonResourceReloadListener.m_278771_(SimpleJsonResourceReloadListener.java:41) ~[server-1.20.1-20230612.114412-srg.jar%23424!/:?]
	at net.minecraft.server.packs.resources.SimpleJsonResourceReloadListener.m_5944_(SimpleJsonResourceReloadListener.java:29) ~[server-1.20.1-20230612.114412-srg.jar%23424!/:?]
	at net.minecraft.server.packs.resources.SimpleJsonResourceReloadListener.m_5944_(SimpleJsonResourceReloadListener.java:17) ~[server-1.20.1-20230612.114412-srg.jar%23424!/:?]
	at net.minecraft.server.packs.resources.SimplePreparableReloadListener.m_10786_(SimplePreparableReloadListener.java:11) ~[server-1.20.1-20230612.114412-srg.jar%23424!/:?]
	at java.util.concurrent.CompletableFuture$AsyncSupply.run(CompletableFuture.java:1768) ~[?:?]
	at java.util.concurrent.CompletableFuture$AsyncSupply.exec(CompletableFuture.java:1760) ~[?:?]
	at java.util.concurrent.ForkJoinTask.doExec(ForkJoinTask.java:373) ~[?:?]
	at java.util.concurrent.ForkJoinPool$WorkQueue.topLevelExec(ForkJoinPool.java:1182) ~[?:?]
	at java.util.concurrent.ForkJoinPool.scan(ForkJoinPool.java:1655) ~[?:?]
	at java.util.concurrent.ForkJoinPool.runWorker(ForkJoinPool.java:1622) ~[?:?]
	at java.util.concurrent.ForkJoinWorkerThread.run(ForkJoinWorkerThread.java:165) ~[?:?]
Caused by: java.io.EOFException: End of input at line 1 column 1 path $
	at com.google.gson.stream.JsonReader.nextNonWhitespace(JsonReader.java:1455) ~[gson-2.10.jar%2372!/:?]
	at com.google.gson.stream.JsonReader.doPeek(JsonReader.java:558) ~[gson-2.10.jar%2372!/:?]
	at com.google.gson.stream.JsonReader.peek(JsonReader.java:433) ~[gson-2.10.jar%2372!/:?]
	at com.google.gson.internal.bind.TypeAdapters$28.read(TypeAdapters.java:769) ~[gson-2.10.jar%2372!/:?]
	at com.google.gson.internal.bind.TypeAdapters$28.read(TypeAdapters.java:725) ~[gson-2.10.jar%2372!/:?]
	at com.google.gson.internal.bind.TypeAdapters$34$1.read(TypeAdapters.java:1007) ~[gson-2.10.jar%2372!/:?]
	at net.minecraft.util.GsonHelper.m_13780_(GsonHelper.java:524) ~[server-1.20.1-20230612.114412-srg.jar%23424!/:?]
	... 13 more
[27Aug2026 11:17:06.017] [Worker-Main-1/ERROR] [net.minecraft.server.packs.resources.SimpleJsonResourceReloadListener/]: Couldn't parse data file cataclysm:bulwark_of_the_flame from cataclysm:recipes/bulwark_of_the_flame.json
com.google.gson.JsonParseException: java.io.EOFException: End of input at line 1 column 1 path $
	at net.minecraft.util.GsonHelper.m_13780_(GsonHelper.java:526) ~[server-1.20.1-20230612.114412-srg.jar%23424!/:?]
	at net.minecraft.util.GsonHelper.m_263475_(GsonHelper.java:531) ~[server-1.20.1-20230612.114412-srg.jar%23424!/:?]
	at net.minecraft.util.GsonHelper.m_13776_(GsonHelper.java:581) ~[server-1.20.1-20230612.114412-srg.jar%23424!/:?]
	at net.minecraft.server.packs.resources.SimpleJsonResourceReloadListener.m_278771_(SimpleJsonResourceReloadListener.java:41) ~[server-1.20.1-20230612.114412-srg.jar%23424!/:?]
	at net.minecraft.server.packs.resources.SimpleJsonResourceReloadListener.m_5944_(SimpleJsonResourceReloadListener.java:29) ~[server-1.20.1-20230612.114412-srg.jar%23424!/:?]
	at net.minecraft.server.packs.resources.SimpleJsonResourceReloadListener.m_5944_(SimpleJsonResourceReloadListener.java:17) ~[server-1.20.1-20230612.114412-srg.jar%23424!/:?]
	at net.minecraft.server.packs.resources.SimplePreparableReloadListener.m_10786_(SimplePreparableReloadListener.java:11) ~[server-1.20.1-20230612.114412-srg.jar%23424!/:?]
	at java.util.concurrent.CompletableFuture$AsyncSupply.run(CompletableFuture.java:1768) ~[?:?]
	at java.util.concurrent.CompletableFuture$AsyncSupply.exec(CompletableFuture.java:1760) ~[?:?]
	at java.util.concurrent.ForkJoinTask.doExec(ForkJoinTask.java:373) ~[?:?]
	at java.util.concurrent.ForkJoinPool$WorkQueue.topLevelExec(ForkJoinPool.java:1182) ~[?:?]
	at java.util.concurrent.ForkJoinPool.scan(ForkJoinPool.java:1655) ~[?:?]
	at java.util.concurrent.ForkJoinPool.runWorker(ForkJoinPool.java:1622) ~[?:?]
	at java.util.concurrent.ForkJoinWorkerThread.run(ForkJoinWorkerThread.java:165) ~[?:?]
Caused by: java.io.EOFException: End of input at line 1 column 1 path $
	at com.google.gson.stream.JsonReader.nextNonWhitespace(JsonReader.java:1455) ~[gson-2.10.jar%2372!/:?]
	at com.google.gson.stream.JsonReader.doPeek(JsonReader.java:558) ~[gson-2.10.jar%2372!/:?]
	at com.google.gson.stream.JsonReader.peek(JsonReader.java:433) ~[gson-2.10.jar%2372!/:?]
	at com.google.gson.internal.bind.TypeAdapters$28.read(TypeAdapters.java:769) ~[gson-2.10.jar%2372!/:?]
	at com.google.gson.internal.bind.TypeAdapters$28.read(TypeAdapters.java:725) ~[gson-2.10.jar%2372!/:?]
	at com.google.gson.internal.bind.TypeAdapters$34$1.read(TypeAdapters.java:1007) ~[gson-2.10.jar%2372!/:?]
	at net.minecraft.util.GsonHelper.m_13780_(GsonHelper.java:524) ~[server-1.20.1-20230612.114412-srg.jar%23424!/:?]
	... 13 more
[27Aug2026 11:17:06.035] [Worker-Main-1/ERROR] [net.minecraft.server.packs.resources.SimpleJsonResourceReloadListener/]: Couldn't parse data file efn:co_tachi from efn:recipes/co_tachi.json
com.google.gson.JsonParseException: java.io.EOFException: End of input at line 1 column 1 path $
	at net.minecraft.util.GsonHelper.m_13780_(GsonHelper.java:526) ~[server-1.20.1-20230612.114412-srg.jar%23424!/:?]
	at net.minecraft.util.GsonHelper.m_263475_(GsonHelper.java:531) ~[server-1.20.1-20230612.114412-srg.jar%23424!/:?]
	at net.minecraft.util.GsonHelper.m_13776_(GsonHelper.java:581) ~[server-1.20.1-20230612.114412-srg.jar%23424!/:?]
	at net.minecraft.server.packs.resources.SimpleJsonResourceReloadListener.m_278771_(SimpleJsonResourceReloadListener.java:41) ~[server-1.20.1-20230612.114412-srg.jar%23424!/:?]
	at net.minecraft.server.packs.resources.SimpleJsonResourceReloadListener.m_5944_(SimpleJsonResourceReloadListener.java:29) ~[server-1.20.1-20230612.114412-srg.jar%23424!/:?]
	at net.minecraft.server.packs.resources.SimpleJsonResourceReloadListener.m_5944_(SimpleJsonResourceReloadListener.java:17) ~[server-1.20.1-20230612.114412-srg.jar%23424!/:?]
	at net.minecraft.server.packs.resources.SimplePreparableReloadListener.m_10786_(SimplePreparableReloadListener.java:11) ~[server-1.20.1-20230612.114412-srg.jar%23424!/:?]
	at java.util.concurrent.CompletableFuture$AsyncSupply.run(CompletableFuture.java:1768) ~[?:?]
	at java.util.concurrent.CompletableFuture$AsyncSupply.exec(CompletableFuture.java:1760) ~[?:?]
	at java.util.concurrent.ForkJoinTask.doExec(ForkJoinTask.java:373) ~[?:?]
	at java.util.concurrent.ForkJoinPool$WorkQueue.topLevelExec(ForkJoinPool.java:1182) ~[?:?]
	at java.util.concurrent.ForkJoinPool.scan(ForkJoinPool.java:1655) ~[?:?]
	at java.util.concurrent.ForkJoinPool.runWorker(ForkJoinPool.java:1622) ~[?:?]
	at java.util.concurrent.ForkJoinWorkerThread.run(ForkJoinWorkerThread.java:165) ~[?:?]
Caused by: java.io.EOFException: End of input at line 1 column 1 path $
	at com.google.gson.stream.JsonReader.nextNonWhitespace(JsonReader.java:1455) ~[gson-2.10.jar%2372!/:?]
	at com.google.gson.stream.JsonReader.doPeek(JsonReader.java:558) ~[gson-2.10.jar%2372!/:?]
	at com.google.gson.stream.JsonReader.peek(JsonReader.java:433) ~[gson-2.10.jar%2372!/:?]
	at com.google.gson.internal.bind.TypeAdapters$28.read(TypeAdapters.java:769) ~[gson-2.10.jar%2372!/:?]
	at com.google.gson.internal.bind.TypeAdapters$28.read(TypeAdapters.java:725) ~[gson-2.10.jar%2372!/:?]
	at com.google.gson.internal.bind.TypeAdapters$34$1.read(TypeAdapters.java:1007) ~[gson-2.10.jar%2372!/:?]
	at net.minecraft.util.GsonHelper.m_13780_(GsonHelper.java:524) ~[server-1.20.1-20230612.114412-srg.jar%23424!/:?]
	... 13 more
[27Aug2026 11:17:06.436] [Worker-Main-1/ERROR] [net.minecraft.server.packs.resources.SimpleJsonResourceReloadListener/]: Couldn't parse data file efn:co_tachi_to_air from efn:recipes/co_tachi_to_air.json
com.google.gson.JsonParseException: java.io.EOFException: End of input at line 1 column 1 path $
	at net.minecraft.util.GsonHelper.m_13780_(GsonHelper.java:526) ~[server-1.20.1-20230612.114412-srg.jar%23424!/:?]
	at net.minecraft.util.GsonHelper.m_263475_(GsonHelper.java:531) ~[server-1.20.1-20230612.114412-srg.jar%23424!/:?]
	at net.minecraft.util.GsonHelper.m_13776_(GsonHelper.java:581) ~[server-1.20.1-20230612.114412-srg.jar%23424!/:?]
	at net.minecraft.server.packs.resources.SimpleJsonResourceReloadListener.m_278771_(SimpleJsonResourceReloadListener.java:41) ~[server-1.20.1-20230612.114412-srg.jar%23424!/:?]
	at net.minecraft.server.packs.resources.SimpleJsonResourceReloadListener.m_5944_(SimpleJsonResourceReloadListener.java:29) ~[server-1.20.1-20230612.114412-srg.jar%23424!/:?]
	at net.minecraft.server.packs.resources.SimpleJsonResourceReloadListener.m_5944_(SimpleJsonResourceReloadListener.java:17) ~[server-1.20.1-20230612.114412-srg.jar%23424!/:?]
	at net.minecraft.server.packs.resources.SimplePreparableReloadListener.m_10786_(SimplePreparableReloadListener.java:11) ~[server-1.20.1-20230612.114412-srg.jar%23424!/:?]
	at java.util.concurrent.CompletableFuture$AsyncSupply.run(CompletableFuture.java:1768) ~[?:?]
	at java.util.concurrent.CompletableFuture$AsyncSupply.exec(CompletableFuture.java:1760) ~[?:?]
	at java.util.concurrent.ForkJoinTask.doExec(ForkJoinTask.java:373) ~[?:?]
	at java.util.concurrent.ForkJoinPool$WorkQueue.topLevelExec(ForkJoinPool.java:1182) ~[?:?]
	at java.util.concurrent.ForkJoinPool.scan(ForkJoinPool.java:1655) ~[?:?]
	at java.util.concurrent.ForkJoinPool.runWorker(ForkJoinPool.java:1622) ~[?:?]
	at java.util.concurrent.ForkJoinWorkerThread.run(ForkJoinWorkerThread.java:165) ~[?:?]
Caused by: java.io.EOFException: End of input at line 1 column 1 path $
	at com.google.gson.stream.JsonReader.nextNonWhitespace(JsonReader.java:1455) ~[gson-2.10.jar%2372!/:?]
	at com.google.gson.stream.JsonReader.doPeek(JsonReader.java:558) ~[gson-2.10.jar%2372!/:?]
	at com.google.gson.stream.JsonReader.peek(JsonReader.java:433) ~[gson-2.10.jar%2372!/:?]
	at com.google.gson.internal.bind.TypeAdapters$28.read(TypeAdapters.java:769) ~[gson-2.10.jar%2372!/:?]
	at com.google.gson.internal.bind.TypeAdapters$28.read(TypeAdapters.java:725) ~[gson-2.10.jar%2372!/:?]
	at com.google.gson.internal.bind.TypeAdapters$34$1.read(TypeAdapters.java:1007) ~[gson-2.10.jar%2372!/:?]
	at net.minecraft.util.GsonHelper.m_13780_(GsonHelper.java:524) ~[server-1.20.1-20230612.114412-srg.jar%23424!/:?]
	... 13 more
[27Aug2026 11:17:06.442] [Worker-Main-1/ERROR] [net.minecraft.server.packs.resources.SimpleJsonResourceReloadListener/]: Couldn't parse data file epicfightx:combat_mastery_i from epicfightx:recipes/combat_mastery_i.json
com.google.gson.JsonParseException: java.io.EOFException: End of input at line 1 column 1 path $
	at net.minecraft.util.GsonHelper.m_13780_(GsonHelper.java:526) ~[server-1.20.1-20230612.114412-srg.jar%23424!/:?]
	at net.minecraft.util.GsonHelper.m_263475_(GsonHelper.java:531) ~[server-1.20.1-20230612.114412-srg.jar%23424!/:?]
	at net.minecraft.util.GsonHelper.m_13776_(GsonHelper.java:581) ~[server-1.20.1-20230612.114412-srg.jar%23424!/:?]
	at net.minecraft.server.packs.resources.SimpleJsonResourceReloadListener.m_278771_(SimpleJsonResourceReloadListener.java:41) ~[server-1.20.1-20230612.114412-srg.jar%23424!/:?]
	at net.minecraft.server.packs.resources.SimpleJsonResourceReloadListener.m_5944_(SimpleJsonResourceReloadListener.java:29) ~[server-1.20.1-20230612.114412-srg.jar%23424!/:?]
	at net.minecraft.server.packs.resources.SimpleJsonResourceReloadListener.m_5944_(SimpleJsonResourceReloadListener.java:17) ~[server-1.20.1-20230612.114412-srg.jar%23424!/:?]
	at net.minecraft.server.packs.resources.SimplePreparableReloadListener.m_10786_(SimplePreparableReloadListener.java:11) ~[server-1.20.1-20230612.114412-srg.jar%23424!/:?]
	at java.util.concurrent.CompletableFuture$AsyncSupply.run(CompletableFuture.java:1768) ~[?:?]
	at java.util.concurrent.CompletableFuture$AsyncSupply.exec(CompletableFuture.java:1760) ~[?:?]
	at java.util.concurrent.ForkJoinTask.doExec(ForkJoinTask.java:373) ~[?:?]
	at java.util.concurrent.ForkJoinPool$WorkQueue.topLevelExec(ForkJoinPool.java:1182) ~[?:?]
	at java.util.concurrent.ForkJoinPool.scan(ForkJoinPool.java:1655) ~[?:?]
	at java.util.concurrent.ForkJoinPool.runWorker(ForkJoinPool.java:1622) ~[?:?]
	at java.util.concurrent.ForkJoinWorkerThread.run(ForkJoinWorkerThread.java:165) ~[?:?]
Caused by: java.io.EOFException: End of input at line 1 column 1 path $
	at com.google.gson.stream.JsonReader.nextNonWhitespace(JsonReader.java:1455) ~[gson-2.10.jar%2372!/:?]
	at com.google.gson.stream.JsonReader.doPeek(JsonReader.java:558) ~[gson-2.10.jar%2372!/:?]
	at com.google.gson.stream.JsonReader.peek(JsonReader.java:433) ~[gson-2.10.jar%2372!/:?]
	at com.google.gson.internal.bind.TypeAdapters$28.read(TypeAdapters.java:769) ~[gson-2.10.jar%2372!/:?]
	at com.google.gson.internal.bind.TypeAdapters$28.read(TypeAdapters.java:725) ~[gson-2.10.jar%2372!/:?]
	at com.google.gson.internal.bind.TypeAdapters$34$1.read(TypeAdapters.java:1007) ~[gson-2.10.jar%2372!/:?]
	at net.minecraft.util.GsonHelper.m_13780_(GsonHelper.java:524) ~[server-1.20.1-20230612.114412-srg.jar%23424!/:?]
	... 13 more
[27Aug2026 11:17:06.452] [Worker-Main-1/ERROR] [net.minecraft.server.packs.resources.SimpleJsonResourceReloadListener/]: Couldn't parse data file irons_spellbooks:copper_spell_book from irons_spellbooks:recipes/copper_spell_book.json
com.google.gson.JsonParseException: java.io.EOFException: End of input at line 1 column 1 path $
	at net.minecraft.util.GsonHelper.m_13780_(GsonHelper.java:526) ~[server-1.20.1-20230612.114412-srg.jar%23424!/:?]
	at net.minecraft.util.GsonHelper.m_263475_(GsonHelper.java:531) ~[server-1.20.1-20230612.114412-srg.jar%23424!/:?]
	at net.minecraft.util.GsonHelper.m_13776_(GsonHelper.java:581) ~[server-1.20.1-20230612.114412-srg.jar%23424!/:?]
	at net.minecraft.server.packs.resources.SimpleJsonResourceReloadListener.m_278771_(SimpleJsonResourceReloadListener.java:41) ~[server-1.20.1-20230612.114412-srg.jar%23424!/:?]
	at net.minecraft.server.packs.resources.SimpleJsonResourceReloadListener.m_5944_(SimpleJsonResourceReloadListener.java:29) ~[server-1.20.1-20230612.114412-srg.jar%23424!/:?]
	at net.minecraft.server.packs.resources.SimpleJsonResourceReloadListener.m_5944_(SimpleJsonResourceReloadListener.java:17) ~[server-1.20.1-20230612.114412-srg.jar%23424!/:?]
	at net.minecraft.server.packs.resources.SimplePreparableReloadListener.m_10786_(SimplePreparableReloadListener.java:11) ~[server-1.20.1-20230612.114412-srg.jar%23424!/:?]
	at java.util.concurrent.CompletableFuture$AsyncSupply.run(CompletableFuture.java:1768) ~[?:?]
	at java.util.concurrent.CompletableFuture$AsyncSupply.exec(CompletableFuture.java:1760) ~[?:?]
	at java.util.concurrent.ForkJoinTask.doExec(ForkJoinTask.java:373) ~[?:?]
	at java.util.concurrent.ForkJoinPool$WorkQueue.topLevelExec(ForkJoinPool.java:1182) ~[?:?]
	at java.util.concurrent.ForkJoinPool.scan(ForkJoinPool.java:1655) ~[?:?]
	at java.util.concurrent.ForkJoinPool.runWorker(ForkJoinPool.java:1622) ~[?:?]
	at java.util.concurrent.ForkJoinWorkerThread.run(ForkJoinWorkerThread.java:165) ~[?:?]
Caused by: java.io.EOFException: End of input at line 1 column 1 path $
	at com.google.gson.stream.JsonReader.nextNonWhitespace(JsonReader.java:1455) ~[gson-2.10.jar%2372!/:?]
	at com.google.gson.stream.JsonReader.doPeek(JsonReader.java:558) ~[gson-2.10.jar%2372!/:?]
	at com.google.gson.stream.JsonReader.peek(JsonReader.java:433) ~[gson-2.10.jar%2372!/:?]
	at com.google.gson.internal.bind.TypeAdapters$28.read(TypeAdapters.java:769) ~[gson-2.10.jar%2372!/:?]
	at com.google.gson.internal.bind.TypeAdapters$28.read(TypeAdapters.java:725) ~[gson-2.10.jar%2372!/:?]
	at com.google.gson.internal.bind.TypeAdapters$34$1.read(TypeAdapters.java:1007) ~[gson-2.10.jar%2372!/:?]
	at net.minecraft.util.GsonHelper.m_13780_(GsonHelper.java:524) ~[server-1.20.1-20230612.114412-srg.jar%23424!/:?]
	... 13 more
[27Aug2026 11:17:06.453] [Worker-Main-1/ERROR] [net.minecraft.server.packs.resources.SimpleJsonResourceReloadListener/]: Couldn't parse data file cataclysm_spellbooks:coral_staff from cataclysm_spellbooks:recipes/coral_staff.json
com.google.gson.JsonParseException: java.io.EOFException: End of input at line 1 column 1 path $
	at net.minecraft.util.GsonHelper.m_13780_(GsonHelper.java:526) ~[server-1.20.1-20230612.114412-srg.jar%23424!/:?]
	at net.minecraft.util.GsonHelper.m_263475_(GsonHelper.java:531) ~[server-1.20.1-20230612.114412-srg.jar%23424!/:?]
	at net.minecraft.util.GsonHelper.m_13776_(GsonHelper.java:581) ~[server-1.20.1-20230612.114412-srg.jar%23424!/:?]
	at net.minecraft.server.packs.resources.SimpleJsonResourceReloadListener.m_278771_(SimpleJsonResourceReloadListener.java:41) ~[server-1.20.1-20230612.114412-srg.jar%23424!/:?]
	at net.minecraft.server.packs.resources.SimpleJsonResourceReloadListener.m_5944_(SimpleJsonResourceReloadListener.java:29) ~[server-1.20.1-20230612.114412-srg.jar%23424!/:?]
	at net.minecraft.server.packs.resources.SimpleJsonResourceReloadListener.m_5944_(SimpleJsonResourceReloadListener.java:17) ~[server-1.20.1-20230612.114412-srg.jar%23424!/:?]
	at net.minecraft.server.packs.resources.SimplePreparableReloadListener.m_10786_(SimplePreparableReloadListener.java:11) ~[server-1.20.1-20230612.114412-srg.jar%23424!/:?]
	at java.util.concurrent.CompletableFuture$AsyncSupply.run(CompletableFuture.java:1768) ~[?:?]
	at java.util.concurrent.CompletableFuture$AsyncSupply.exec(CompletableFuture.java:1760) ~[?:?]
	at java.util.concurrent.ForkJoinTask.doExec(ForkJoinTask.java:373) ~[?:?]
	at java.util.concurrent.ForkJoinPool$WorkQueue.topLevelExec(ForkJoinPool.java:1182) ~[?:?]
	at java.util.concurrent.ForkJoinPool.scan(ForkJoinPool.java:1655) ~[?:?]
	at java.util.concurrent.ForkJoinPool.runWorker(ForkJoinPool.java:1622) ~[?:?]
	at java.util.concurrent.ForkJoinWorkerThread.run(ForkJoinWorkerThread.java:165) ~[?:?]
Caused by: java.io.EOFException: End of input at line 1 column 1 path $
	at com.google.gson.stream.JsonReader.nextNonWhitespace(JsonReader.java:1455) ~[gson-2.10.jar%2372!/:?]
	at com.google.gson.stream.JsonReader.doPeek(JsonReader.java:558) ~[gson-2.10.jar%2372!/:?]
	at com.google.gson.stream.JsonReader.peek(JsonReader.java:433) ~[gson-2.10.jar%2372!/:?]
	at com.google.gson.internal.bind.TypeAdapters$28.read(TypeAdapters.java:769) ~[gson-2.10.jar%2372!/:?]
	at com.google.gson.internal.bind.TypeAdapters$28.read(TypeAdapters.java:725) ~[gson-2.10.jar%2372!/:?]
	at com.google.gson.internal.bind.TypeAdapters$34$1.read(TypeAdapters.java:1007) ~[gson-2.10.jar%2372!/:?]
	at net.minecraft.util.GsonHelper.m_13780_(GsonHelper.java:524) ~[server-1.20.1-20230612.114412-srg.jar%23424!/:?]
	... 13 more
[27Aug2026 11:17:06.463] [Worker-Main-1/ERROR] [net.minecraft.server.packs.resources.SimpleJsonResourceReloadListener/]: Couldn't parse data file efn:crescent_moon from efn:recipes/crescent_moon.json
com.google.gson.JsonParseException: java.io.EOFException: End of input at line 1 column 1 path $
	at net.minecraft.util.GsonHelper.m_13780_(GsonHelper.java:526) ~[server-1.20.1-20230612.114412-srg.jar%23424!/:?]
	at net.minecraft.util.GsonHelper.m_263475_(GsonHelper.java:531) ~[server-1.20.1-20230612.114412-srg.jar%23424!/:?]
	at net.minecraft.util.GsonHelper.m_13776_(GsonHelper.java:581) ~[server-1.20.1-20230612.114412-srg.jar%23424!/:?]
	at net.minecraft.server.packs.resources.SimpleJsonResourceReloadListener.m_278771_(SimpleJsonResourceReloadListener.java:41) ~[server-1.20.1-20230612.114412-srg.jar%23424!/:?]
	at net.minecraft.server.packs.resources.SimpleJsonResourceReloadListener.m_5944_(SimpleJsonResourceReloadListener.java:29) ~[server-1.20.1-20230612.114412-srg.jar%23424!/:?]
	at net.minecraft.server.packs.resources.SimpleJsonResourceReloadListener.m_5944_(SimpleJsonResourceReloadListener.java:17) ~[server-1.20.1-20230612.114412-srg.jar%23424!/:?]
	at net.minecraft.server.packs.resources.SimplePreparableReloadListener.m_10786_(SimplePreparableReloadListener.java:11) ~[server-1.20.1-20230612.114412-srg.jar%23424!/:?]
	at java.util.concurrent.CompletableFuture$AsyncSupply.run(CompletableFuture.java:1768) ~[?:?]
	at java.util.concurrent.CompletableFuture$AsyncSupply.exec(CompletableFuture.java:1760) ~[?:?]
	at java.util.concurrent.ForkJoinTask.doExec(ForkJoinTask.java:373) ~[?:?]
	at java.util.concurrent.ForkJoinPool$WorkQueue.topLevelExec(ForkJoinPool.java:1182) ~[?:?]
	at java.util.concurrent.ForkJoinPool.scan(ForkJoinPool.java:1655) ~[?:?]
	at java.util.concurrent.ForkJoinPool.runWorker(ForkJoinPool.java:1622) ~[?:?]
	at java.util.concurrent.ForkJoinWorkerThread.run(ForkJoinWorkerThread.java:165) ~[?:?]
Caused by: java.io.EOFException: End of input at line 1 column 1 path $
	at com.google.gson.stream.JsonReader.nextNonWhitespace(JsonReader.java:1455) ~[gson-2.10.jar%2372!/:?]
	at com.google.gson.stream.JsonReader.doPeek(JsonReader.java:558) ~[gson-2.10.jar%2372!/:?]
	at com.google.gson.stream.JsonReader.peek(JsonReader.java:433) ~[gson-2.10.jar%2372!/:?]
	at com.google.gson.internal.bind.TypeAdapters$28.read(TypeAdapters.java:769) ~[gson-2.10.jar%2372!/:?]
	at com.google.gson.internal.bind.TypeAdapters$28.read(TypeAdapters.java:725) ~[gson-2.10.jar%2372!/:?]
	at com.google.gson.internal.bind.TypeAdapters$34$1.read(TypeAdapters.java:1007) ~[gson-2.10.jar%2372!/:?]
	at net.minecraft.util.GsonHelper.m_13780_(GsonHelper.java:524) ~[server-1.20.1-20230612.114412-srg.jar%23424!/:?]
	... 13 more
[27Aug2026 11:17:06.464] [Worker-Main-1/ERROR] [net.minecraft.server.packs.resources.SimpleJsonResourceReloadListener/]: Couldn't parse data file efn:crimson_moon from efn:recipes/crimson_moon.json
com.google.gson.JsonParseException: java.io.EOFException: End of input at line 1 column 1 path $
	at net.minecraft.util.GsonHelper.m_13780_(GsonHelper.java:526) ~[server-1.20.1-20230612.114412-srg.jar%23424!/:?]
	at net.minecraft.util.GsonHelper.m_263475_(GsonHelper.java:531) ~[server-1.20.1-20230612.114412-srg.jar%23424!/:?]
	at net.minecraft.util.GsonHelper.m_13776_(GsonHelper.java:581) ~[server-1.20.1-20230612.114412-srg.jar%23424!/:?]
	at net.minecraft.server.packs.resources.SimpleJsonResourceReloadListener.m_278771_(SimpleJsonResourceReloadListener.java:41) ~[server-1.20.1-20230612.114412-srg.jar%23424!/:?]
	at net.minecraft.server.packs.resources.SimpleJsonResourceReloadListener.m_5944_(SimpleJsonResourceReloadListener.java:29) ~[server-1.20.1-20230612.114412-srg.jar%23424!/:?]
	at net.minecraft.server.packs.resources.SimpleJsonResourceReloadListener.m_5944_(SimpleJsonResourceReloadListener.java:17) ~[server-1.20.1-20230612.114412-srg.jar%23424!/:?]
	at net.minecraft.server.packs.resources.SimplePreparableReloadListener.m_10786_(SimplePreparableReloadListener.java:11) ~[server-1.20.1-20230612.114412-srg.jar%23424!/:?]
	at java.util.concurrent.CompletableFuture$AsyncSupply.run(CompletableFuture.java:1768) ~[?:?]
	at java.util.concurrent.CompletableFuture$AsyncSupply.exec(CompletableFuture.java:1760) ~[?:?]
	at java.util.concurrent.ForkJoinTask.doExec(ForkJoinTask.java:373) ~[?:?]
	at java.util.concurrent.ForkJoinPool$WorkQueue.topLevelExec(ForkJoinPool.java:1182) ~[?:?]
	at java.util.concurrent.ForkJoinPool.scan(ForkJoinPool.java:1655) ~[?:?]
	at java.util.concurrent.ForkJoinPool.runWorker(ForkJoinPool.java:1622) ~[?:?]
	at java.util.concurrent.ForkJoinWorkerThread.run(ForkJoinWorkerThread.java:165) ~[?:?]
Caused by: java.io.EOFException: End of input at line 1 column 1 path $
	at com.google.gson.stream.JsonReader.nextNonWhitespace(JsonReader.java:1455) ~[gson-2.10.jar%2372!/:?]
	at com.google.gson.stream.JsonReader.doPeek(JsonReader.java:558) ~[gson-2.10.jar%2372!/:?]
	at com.google.gson.stream.JsonReader.peek(JsonReader.java:433) ~[gson-2.10.jar%2372!/:?]
	at com.google.gson.internal.bind.TypeAdapters$28.read(TypeAdapters.java:769) ~[gson-2.10.jar%2372!/:?]
	at com.google.gson.internal.bind.TypeAdapters$28.read(TypeAdapters.java:725) ~[gson-2.10.jar%2372!/:?]
	at com.google.gson.internal.bind.TypeAdapters$34$1.read(TypeAdapters.java:1007) ~[gson-2.10.jar%2372!/:?]
	at net.minecraft.util.GsonHelper.m_13780_(GsonHelper.java:524) ~[server-1.20.1-20230612.114412-srg.jar%23424!/:?]
	... 13 more
[27Aug2026 11:17:06.469] [Worker-Main-1/ERROR] [net.minecraft.server.packs.resources.SimpleJsonResourceReloadListener/]: Couldn't parse data file fromtheshadows:crystallized_dagger from fromtheshadows:recipes/crystallized_dagger.json
com.google.gson.JsonParseException: java.io.EOFException: End of input at line 1 column 1 path $
	at net.minecraft.util.GsonHelper.m_13780_(GsonHelper.java:526) ~[server-1.20.1-20230612.114412-srg.jar%23424!/:?]
	at net.minecraft.util.GsonHelper.m_263475_(GsonHelper.java:531) ~[server-1.20.1-20230612.114412-srg.jar%23424!/:?]
	at net.minecraft.util.GsonHelper.m_13776_(GsonHelper.java:581) ~[server-1.20.1-20230612.114412-srg.jar%23424!/:?]
	at net.minecraft.server.packs.resources.SimpleJsonResourceReloadListener.m_278771_(SimpleJsonResourceReloadListener.java:41) ~[server-1.20.1-20230612.114412-srg.jar%23424!/:?]
	at net.minecraft.server.packs.resources.SimpleJsonResourceReloadListener.m_5944_(SimpleJsonResourceReloadListener.java:29) ~[server-1.20.1-20230612.114412-srg.jar%23424!/:?]
	at net.minecraft.server.packs.resources.SimpleJsonResourceReloadListener.m_5944_(SimpleJsonResourceReloadListener.java:17) ~[server-1.20.1-20230612.114412-srg.jar%23424!/:?]
	at net.minecraft.server.packs.resources.SimplePreparableReloadListener.m_10786_(SimplePreparableReloadListener.java:11) ~[server-1.20.1-20230612.114412-srg.jar%23424!/:?]
	at java.util.concurrent.CompletableFuture$AsyncSupply.run(CompletableFuture.java:1768) ~[?:?]
	at java.util.concurrent.CompletableFuture$AsyncSupply.exec(CompletableFuture.java:1760) ~[?:?]
	at java.util.concurrent.ForkJoinTask.doExec(ForkJoinTask.java:373) ~[?:?]
	at java.util.concurrent.ForkJoinPool$WorkQueue.topLevelExec(ForkJoinPool.java:1182) ~[?:?]
	at java.util.concurrent.ForkJoinPool.scan(ForkJoinPool.java:1655) ~[?:?]
	at java.util.concurrent.ForkJoinPool.runWorker(ForkJoinPool.java:1622) ~[?:?]
	at java.util.concurrent.ForkJoinWorkerThread.run(ForkJoinWorkerThread.java:165) ~[?:?]
Caused by: java.io.EOFException: End of input at line 1 column 1 path $
	at com.google.gson.stream.JsonReader.nextNonWhitespace(JsonReader.java:1455) ~[gson-2.10.jar%2372!/:?]
	at com.google.gson.stream.JsonReader.doPeek(JsonReader.java:558) ~[gson-2.10.jar%2372!/:?]
	at com.google.gson.stream.JsonReader.peek(JsonReader.java:433) ~[gson-2.10.jar%2372!/:?]
	at com.google.gson.internal.bind.TypeAdapters$28.read(TypeAdapters.java:769) ~[gson-2.10.jar%2372!/:?]
	at com.google.gson.internal.bind.TypeAdapters$28.read(TypeAdapters.java:725) ~[gson-2.10.jar%2372!/:?]
	at com.google.gson.internal.bind.TypeAdapters$34$1.read(TypeAdapters.java:1007) ~[gson-2.10.jar%2372!/:?]
	at net.minecraft.util.GsonHelper.m_13780_(GsonHelper.java:524) ~[server-1.20.1-20230612.114412-srg.jar%23424!/:?]
	... 13 more
[27Aug2026 11:17:06.470] [Worker-Main-1/ERROR] [net.minecraft.server.packs.resources.SimpleJsonResourceReloadListener/]: Couldn't parse data file cataclysm:cursed_bow from cataclysm:recipes/cursed_bow.json
com.google.gson.JsonParseException: java.io.EOFException: End of input at line 1 column 1 path $
	at net.minecraft.util.GsonHelper.m_13780_(GsonHelper.java:526) ~[server-1.20.1-20230612.114412-srg.jar%23424!/:?]
	at net.minecraft.util.GsonHelper.m_263475_(GsonHelper.java:531) ~[server-1.20.1-20230612.114412-srg.jar%23424!/:?]
	at net.minecraft.util.GsonHelper.m_13776_(GsonHelper.java:581) ~[server-1.20.1-20230612.114412-srg.jar%23424!/:?]
	at net.minecraft.server.packs.resources.SimpleJsonResourceReloadListener.m_278771_(SimpleJsonResourceReloadListener.java:41) ~[server-1.20.1-20230612.114412-srg.jar%23424!/:?]
	at net.minecraft.server.packs.resources.SimpleJsonResourceReloadListener.m_5944_(SimpleJsonResourceReloadListener.java:29) ~[server-1.20.1-20230612.114412-srg.jar%23424!/:?]
	at net.minecraft.server.packs.resources.SimpleJsonResourceReloadListener.m_5944_(SimpleJsonResourceReloadListener.java:17) ~[server-1.20.1-20230612.114412-srg.jar%23424!/:?]
	at net.minecraft.server.packs.resources.SimplePreparableReloadListener.m_10786_(SimplePreparableReloadListener.java:11) ~[server-1.20.1-20230612.114412-srg.jar%23424!/:?]
	at java.util.concurrent.CompletableFuture$AsyncSupply.run(CompletableFuture.java:1768) ~[?:?]
	at java.util.concurrent.CompletableFuture$AsyncSupply.exec(CompletableFuture.java:1760) ~[?:?]
	at java.util.concurrent.ForkJoinTask.doExec(ForkJoinTask.java:373) ~[?:?]
	at java.util.concurrent.ForkJoinPool$WorkQueue.topLevelExec(ForkJoinPool.java:1182) ~[?:?]
	at java.util.concurrent.ForkJoinPool.scan(ForkJoinPool.java:1655) ~[?:?]
	at java.util.concurrent.ForkJoinPool.runWorker(ForkJoinPool.java:1622) ~[?:?]
	at java.util.concurrent.ForkJoinWorkerThread.run(ForkJoinWorkerThread.java:165) ~[?:?]
Caused by: java.io.EOFException: End of input at line 1 column 1 path $
	at com.google.gson.stream.JsonReader.nextNonWhitespace(JsonReader.java:1455) ~[gson-2.10.jar%2372!/:?]
	at com.google.gson.stream.JsonReader.doPeek(JsonReader.java:558) ~[gson-2.10.jar%2372!/:?]
	at com.google.gson.stream.JsonReader.peek(JsonReader.java:433) ~[gson-2.10.jar%2372!/:?]
	at com.google.gson.internal.bind.TypeAdapters$28.read(TypeAdapters.java:769) ~[gson-2.10.jar%2372!/:?]
	at com.google.gson.internal.bind.TypeAdapters$28.read(TypeAdapters.java:725) ~[gson-2.10.jar%2372!/:?]
	at com.google.gson.internal.bind.TypeAdapters$34$1.read(TypeAdapters.java:1007) ~[gson-2.10.jar%2372!/:?]
	at net.minecraft.util.GsonHelper.m_13780_(GsonHelper.java:524) ~[server-1.20.1-20230612.114412-srg.jar%23424!/:?]
	... 13 more
[27Aug2026 11:17:06.471] [Worker-Main-1/ERROR] [net.minecraft.server.packs.resources.SimpleJsonResourceReloadListener/]: Couldn't parse data file irons_spellbooks:cursed_doll_spell_book from irons_spellbooks:recipes/cursed_doll_spell_book.json
com.google.gson.JsonParseException: java.io.EOFException: End of input at line 1 column 1 path $
	at net.minecraft.util.GsonHelper.m_13780_(GsonHelper.java:526) ~[server-1.20.1-20230612.114412-srg.jar%23424!/:?]
	at net.minecraft.util.GsonHelper.m_263475_(GsonHelper.java:531) ~[server-1.20.1-20230612.114412-srg.jar%23424!/:?]
	at net.minecraft.util.GsonHelper.m_13776_(GsonHelper.java:581) ~[server-1.20.1-20230612.114412-srg.jar%23424!/:?]
	at net.minecraft.server.packs.resources.SimpleJsonResourceReloadListener.m_278771_(SimpleJsonResourceReloadListener.java:41) ~[server-1.20.1-20230612.114412-srg.jar%23424!/:?]
	at net.minecraft.server.packs.resources.SimpleJsonResourceReloadListener.m_5944_(SimpleJsonResourceReloadListener.java:29) ~[server-1.20.1-20230612.114412-srg.jar%23424!/:?]
	at net.minecraft.server.packs.resources.SimpleJsonResourceReloadListener.m_5944_(SimpleJsonResourceReloadListener.java:17) ~[server-1.20.1-20230612.114412-srg.jar%23424!/:?]
	at net.minecraft.server.packs.resources.SimplePreparableReloadListener.m_10786_(SimplePreparableReloadListener.java:11) ~[server-1.20.1-20230612.114412-srg.jar%23424!/:?]
	at java.util.concurrent.CompletableFuture$AsyncSupply.run(CompletableFuture.java:1768) ~[?:?]
	at java.util.concurrent.CompletableFuture$AsyncSupply.exec(CompletableFuture.java:1760) ~[?:?]
	at java.util.concurrent.ForkJoinTask.doExec(ForkJoinTask.java:373) ~[?:?]
	at java.util.concurrent.ForkJoinPool$WorkQueue.topLevelExec(ForkJoinPool.java:1182) ~[?:?]
	at java.util.concurrent.ForkJoinPool.scan(ForkJoinPool.java:1655) ~[?:?]
	at java.util.concurrent.ForkJoinPool.runWorker(ForkJoinPool.java:1622) ~[?:?]
	at java.util.concurrent.ForkJoinWorkerThread.run(ForkJoinWorkerThread.java:165) ~[?:?]
Caused by: java.io.EOFException: End of input at line 1 column 1 path $
	at com.google.gson.stream.JsonReader.nextNonWhitespace(JsonReader.java:1455) ~[gson-2.10.jar%2372!/:?]
	at com.google.gson.stream.JsonReader.doPeek(JsonReader.java:558) ~[gson-2.10.jar%2372!/:?]
	at com.google.gson.stream.JsonReader.peek(JsonReader.java:433) ~[gson-2.10.jar%2372!/:?]
	at com.google.gson.internal.bind.TypeAdapters$28.read(TypeAdapters.java:769) ~[gson-2.10.jar%2372!/:?]
	at com.google.gson.internal.bind.TypeAdapters$28.read(TypeAdapters.java:725) ~[gson-2.10.jar%2372!/:?]
	at com.google.gson.internal.bind.TypeAdapters$34$1.read(TypeAdapters.java:1007) ~[gson-2.10.jar%2372!/:?]
	at net.minecraft.util.GsonHelper.m_13780_(GsonHelper.java:524) ~[server-1.20.1-20230612.114412-srg.jar%23424!/:?]
	... 13 more
[27Aug2026 11:17:06.481] [Worker-Main-1/ERROR] [net.minecraft.server.packs.resources.SimpleJsonResourceReloadListener/]: Couldn't parse data file irons_spellbooks:decrepit_scythe_repair from irons_spellbooks:recipes/decrepit_scythe_repair.json
com.google.gson.JsonParseException: java.io.EOFException: End of input at line 1 column 1 path $
	at net.minecraft.util.GsonHelper.m_13780_(GsonHelper.java:526) ~[server-1.20.1-20230612.114412-srg.jar%23424!/:?]
	at net.minecraft.util.GsonHelper.m_263475_(GsonHelper.java:531) ~[server-1.20.1-20230612.114412-srg.jar%23424!/:?]
	at net.minecraft.util.GsonHelper.m_13776_(GsonHelper.java:581) ~[server-1.20.1-20230612.114412-srg.jar%23424!/:?]
	at net.minecraft.server.packs.resources.SimpleJsonResourceReloadListener.m_278771_(SimpleJsonResourceReloadListener.java:41) ~[server-1.20.1-20230612.114412-srg.jar%23424!/:?]
	at net.minecraft.server.packs.resources.SimpleJsonResourceReloadListener.m_5944_(SimpleJsonResourceReloadListener.java:29) ~[server-1.20.1-20230612.114412-srg.jar%23424!/:?]
	at net.minecraft.server.packs.resources.SimpleJsonResourceReloadListener.m_5944_(SimpleJsonResourceReloadListener.java:17) ~[server-1.20.1-20230612.114412-srg.jar%23424!/:?]
	at net.minecraft.server.packs.resources.SimplePreparableReloadListener.m_10786_(SimplePreparableReloadListener.java:11) ~[server-1.20.1-20230612.114412-srg.jar%23424!/:?]
	at java.util.concurrent.CompletableFuture$AsyncSupply.run(CompletableFuture.java:1768) ~[?:?]
	at java.util.concurrent.CompletableFuture$AsyncSupply.exec(CompletableFuture.java:1760) ~[?:?]
	at java.util.concurrent.ForkJoinTask.doExec(ForkJoinTask.java:373) ~[?:?]
	at java.util.concurrent.ForkJoinPool$WorkQueue.topLevelExec(ForkJoinPool.java:1182) ~[?:?]
	at java.util.concurrent.ForkJoinPool.scan(ForkJoinPool.java:1655) ~[?:?]
	at java.util.concurrent.ForkJoinPool.runWorker(ForkJoinPool.java:1622) ~[?:?]
	at java.util.concurrent.ForkJoinWorkerThread.run(ForkJoinWorkerThread.java:165) ~[?:?]
Caused by: java.io.EOFException: End of input at line 1 column 1 path $
	at com.google.gson.stream.JsonReader.nextNonWhitespace(JsonReader.java:1455) ~[gson-2.10.jar%2372!/:?]
	at com.google.gson.stream.JsonReader.doPeek(JsonReader.java:558) ~[gson-2.10.jar%2372!/:?]
	at com.google.gson.stream.JsonReader.peek(JsonReader.java:433) ~[gson-2.10.jar%2372!/:?]
	at com.google.gson.internal.bind.TypeAdapters$28.read(TypeAdapters.java:769) ~[gson-2.10.jar%2372!/:?]
	at com.google.gson.internal.bind.TypeAdapters$28.read(TypeAdapters.java:725) ~[gson-2.10.jar%2372!/:?]
	at com.google.gson.internal.bind.TypeAdapters$34$1.read(TypeAdapters.java:1007) ~[gson-2.10.jar%2372!/:?]
	at net.minecraft.util.GsonHelper.m_13780_(GsonHelper.java:524) ~[server-1.20.1-20230612.114412-srg.jar%23424!/:?]
	... 13 more
[27Aug2026 11:17:06.485] [Worker-Main-1/ERROR] [net.minecraft.server.packs.resources.SimpleJsonResourceReloadListener/]: Couldn't parse data file fromtheshadows:devil_splitter from fromtheshadows:recipes/devil_splitter.json
com.google.gson.JsonParseException: java.io.EOFException: End of input at line 1 column 1 path $
	at net.minecraft.util.GsonHelper.m_13780_(GsonHelper.java:526) ~[server-1.20.1-20230612.114412-srg.jar%23424!/:?]
	at net.minecraft.util.GsonHelper.m_263475_(GsonHelper.java:531) ~[server-1.20.1-20230612.114412-srg.jar%23424!/:?]
	at net.minecraft.util.GsonHelper.m_13776_(GsonHelper.java:581) ~[server-1.20.1-20230612.114412-srg.jar%23424!/:?]
	at net.minecraft.server.packs.resources.SimpleJsonResourceReloadListener.m_278771_(SimpleJsonResourceReloadListener.java:41) ~[server-1.20.1-20230612.114412-srg.jar%23424!/:?]
	at net.minecraft.server.packs.resources.SimpleJsonResourceReloadListener.m_5944_(SimpleJsonResourceReloadListener.java:29) ~[server-1.20.1-20230612.114412-srg.jar%23424!/:?]
	at net.minecraft.server.packs.resources.SimpleJsonResourceReloadListener.m_5944_(SimpleJsonResourceReloadListener.java:17) ~[server-1.20.1-20230612.114412-srg.jar%23424!/:?]
	at net.minecraft.server.packs.resources.SimplePreparableReloadListener.m_10786_(SimplePreparableReloadListener.java:11) ~[server-1.20.1-20230612.114412-srg.jar%23424!/:?]
	at java.util.concurrent.CompletableFuture$AsyncSupply.run(CompletableFuture.java:1768) ~[?:?]
	at java.util.concurrent.CompletableFuture$AsyncSupply.exec(CompletableFuture.java:1760) ~[?:?]
	at java.util.concurrent.ForkJoinTask.doExec(ForkJoinTask.java:373) ~[?:?]
	at java.util.concurrent.ForkJoinPool$WorkQueue.topLevelExec(ForkJoinPool.java:1182) ~[?:?]
	at java.util.concurrent.ForkJoinPool.scan(ForkJoinPool.java:1655) ~[?:?]
	at java.util.concurrent.ForkJoinPool.runWorker(ForkJoinPool.java:1622) ~[?:?]
	at java.util.concurrent.ForkJoinWorkerThread.run(ForkJoinWorkerThread.java:165) ~[?:?]
Caused by: java.io.EOFException: End of input at line 1 column 1 path $
	at com.google.gson.stream.JsonReader.nextNonWhitespace(JsonReader.java:1455) ~[gson-2.10.jar%2372!/:?]
	at com.google.gson.stream.JsonReader.doPeek(JsonReader.java:558) ~[gson-2.10.jar%2372!/:?]
	at com.google.gson.stream.JsonReader.peek(JsonReader.java:433) ~[gson-2.10.jar%2372!/:?]
	at com.google.gson.internal.bind.TypeAdapters$28.read(TypeAdapters.java:769) ~[gson-2.10.jar%2372!/:?]
	at com.google.gson.internal.bind.TypeAdapters$28.read(TypeAdapters.java:725) ~[gson-2.10.jar%2372!/:?]
	at com.google.gson.internal.bind.TypeAdapters$34$1.read(TypeAdapters.java:1007) ~[gson-2.10.jar%2372!/:?]
	at net.minecraft.util.GsonHelper.m_13780_(GsonHelper.java:524) ~[server-1.20.1-20230612.114412-srg.jar%23424!/:?]
	... 13 more
[27Aug2026 11:17:06.489] [Worker-Main-1/ERROR] [net.minecraft.server.packs.resources.SimpleJsonResourceReloadListener/]: Couldn't parse data file irons_spellbooks:diamond_spell_book from irons_spellbooks:recipes/diamond_spell_book.json
com.google.gson.JsonParseException: java.io.EOFException: End of input at line 1 column 1 path $
	at net.minecraft.util.GsonHelper.m_13780_(GsonHelper.java:526) ~[server-1.20.1-20230612.114412-srg.jar%23424!/:?]
	at net.minecraft.util.GsonHelper.m_263475_(GsonHelper.java:531) ~[server-1.20.1-20230612.114412-srg.jar%23424!/:?]
	at net.minecraft.util.GsonHelper.m_13776_(GsonHelper.java:581) ~[server-1.20.1-20230612.114412-srg.jar%23424!/:?]
	at net.minecraft.server.packs.resources.SimpleJsonResourceReloadListener.m_278771_(SimpleJsonResourceReloadListener.java:41) ~[server-1.20.1-20230612.114412-srg.jar%23424!/:?]
	at net.minecraft.server.packs.resources.SimpleJsonResourceReloadListener.m_5944_(SimpleJsonResourceReloadListener.java:29) ~[server-1.20.1-20230612.114412-srg.jar%23424!/:?]
	at net.minecraft.server.packs.resources.SimpleJsonResourceReloadListener.m_5944_(SimpleJsonResourceReloadListener.java:17) ~[server-1.20.1-20230612.114412-srg.jar%23424!/:?]
	at net.minecraft.server.packs.resources.SimplePreparableReloadListener.m_10786_(SimplePreparableReloadListener.java:11) ~[server-1.20.1-20230612.114412-srg.jar%23424!/:?]
	at java.util.concurrent.CompletableFuture$AsyncSupply.run(CompletableFuture.java:1768) ~[?:?]
	at java.util.concurrent.CompletableFuture$AsyncSupply.exec(CompletableFuture.java:1760) ~[?:?]
	at java.util.concurrent.ForkJoinTask.doExec(ForkJoinTask.java:373) ~[?:?]
	at java.util.concurrent.ForkJoinPool$WorkQueue.topLevelExec(ForkJoinPool.java:1182) ~[?:?]
	at java.util.concurrent.ForkJoinPool.scan(ForkJoinPool.java:1655) ~[?:?]
	at java.util.concurrent.ForkJoinPool.runWorker(ForkJoinPool.java:1622) ~[?:?]
	at java.util.concurrent.ForkJoinWorkerThread.run(ForkJoinWorkerThread.java:165) ~[?:?]
Caused by: java.io.EOFException: End of input at line 1 column 1 path $
	at com.google.gson.stream.JsonReader.nextNonWhitespace(JsonReader.java:1455) ~[gson-2.10.jar%2372!/:?]
	at com.google.gson.stream.JsonReader.doPeek(JsonReader.java:558) ~[gson-2.10.jar%2372!/:?]
	at com.google.gson.stream.JsonReader.peek(JsonReader.java:433) ~[gson-2.10.jar%2372!/:?]
	at com.google.gson.internal.bind.TypeAdapters$28.read(TypeAdapters.java:769) ~[gson-2.10.jar%2372!/:?]
	at com.google.gson.internal.bind.TypeAdapters$28.read(TypeAdapters.java:725) ~[gson-2.10.jar%2372!/:?]
	at com.google.gson.internal.bind.TypeAdapters$34$1.read(TypeAdapters.java:1007) ~[gson-2.10.jar%2372!/:?]
	at net.minecraft.util.GsonHelper.m_13780_(GsonHelper.java:524) ~[server-1.20.1-20230612.114412-srg.jar%23424!/:?]
	... 13 more
[27Aug2026 11:17:06.492] [Worker-Main-1/ERROR] [net.minecraft.server.packs.resources.SimpleJsonResourceReloadListener/]: Couldn't parse data file irons_spellbooks:dragonskin_spell_book from irons_spellbooks:recipes/dragonskin_spell_book.json
com.google.gson.JsonParseException: java.io.EOFException: End of input at line 1 column 1 path $
	at net.minecraft.util.GsonHelper.m_13780_(GsonHelper.java:526) ~[server-1.20.1-20230612.114412-srg.jar%23424!/:?]
	at net.minecraft.util.GsonHelper.m_263475_(GsonHelper.java:531) ~[server-1.20.1-20230612.114412-srg.jar%23424!/:?]
	at net.minecraft.util.GsonHelper.m_13776_(GsonHelper.java:581) ~[server-1.20.1-20230612.114412-srg.jar%23424!/:?]
	at net.minecraft.server.packs.resources.SimpleJsonResourceReloadListener.m_278771_(SimpleJsonResourceReloadListener.java:41) ~[server-1.20.1-20230612.114412-srg.jar%23424!/:?]
	at net.minecraft.server.packs.resources.SimpleJsonResourceReloadListener.m_5944_(SimpleJsonResourceReloadListener.java:29) ~[server-1.20.1-20230612.114412-srg.jar%23424!/:?]
	at net.minecraft.server.packs.resources.SimpleJsonResourceReloadListener.m_5944_(SimpleJsonResourceReloadListener.java:17) ~[server-1.20.1-20230612.114412-srg.jar%23424!/:?]
	at net.minecraft.server.packs.resources.SimplePreparableReloadListener.m_10786_(SimplePreparableReloadListener.java:11) ~[server-1.20.1-20230612.114412-srg.jar%23424!/:?]
	at java.util.concurrent.CompletableFuture$AsyncSupply.run(CompletableFuture.java:1768) ~[?:?]
	at java.util.concurrent.CompletableFuture$AsyncSupply.exec(CompletableFuture.java:1760) ~[?:?]
	at java.util.concurrent.ForkJoinTask.doExec(ForkJoinTask.java:373) ~[?:?]
	at java.util.concurrent.ForkJoinPool$WorkQueue.topLevelExec(ForkJoinPool.java:1182) ~[?:?]
	at java.util.concurrent.ForkJoinPool.scan(ForkJoinPool.java:1655) ~[?:?]
	at java.util.concurrent.ForkJoinPool.runWorker(ForkJoinPool.java:1622) ~[?:?]
	at java.util.concurrent.ForkJoinWorkerThread.run(ForkJoinWorkerThread.java:165) ~[?:?]
Caused by: java.io.EOFException: End of input at line 1 column 1 path $
	at com.google.gson.stream.JsonReader.nextNonWhitespace(JsonReader.java:1455) ~[gson-2.10.jar%2372!/:?]
	at com.google.gson.stream.JsonReader.doPeek(JsonReader.java:558) ~[gson-2.10.jar%2372!/:?]
	at com.google.gson.stream.JsonReader.peek(JsonReader.java:433) ~[gson-2.10.jar%2372!/:?]
	at com.google.gson.internal.bind.TypeAdapters$28.read(TypeAdapters.java:769) ~[gson-2.10.jar%2372!/:?]
	at com.google.gson.internal.bind.TypeAdapters$28.read(TypeAdapters.java:725) ~[gson-2.10.jar%2372!/:?]
	at com.google.gson.internal.bind.TypeAdapters$34$1.read(TypeAdapters.java:1007) ~[gson-2.10.jar%2372!/:?]
	at net.minecraft.util.GsonHelper.m_13780_(GsonHelper.java:524) ~[server-1.20.1-20230612.114412-srg.jar%23424!/:?]
	... 13 more
[27Aug2026 11:17:06.493] [Worker-Main-1/ERROR] [net.minecraft.server.packs.resources.SimpleJsonResourceReloadListener/]: Couldn't parse data file irons_spellbooks:druidic_spell_book from irons_spellbooks:recipes/druidic_spell_book.json
com.google.gson.JsonParseException: java.io.EOFException: End of input at line 1 column 1 path $
	at net.minecraft.util.GsonHelper.m_13780_(GsonHelper.java:526) ~[server-1.20.1-20230612.114412-srg.jar%23424!/:?]
	at net.minecraft.util.GsonHelper.m_263475_(GsonHelper.java:531) ~[server-1.20.1-20230612.114412-srg.jar%23424!/:?]
	at net.minecraft.util.GsonHelper.m_13776_(GsonHelper.java:581) ~[server-1.20.1-20230612.114412-srg.jar%23424!/:?]
	at net.minecraft.server.packs.resources.SimpleJsonResourceReloadListener.m_278771_(SimpleJsonResourceReloadListener.java:41) ~[server-1.20.1-20230612.114412-srg.jar%23424!/:?]
	at net.minecraft.server.packs.resources.SimpleJsonResourceReloadListener.m_5944_(SimpleJsonResourceReloadListener.java:29) ~[server-1.20.1-20230612.114412-srg.jar%23424!/:?]
	at net.minecraft.server.packs.resources.SimpleJsonResourceReloadListener.m_5944_(SimpleJsonResourceReloadListener.java:17) ~[server-1.20.1-20230612.114412-srg.jar%23424!/:?]
	at net.minecraft.server.packs.resources.SimplePreparableReloadListener.m_10786_(SimplePreparableReloadListener.java:11) ~[server-1.20.1-20230612.114412-srg.jar%23424!/:?]
	at java.util.concurrent.CompletableFuture$AsyncSupply.run(CompletableFuture.java:1768) ~[?:?]
	at java.util.concurrent.CompletableFuture$AsyncSupply.exec(CompletableFuture.java:1760) ~[?:?]
	at java.util.concurrent.ForkJoinTask.doExec(ForkJoinTask.java:373) ~[?:?]
	at java.util.concurrent.ForkJoinPool$WorkQueue.topLevelExec(ForkJoinPool.java:1182) ~[?:?]
	at java.util.concurrent.ForkJoinPool.scan(ForkJoinPool.java:1655) ~[?:?]
	at java.util.concurrent.ForkJoinPool.runWorker(ForkJoinPool.java:1622) ~[?:?]
	at java.util.concurrent.ForkJoinWorkerThread.run(ForkJoinWorkerThread.java:165) ~[?:?]
Caused by: java.io.EOFException: End of input at line 1 column 1 path $
	at com.google.gson.stream.JsonReader.nextNonWhitespace(JsonReader.java:1455) ~[gson-2.10.jar%2372!/:?]
	at com.google.gson.stream.JsonReader.doPeek(JsonReader.java:558) ~[gson-2.10.jar%2372!/:?]
	at com.google.gson.stream.JsonReader.peek(JsonReader.java:433) ~[gson-2.10.jar%2372!/:?]
	at com.google.gson.internal.bind.TypeAdapters$28.read(TypeAdapters.java:769) ~[gson-2.10.jar%2372!/:?]
	at com.google.gson.internal.bind.TypeAdapters$28.read(TypeAdapters.java:725) ~[gson-2.10.jar%2372!/:?]
	at com.google.gson.internal.bind.TypeAdapters$34$1.read(TypeAdapters.java:1007) ~[gson-2.10.jar%2372!/:?]
	at net.minecraft.util.GsonHelper.m_13780_(GsonHelper.java:524) ~[server-1.20.1-20230612.114412-srg.jar%23424!/:?]
	... 13 more
[27Aug2026 11:17:06.494] [Worker-Main-1/ERROR] [net.minecraft.server.packs.resources.SimpleJsonResourceReloadListener/]: Couldn't parse data file efn:duskfire_boots from efn:recipes/duskfire_boots.json
com.google.gson.JsonParseException: java.io.EOFException: End of input at line 1 column 1 path $
	at net.minecraft.util.GsonHelper.m_13780_(GsonHelper.java:526) ~[server-1.20.1-20230612.114412-srg.jar%23424!/:?]
	at net.minecraft.util.GsonHelper.m_263475_(GsonHelper.java:531) ~[server-1.20.1-20230612.114412-srg.jar%23424!/:?]
	at net.minecraft.util.GsonHelper.m_13776_(GsonHelper.java:581) ~[server-1.20.1-20230612.114412-srg.jar%23424!/:?]
	at net.minecraft.server.packs.resources.SimpleJsonResourceReloadListener.m_278771_(SimpleJsonResourceReloadListener.java:41) ~[server-1.20.1-20230612.114412-srg.jar%23424!/:?]
	at net.minecraft.server.packs.resources.SimpleJsonResourceReloadListener.m_5944_(SimpleJsonResourceReloadListener.java:29) ~[server-1.20.1-20230612.114412-srg.jar%23424!/:?]
	at net.minecraft.server.packs.resources.SimpleJsonResourceReloadListener.m_5944_(SimpleJsonResourceReloadListener.java:17) ~[server-1.20.1-20230612.114412-srg.jar%23424!/:?]
	at net.minecraft.server.packs.resources.SimplePreparableReloadListener.m_10786_(SimplePreparableReloadListener.java:11) ~[server-1.20.1-20230612.114412-srg.jar%23424!/:?]
	at java.util.concurrent.CompletableFuture$AsyncSupply.run(CompletableFuture.java:1768) ~[?:?]
	at java.util.concurrent.CompletableFuture$AsyncSupply.exec(CompletableFuture.java:1760) ~[?:?]
	at java.util.concurrent.ForkJoinTask.doExec(ForkJoinTask.java:373) ~[?:?]
	at java.util.concurrent.ForkJoinPool$WorkQueue.topLevelExec(ForkJoinPool.java:1182) ~[?:?]
	at java.util.concurrent.ForkJoinPool.scan(ForkJoinPool.java:1655) ~[?:?]
	at java.util.concurrent.ForkJoinPool.runWorker(ForkJoinPool.java:1622) ~[?:?]
	at java.util.concurrent.ForkJoinWorkerThread.run(ForkJoinWorkerThread.java:165) ~[?:?]
Caused by: java.io.EOFException: End of input at line 1 column 1 path $
	at com.google.gson.stream.JsonReader.nextNonWhitespace(JsonReader.java:1455) ~[gson-2.10.jar%2372!/:?]
	at com.google.gson.stream.JsonReader.doPeek(JsonReader.java:558) ~[gson-2.10.jar%2372!/:?]
	at com.google.gson.stream.JsonReader.peek(JsonReader.java:433) ~[gson-2.10.jar%2372!/:?]
	at com.google.gson.internal.bind.TypeAdapters$28.read(TypeAdapters.java:769) ~[gson-2.10.jar%2372!/:?]
	at com.google.gson.internal.bind.TypeAdapters$28.read(TypeAdapters.java:725) ~[gson-2.10.jar%2372!/:?]
	at com.google.gson.internal.bind.TypeAdapters$34$1.read(TypeAdapters.java:1007) ~[gson-2.10.jar%2372!/:?]
	at net.minecraft.util.GsonHelper.m_13780_(GsonHelper.java:524) ~[server-1.20.1-20230612.114412-srg.jar%23424!/:?]
	... 13 more
[27Aug2026 11:17:06.495] [Worker-Main-1/ERROR] [net.minecraft.server.packs.resources.SimpleJsonResourceReloadListener/]: Couldn't parse data file efn:duskfire_chestplate from efn:recipes/duskfire_chestplate.json
com.google.gson.JsonParseException: java.io.EOFException: End of input at line 1 column 1 path $
	at net.minecraft.util.GsonHelper.m_13780_(GsonHelper.java:526) ~[server-1.20.1-20230612.114412-srg.jar%23424!/:?]
	at net.minecraft.util.GsonHelper.m_263475_(GsonHelper.java:531) ~[server-1.20.1-20230612.114412-srg.jar%23424!/:?]
	at net.minecraft.util.GsonHelper.m_13776_(GsonHelper.java:581) ~[server-1.20.1-20230612.114412-srg.jar%23424!/:?]
	at net.minecraft.server.packs.resources.SimpleJsonResourceReloadListener.m_278771_(SimpleJsonResourceReloadListener.java:41) ~[server-1.20.1-20230612.114412-srg.jar%23424!/:?]
	at net.minecraft.server.packs.resources.SimpleJsonResourceReloadListener.m_5944_(SimpleJsonResourceReloadListener.java:29) ~[server-1.20.1-20230612.114412-srg.jar%23424!/:?]
	at net.minecraft.server.packs.resources.SimpleJsonResourceReloadListener.m_5944_(SimpleJsonResourceReloadListener.java:17) ~[server-1.20.1-20230612.114412-srg.jar%23424!/:?]
	at net.minecraft.server.packs.resources.SimplePreparableReloadListener.m_10786_(SimplePreparableReloadListener.java:11) ~[server-1.20.1-20230612.114412-srg.jar%23424!/:?]
	at java.util.concurrent.CompletableFuture$AsyncSupply.run(CompletableFuture.java:1768) ~[?:?]
	at java.util.concurrent.CompletableFuture$AsyncSupply.exec(CompletableFuture.java:1760) ~[?:?]
	at java.util.concurrent.ForkJoinTask.doExec(ForkJoinTask.java:373) ~[?:?]
	at java.util.concurrent.ForkJoinPool$WorkQueue.topLevelExec(ForkJoinPool.java:1182) ~[?:?]
	at java.util.concurrent.ForkJoinPool.scan(ForkJoinPool.java:1655) ~[?:?]
	at java.util.concurrent.ForkJoinPool.runWorker(ForkJoinPool.java:1622) ~[?:?]
	at java.util.concurrent.ForkJoinWorkerThread.run(ForkJoinWorkerThread.java:165) ~[?:?]
Caused by: java.io.EOFException: End of input at line 1 column 1 path $
	at com.google.gson.stream.JsonReader.nextNonWhitespace(JsonReader.java:1455) ~[gson-2.10.jar%2372!/:?]
	at com.google.gson.stream.JsonReader.doPeek(JsonReader.java:558) ~[gson-2.10.jar%2372!/:?]
	at com.google.gson.stream.JsonReader.peek(JsonReader.java:433) ~[gson-2.10.jar%2372!/:?]
	at com.google.gson.internal.bind.TypeAdapters$28.read(TypeAdapters.java:769) ~[gson-2.10.jar%2372!/:?]
	at com.google.gson.internal.bind.TypeAdapters$28.read(TypeAdapters.java:725) ~[gson-2.10.jar%2372!/:?]
	at com.google.gson.internal.bind.TypeAdapters$34$1.read(TypeAdapters.java:1007) ~[gson-2.10.jar%2372!/:?]
	at net.minecraft.util.GsonHelper.m_13780_(GsonHelper.java:524) ~[server-1.20.1-20230612.114412-srg.jar%23424!/:?]
	... 13 more
[27Aug2026 11:17:06.495] [Worker-Main-1/ERROR] [net.minecraft.server.packs.resources.SimpleJsonResourceReloadListener/]: Couldn't parse data file efn:duskfire_helmet from efn:recipes/duskfire_helmet.json
com.google.gson.JsonParseException: java.io.EOFException: End of input at line 1 column 1 path $
	at net.minecraft.util.GsonHelper.m_13780_(GsonHelper.java:526) ~[server-1.20.1-20230612.114412-srg.jar%23424!/:?]
	at net.minecraft.util.GsonHelper.m_263475_(GsonHelper.java:531) ~[server-1.20.1-20230612.114412-srg.jar%23424!/:?]
	at net.minecraft.util.GsonHelper.m_13776_(GsonHelper.java:581) ~[server-1.20.1-20230612.114412-srg.jar%23424!/:?]
	at net.minecraft.server.packs.resources.SimpleJsonResourceReloadListener.m_278771_(SimpleJsonResourceReloadListener.java:41) ~[server-1.20.1-20230612.114412-srg.jar%23424!/:?]
	at net.minecraft.server.packs.resources.SimpleJsonResourceReloadListener.m_5944_(SimpleJsonResourceReloadListener.java:29) ~[server-1.20.1-20230612.114412-srg.jar%23424!/:?]
	at net.minecraft.server.packs.resources.SimpleJsonResourceReloadListener.m_5944_(SimpleJsonResourceReloadListener.java:17) ~[server-1.20.1-20230612.114412-srg.jar%23424!/:?]
	at net.minecraft.server.packs.resources.SimplePreparableReloadListener.m_10786_(SimplePreparableReloadListener.java:11) ~[server-1.20.1-20230612.114412-srg.jar%23424!/:?]
	at java.util.concurrent.CompletableFuture$AsyncSupply.run(CompletableFuture.java:1768) ~[?:?]
	at java.util.concurrent.CompletableFuture$AsyncSupply.exec(CompletableFuture.java:1760) ~[?:?]
	at java.util.concurrent.ForkJoinTask.doExec(ForkJoinTask.java:373) ~[?:?]
	at java.util.concurrent.ForkJoinPool$WorkQueue.topLevelExec(ForkJoinPool.java:1182) ~[?:?]
	at java.util.concurrent.ForkJoinPool.scan(ForkJoinPool.java:1655) ~[?:?]
	at java.util.concurrent.ForkJoinPool.runWorker(ForkJoinPool.java:1622) ~[?:?]
	at java.util.concurrent.ForkJoinWorkerThread.run(ForkJoinWorkerThread.java:165) ~[?:?]
Caused by: java.io.EOFException: End of input at line 1 column 1 path $
	at com.google.gson.stream.JsonReader.nextNonWhitespace(JsonReader.java:1455) ~[gson-2.10.jar%2372!/:?]
	at com.google.gson.stream.JsonReader.doPeek(JsonReader.java:558) ~[gson-2.10.jar%2372!/:?]
	at com.google.gson.stream.JsonReader.peek(JsonReader.java:433) ~[gson-2.10.jar%2372!/:?]
	at com.google.gson.internal.bind.TypeAdapters$28.read(TypeAdapters.java:769) ~[gson-2.10.jar%2372!/:?]
	at com.google.gson.internal.bind.TypeAdapters$28.read(TypeAdapters.java:725) ~[gson-2.10.jar%2372!/:?]
	at com.google.gson.internal.bind.TypeAdapters$34$1.read(TypeAdapters.java:1007) ~[gson-2.10.jar%2372!/:?]
	at net.minecraft.util.GsonHelper.m_13780_(GsonHelper.java:524) ~[server-1.20.1-20230612.114412-srg.jar%23424!/:?]
	... 13 more
[27Aug2026 11:17:06.496] [Worker-Main-1/ERROR] [net.minecraft.server.packs.resources.SimpleJsonResourceReloadListener/]: Couldn't parse data file efn:duskfire_leggings from efn:recipes/duskfire_leggings.json
com.google.gson.JsonParseException: java.io.EOFException: End of input at line 1 column 1 path $
	at net.minecraft.util.GsonHelper.m_13780_(GsonHelper.java:526) ~[server-1.20.1-20230612.114412-srg.jar%23424!/:?]
	at net.minecraft.util.GsonHelper.m_263475_(GsonHelper.java:531) ~[server-1.20.1-20230612.114412-srg.jar%23424!/:?]
	at net.minecraft.util.GsonHelper.m_13776_(GsonHelper.java:581) ~[server-1.20.1-20230612.114412-srg.jar%23424!/:?]
	at net.minecraft.server.packs.resources.SimpleJsonResourceReloadListener.m_278771_(SimpleJsonResourceReloadListener.java:41) ~[server-1.20.1-20230612.114412-srg.jar%23424!/:?]
	at net.minecraft.server.packs.resources.SimpleJsonResourceReloadListener.m_5944_(SimpleJsonResourceReloadListener.java:29) ~[server-1.20.1-20230612.114412-srg.jar%23424!/:?]
	at net.minecraft.server.packs.resources.SimpleJsonResourceReloadListener.m_5944_(SimpleJsonResourceReloadListener.java:17) ~[server-1.20.1-20230612.114412-srg.jar%23424!/:?]
	at net.minecraft.server.packs.resources.SimplePreparableReloadListener.m_10786_(SimplePreparableReloadListener.java:11) ~[server-1.20.1-20230612.114412-srg.jar%23424!/:?]
	at java.util.concurrent.CompletableFuture$AsyncSupply.run(CompletableFuture.java:1768) ~[?:?]
	at java.util.concurrent.CompletableFuture$AsyncSupply.exec(CompletableFuture.java:1760) ~[?:?]
	at java.util.concurrent.ForkJoinTask.doExec(ForkJoinTask.java:373) ~[?:?]
	at java.util.concurrent.ForkJoinPool$WorkQueue.topLevelExec(ForkJoinPool.java:1182) ~[?:?]
	at java.util.concurrent.ForkJoinPool.scan(ForkJoinPool.java:1655) ~[?:?]
	at java.util.concurrent.ForkJoinPool.runWorker(ForkJoinPool.java:1622) ~[?:?]
	at java.util.concurrent.ForkJoinWorkerThread.run(ForkJoinWorkerThread.java:165) ~[?:?]
Caused by: java.io.EOFException: End of input at line 1 column 1 path $
	at com.google.gson.stream.JsonReader.nextNonWhitespace(JsonReader.java:1455) ~[gson-2.10.jar%2372!/:?]
	at com.google.gson.stream.JsonReader.doPeek(JsonReader.java:558) ~[gson-2.10.jar%2372!/:?]
	at com.google.gson.stream.JsonReader.peek(JsonReader.java:433) ~[gson-2.10.jar%2372!/:?]
	at com.google.gson.internal.bind.TypeAdapters$28.read(TypeAdapters.java:769) ~[gson-2.10.jar%2372!/:?]
	at com.google.gson.internal.bind.TypeAdapters$28.read(TypeAdapters.java:725) ~[gson-2.10.jar%2372!/:?]
	at com.google.gson.internal.bind.TypeAdapters$34$1.read(TypeAdapters.java:1007) ~[gson-2.10.jar%2372!/:?]
	at net.minecraft.util.GsonHelper.m_13780_(GsonHelper.java:524) ~[server-1.20.1-20230612.114412-srg.jar%23424!/:?]
	... 13 more
[27Aug2026 11:17:06.503] [Worker-Main-1/ERROR] [net.minecraft.server.packs.resources.SimpleJsonResourceReloadListener/]: Couldn't parse data file efn:efn_dodge from efn:recipes/efn_dodge.json
com.google.gson.JsonParseException: java.io.EOFException: End of input at line 1 column 1 path $
	at net.minecraft.util.GsonHelper.m_13780_(GsonHelper.java:526) ~[server-1.20.1-20230612.114412-srg.jar%23424!/:?]
	at net.minecraft.util.GsonHelper.m_263475_(GsonHelper.java:531) ~[server-1.20.1-20230612.114412-srg.jar%23424!/:?]
	at net.minecraft.util.GsonHelper.m_13776_(GsonHelper.java:581) ~[server-1.20.1-20230612.114412-srg.jar%23424!/:?]
	at net.minecraft.server.packs.resources.SimpleJsonResourceReloadListener.m_278771_(SimpleJsonResourceReloadListener.java:41) ~[server-1.20.1-20230612.114412-srg.jar%23424!/:?]
	at net.minecraft.server.packs.resources.SimpleJsonResourceReloadListener.m_5944_(SimpleJsonResourceReloadListener.java:29) ~[server-1.20.1-20230612.114412-srg.jar%23424!/:?]
	at net.minecraft.server.packs.resources.SimpleJsonResourceReloadListener.m_5944_(SimpleJsonResourceReloadListener.java:17) ~[server-1.20.1-20230612.114412-srg.jar%23424!/:?]
	at net.minecraft.server.packs.resources.SimplePreparableReloadListener.m_10786_(SimplePreparableReloadListener.java:11) ~[server-1.20.1-20230612.114412-srg.jar%23424!/:?]
	at java.util.concurrent.CompletableFuture$AsyncSupply.run(CompletableFuture.java:1768) ~[?:?]
	at java.util.concurrent.CompletableFuture$AsyncSupply.exec(CompletableFuture.java:1760) ~[?:?]
	at java.util.concurrent.ForkJoinTask.doExec(ForkJoinTask.java:373) ~[?:?]
	at java.util.concurrent.ForkJoinPool$WorkQueue.topLevelExec(ForkJoinPool.java:1182) ~[?:?]
	at java.util.concurrent.ForkJoinPool.scan(ForkJoinPool.java:1655) ~[?:?]
	at java.util.concurrent.ForkJoinPool.runWorker(ForkJoinPool.java:1622) ~[?:?]
	at java.util.concurrent.ForkJoinWorkerThread.run(ForkJoinWorkerThread.java:165) ~[?:?]
Caused by: java.io.EOFException: End of input at line 1 column 1 path $
	at com.google.gson.stream.JsonReader.nextNonWhitespace(JsonReader.java:1455) ~[gson-2.10.jar%2372!/:?]
	at com.google.gson.stream.JsonReader.doPeek(JsonReader.java:558) ~[gson-2.10.jar%2372!/:?]
	at com.google.gson.stream.JsonReader.peek(JsonReader.java:433) ~[gson-2.10.jar%2372!/:?]
	at com.google.gson.internal.bind.TypeAdapters$28.read(TypeAdapters.java:769) ~[gson-2.10.jar%2372!/:?]
	at com.google.gson.internal.bind.TypeAdapters$28.read(TypeAdapters.java:725) ~[gson-2.10.jar%2372!/:?]
	at com.google.gson.internal.bind.TypeAdapters$34$1.read(TypeAdapters.java:1007) ~[gson-2.10.jar%2372!/:?]
	at net.minecraft.util.GsonHelper.m_13780_(GsonHelper.java:524) ~[server-1.20.1-20230612.114412-srg.jar%23424!/:?]
	... 13 more
[27Aug2026 11:17:06.504] [Worker-Main-1/ERROR] [net.minecraft.server.packs.resources.SimpleJsonResourceReloadListener/]: Couldn't parse data file efn:efn_step from efn:recipes/efn_step.json
com.google.gson.JsonParseException: java.io.EOFException: End of input at line 1 column 1 path $
	at net.minecraft.util.GsonHelper.m_13780_(GsonHelper.java:526) ~[server-1.20.1-20230612.114412-srg.jar%23424!/:?]
	at net.minecraft.util.GsonHelper.m_263475_(GsonHelper.java:531) ~[server-1.20.1-20230612.114412-srg.jar%23424!/:?]
	at net.minecraft.util.GsonHelper.m_13776_(GsonHelper.java:581) ~[server-1.20.1-20230612.114412-srg.jar%23424!/:?]
	at net.minecraft.server.packs.resources.SimpleJsonResourceReloadListener.m_278771_(SimpleJsonResourceReloadListener.java:41) ~[server-1.20.1-20230612.114412-srg.jar%23424!/:?]
	at net.minecraft.server.packs.resources.SimpleJsonResourceReloadListener.m_5944_(SimpleJsonResourceReloadListener.java:29) ~[server-1.20.1-20230612.114412-srg.jar%23424!/:?]
	at net.minecraft.server.packs.resources.SimpleJsonResourceReloadListener.m_5944_(SimpleJsonResourceReloadListener.java:17) ~[server-1.20.1-20230612.114412-srg.jar%23424!/:?]
	at net.minecraft.server.packs.resources.SimplePreparableReloadListener.m_10786_(SimplePreparableReloadListener.java:11) ~[server-1.20.1-20230612.114412-srg.jar%23424!/:?]
	at java.util.concurrent.CompletableFuture$AsyncSupply.run(CompletableFuture.java:1768) ~[?:?]
	at java.util.concurrent.CompletableFuture$AsyncSupply.exec(CompletableFuture.java:1760) ~[?:?]
	at java.util.concurrent.ForkJoinTask.doExec(ForkJoinTask.java:373) ~[?:?]
	at java.util.concurrent.ForkJoinPool$WorkQueue.topLevelExec(ForkJoinPool.java:1182) ~[?:?]
	at java.util.concurrent.ForkJoinPool.scan(ForkJoinPool.java:1655) ~[?:?]
	at java.util.concurrent.ForkJoinPool.runWorker(ForkJoinPool.java:1622) ~[?:?]
	at java.util.concurrent.ForkJoinWorkerThread.run(ForkJoinWorkerThread.java:165) ~[?:?]
Caused by: java.io.EOFException: End of input at line 1 column 1 path $
	at com.google.gson.stream.JsonReader.nextNonWhitespace(JsonReader.java:1455) ~[gson-2.10.jar%2372!/:?]
	at com.google.gson.stream.JsonReader.doPeek(JsonReader.java:558) ~[gson-2.10.jar%2372!/:?]
	at com.google.gson.stream.JsonReader.peek(JsonReader.java:433) ~[gson-2.10.jar%2372!/:?]
	at com.google.gson.internal.bind.TypeAdapters$28.read(TypeAdapters.java:769) ~[gson-2.10.jar%2372!/:?]
	at com.google.gson.internal.bind.TypeAdapters$28.read(TypeAdapters.java:725) ~[gson-2.10.jar%2372!/:?]
	at com.google.gson.internal.bind.TypeAdapters$34$1.read(TypeAdapters.java:1007) ~[gson-2.10.jar%2372!/:?]
	at net.minecraft.util.GsonHelper.m_13780_(GsonHelper.java:524) ~[server-1.20.1-20230612.114412-srg.jar%23424!/:?]
	... 13 more
[27Aug2026 11:17:06.506] [Worker-Main-1/ERROR] [net.minecraft.server.packs.resources.SimpleJsonResourceReloadListener/]: Couldn't parse data file irons_spellbooks:eldritch_manuscript from irons_spellbooks:recipes/eldritch_manuscript.json
com.google.gson.JsonParseException: java.io.EOFException: End of input at line 1 column 1 path $
	at net.minecraft.util.GsonHelper.m_13780_(GsonHelper.java:526) ~[server-1.20.1-20230612.114412-srg.jar%23424!/:?]
	at net.minecraft.util.GsonHelper.m_263475_(GsonHelper.java:531) ~[server-1.20.1-20230612.114412-srg.jar%23424!/:?]
	at net.minecraft.util.GsonHelper.m_13776_(GsonHelper.java:581) ~[server-1.20.1-20230612.114412-srg.jar%23424!/:?]
	at net.minecraft.server.packs.resources.SimpleJsonResourceReloadListener.m_278771_(SimpleJsonResourceReloadListener.java:41) ~[server-1.20.1-20230612.114412-srg.jar%23424!/:?]
	at net.minecraft.server.packs.resources.SimpleJsonResourceReloadListener.m_5944_(SimpleJsonResourceReloadListener.java:29) ~[server-1.20.1-20230612.114412-srg.jar%23424!/:?]
	at net.minecraft.server.packs.resources.SimpleJsonResourceReloadListener.m_5944_(SimpleJsonResourceReloadListener.java:17) ~[server-1.20.1-20230612.114412-srg.jar%23424!/:?]
	at net.minecraft.server.packs.resources.SimplePreparableReloadListener.m_10786_(SimplePreparableReloadListener.java:11) ~[server-1.20.1-20230612.114412-srg.jar%23424!/:?]
	at java.util.concurrent.CompletableFuture$AsyncSupply.run(CompletableFuture.java:1768) ~[?:?]
	at java.util.concurrent.CompletableFuture$AsyncSupply.exec(CompletableFuture.java:1760) ~[?:?]
	at java.util.concurrent.ForkJoinTask.doExec(ForkJoinTask.java:373) ~[?:?]
	at java.util.concurrent.ForkJoinPool$WorkQueue.topLevelExec(ForkJoinPool.java:1182) ~[?:?]
	at java.util.concurrent.ForkJoinPool.scan(ForkJoinPool.java:1655) ~[?:?]
	at java.util.concurrent.ForkJoinPool.runWorker(ForkJoinPool.java:1622) ~[?:?]
	at java.util.concurrent.ForkJoinWorkerThread.run(ForkJoinWorkerThread.java:165) ~[?:?]
Caused by: java.io.EOFException: End of input at line 1 column 1 path $
	at com.google.gson.stream.JsonReader.nextNonWhitespace(JsonReader.java:1455) ~[gson-2.10.jar%2372!/:?]
	at com.google.gson.stream.JsonReader.doPeek(JsonReader.java:558) ~[gson-2.10.jar%2372!/:?]
	at com.google.gson.stream.JsonReader.peek(JsonReader.java:433) ~[gson-2.10.jar%2372!/:?]
	at com.google.gson.internal.bind.TypeAdapters$28.read(TypeAdapters.java:769) ~[gson-2.10.jar%2372!/:?]
	at com.google.gson.internal.bind.TypeAdapters$28.read(TypeAdapters.java:725) ~[gson-2.10.jar%2372!/:?]
	at com.google.gson.internal.bind.TypeAdapters$34$1.read(TypeAdapters.java:1007) ~[gson-2.10.jar%2372!/:?]
	at net.minecraft.util.GsonHelper.m_13780_(GsonHelper.java:524) ~[server-1.20.1-20230612.114412-srg.jar%23424!/:?]
	... 13 more
[27Aug2026 11:17:06.510] [Worker-Main-1/ERROR] [net.minecraft.server.packs.resources.SimpleJsonResourceReloadListener/]: Couldn't parse data file irons_spellbooks:energized_core from irons_spellbooks:recipes/energized_core.json
com.google.gson.JsonParseException: java.io.EOFException: End of input at line 1 column 1 path $
	at net.minecraft.util.GsonHelper.m_13780_(GsonHelper.java:526) ~[server-1.20.1-20230612.114412-srg.jar%23424!/:?]
	at net.minecraft.util.GsonHelper.m_263475_(GsonHelper.java:531) ~[server-1.20.1-20230612.114412-srg.jar%23424!/:?]
	at net.minecraft.util.GsonHelper.m_13776_(GsonHelper.java:581) ~[server-1.20.1-20230612.114412-srg.jar%23424!/:?]
	at net.minecraft.server.packs.resources.SimpleJsonResourceReloadListener.m_278771_(SimpleJsonResourceReloadListener.java:41) ~[server-1.20.1-20230612.114412-srg.jar%23424!/:?]
	at net.minecraft.server.packs.resources.SimpleJsonResourceReloadListener.m_5944_(SimpleJsonResourceReloadListener.java:29) ~[server-1.20.1-20230612.114412-srg.jar%23424!/:?]
	at net.minecraft.server.packs.resources.SimpleJsonResourceReloadListener.m_5944_(SimpleJsonResourceReloadListener.java:17) ~[server-1.20.1-20230612.114412-srg.jar%23424!/:?]
	at net.minecraft.server.packs.resources.SimplePreparableReloadListener.m_10786_(SimplePreparableReloadListener.java:11) ~[server-1.20.1-20230612.114412-srg.jar%23424!/:?]
	at java.util.concurrent.CompletableFuture$AsyncSupply.run(CompletableFuture.java:1768) ~[?:?]
	at java.util.concurrent.CompletableFuture$AsyncSupply.exec(CompletableFuture.java:1760) ~[?:?]
	at java.util.concurrent.ForkJoinTask.doExec(ForkJoinTask.java:373) ~[?:?]
	at java.util.concurrent.ForkJoinPool$WorkQueue.topLevelExec(ForkJoinPool.java:1182) ~[?:?]
	at java.util.concurrent.ForkJoinPool.scan(ForkJoinPool.java:1655) ~[?:?]
	at java.util.concurrent.ForkJoinPool.runWorker(ForkJoinPool.java:1622) ~[?:?]
	at java.util.concurrent.ForkJoinWorkerThread.run(ForkJoinWorkerThread.java:165) ~[?:?]
Caused by: java.io.EOFException: End of input at line 1 column 1 path $
	at com.google.gson.stream.JsonReader.nextNonWhitespace(JsonReader.java:1455) ~[gson-2.10.jar%2372!/:?]
	at com.google.gson.stream.JsonReader.doPeek(JsonReader.java:558) ~[gson-2.10.jar%2372!/:?]
	at com.google.gson.stream.JsonReader.peek(JsonReader.java:433) ~[gson-2.10.jar%2372!/:?]
	at com.google.gson.internal.bind.TypeAdapters$28.read(TypeAdapters.java:769) ~[gson-2.10.jar%2372!/:?]
	at com.google.gson.internal.bind.TypeAdapters$28.read(TypeAdapters.java:725) ~[gson-2.10.jar%2372!/:?]
	at com.google.gson.internal.bind.TypeAdapters$34$1.read(TypeAdapters.java:1007) ~[gson-2.10.jar%2372!/:?]
	at net.minecraft.util.GsonHelper.m_13780_(GsonHelper.java:524) ~[server-1.20.1-20230612.114412-srg.jar%23424!/:?]
	... 13 more
[27Aug2026 11:17:06.513] [Worker-Main-1/ERROR] [net.minecraft.server.packs.resources.SimpleJsonResourceReloadListener/]: Couldn't parse data file efn:exsiliumgladius from efn:recipes/exsiliumgladius.json
com.google.gson.JsonParseException: java.io.EOFException: End of input at line 1 column 1 path $
	at net.minecraft.util.GsonHelper.m_13780_(GsonHelper.java:526) ~[server-1.20.1-20230612.114412-srg.jar%23424!/:?]
	at net.minecraft.util.GsonHelper.m_263475_(GsonHelper.java:531) ~[server-1.20.1-20230612.114412-srg.jar%23424!/:?]
	at net.minecraft.util.GsonHelper.m_13776_(GsonHelper.java:581) ~[server-1.20.1-20230612.114412-srg.jar%23424!/:?]
	at net.minecraft.server.packs.resources.SimpleJsonResourceReloadListener.m_278771_(SimpleJsonResourceReloadListener.java:41) ~[server-1.20.1-20230612.114412-srg.jar%23424!/:?]
	at net.minecraft.server.packs.resources.SimpleJsonResourceReloadListener.m_5944_(SimpleJsonResourceReloadListener.java:29) ~[server-1.20.1-20230612.114412-srg.jar%23424!/:?]
	at net.minecraft.server.packs.resources.SimpleJsonResourceReloadListener.m_5944_(SimpleJsonResourceReloadListener.java:17) ~[server-1.20.1-20230612.114412-srg.jar%23424!/:?]
	at net.minecraft.server.packs.resources.SimplePreparableReloadListener.m_10786_(SimplePreparableReloadListener.java:11) ~[server-1.20.1-20230612.114412-srg.jar%23424!/:?]
	at java.util.concurrent.CompletableFuture$AsyncSupply.run(CompletableFuture.java:1768) ~[?:?]
	at java.util.concurrent.CompletableFuture$AsyncSupply.exec(CompletableFuture.java:1760) ~[?:?]
	at java.util.concurrent.ForkJoinTask.doExec(ForkJoinTask.java:373) ~[?:?]
	at java.util.concurrent.ForkJoinPool$WorkQueue.topLevelExec(ForkJoinPool.java:1182) ~[?:?]
	at java.util.concurrent.ForkJoinPool.scan(ForkJoinPool.java:1655) ~[?:?]
	at java.util.concurrent.ForkJoinPool.runWorker(ForkJoinPool.java:1622) ~[?:?]
	at java.util.concurrent.ForkJoinWorkerThread.run(ForkJoinWorkerThread.java:165) ~[?:?]
Caused by: java.io.EOFException: End of input at line 1 column 1 path $
	at com.google.gson.stream.JsonReader.nextNonWhitespace(JsonReader.java:1455) ~[gson-2.10.jar%2372!/:?]
	at com.google.gson.stream.JsonReader.doPeek(JsonReader.java:558) ~[gson-2.10.jar%2372!/:?]
	at com.google.gson.stream.JsonReader.peek(JsonReader.java:433) ~[gson-2.10.jar%2372!/:?]
	at com.google.gson.internal.bind.TypeAdapters$28.read(TypeAdapters.java:769) ~[gson-2.10.jar%2372!/:?]
	at com.google.gson.internal.bind.TypeAdapters$28.read(TypeAdapters.java:725) ~[gson-2.10.jar%2372!/:?]
	at com.google.gson.internal.bind.TypeAdapters$34$1.read(TypeAdapters.java:1007) ~[gson-2.10.jar%2372!/:?]
	at net.minecraft.util.GsonHelper.m_13780_(GsonHelper.java:524) ~[server-1.20.1-20230612.114412-srg.jar%23424!/:?]
	... 13 more
[27Aug2026 11:17:06.516] [Worker-Main-1/ERROR] [net.minecraft.server.packs.resources.SimpleJsonResourceReloadListener/]: Couldn't parse data file efn:fire_exsiliumgladius from efn:recipes/fire_exsiliumgladius.json
com.google.gson.JsonParseException: java.io.EOFException: End of input at line 1 column 1 path $
	at net.minecraft.util.GsonHelper.m_13780_(GsonHelper.java:526) ~[server-1.20.1-20230612.114412-srg.jar%23424!/:?]
	at net.minecraft.util.GsonHelper.m_263475_(GsonHelper.java:531) ~[server-1.20.1-20230612.114412-srg.jar%23424!/:?]
	at net.minecraft.util.GsonHelper.m_13776_(GsonHelper.java:581) ~[server-1.20.1-20230612.114412-srg.jar%23424!/:?]
	at net.minecraft.server.packs.resources.SimpleJsonResourceReloadListener.m_278771_(SimpleJsonResourceReloadListener.java:41) ~[server-1.20.1-20230612.114412-srg.jar%23424!/:?]
	at net.minecraft.server.packs.resources.SimpleJsonResourceReloadListener.m_5944_(SimpleJsonResourceReloadListener.java:29) ~[server-1.20.1-20230612.114412-srg.jar%23424!/:?]
	at net.minecraft.server.packs.resources.SimpleJsonResourceReloadListener.m_5944_(SimpleJsonResourceReloadListener.java:17) ~[server-1.20.1-20230612.114412-srg.jar%23424!/:?]
	at net.minecraft.server.packs.resources.SimplePreparableReloadListener.m_10786_(SimplePreparableReloadListener.java:11) ~[server-1.20.1-20230612.114412-srg.jar%23424!/:?]
	at java.util.concurrent.CompletableFuture$AsyncSupply.run(CompletableFuture.java:1768) ~[?:?]
	at java.util.concurrent.CompletableFuture$AsyncSupply.exec(CompletableFuture.java:1760) ~[?:?]
	at java.util.concurrent.ForkJoinTask.doExec(ForkJoinTask.java:373) ~[?:?]
	at java.util.concurrent.ForkJoinPool$WorkQueue.topLevelExec(ForkJoinPool.java:1182) ~[?:?]
	at java.util.concurrent.ForkJoinPool.scan(ForkJoinPool.java:1655) ~[?:?]
	at java.util.concurrent.ForkJoinPool.runWorker(ForkJoinPool.java:1622) ~[?:?]
	at java.util.concurrent.ForkJoinWorkerThread.run(ForkJoinWorkerThread.java:165) ~[?:?]
Caused by: java.io.EOFException: End of input at line 1 column 1 path $
	at com.google.gson.stream.JsonReader.nextNonWhitespace(JsonReader.java:1455) ~[gson-2.10.jar%2372!/:?]
	at com.google.gson.stream.JsonReader.doPeek(JsonReader.java:558) ~[gson-2.10.jar%2372!/:?]
	at com.google.gson.stream.JsonReader.peek(JsonReader.java:433) ~[gson-2.10.jar%2372!/:?]
	at com.google.gson.internal.bind.TypeAdapters$28.read(TypeAdapters.java:769) ~[gson-2.10.jar%2372!/:?]
	at com.google.gson.internal.bind.TypeAdapters$28.read(TypeAdapters.java:725) ~[gson-2.10.jar%2372!/:?]
	at com.google.gson.internal.bind.TypeAdapters$34$1.read(TypeAdapters.java:1007) ~[gson-2.10.jar%2372!/:?]
	at net.minecraft.util.GsonHelper.m_13780_(GsonHelper.java:524) ~[server-1.20.1-20230612.114412-srg.jar%23424!/:?]
	... 13 more
[27Aug2026 11:17:06.528] [Worker-Main-1/ERROR] [net.minecraft.server.packs.resources.SimpleJsonResourceReloadListener/]: Couldn't parse data file irons_spellbooks:gold_spell_book from irons_spellbooks:recipes/gold_spell_book.json
com.google.gson.JsonParseException: java.io.EOFException: End of input at line 1 column 1 path $
	at net.minecraft.util.GsonHelper.m_13780_(GsonHelper.java:526) ~[server-1.20.1-20230612.114412-srg.jar%23424!/:?]
	at net.minecraft.util.GsonHelper.m_263475_(GsonHelper.java:531) ~[server-1.20.1-20230612.114412-srg.jar%23424!/:?]
	at net.minecraft.util.GsonHelper.m_13776_(GsonHelper.java:581) ~[server-1.20.1-20230612.114412-srg.jar%23424!/:?]
	at net.minecraft.server.packs.resources.SimpleJsonResourceReloadListener.m_278771_(SimpleJsonResourceReloadListener.java:41) ~[server-1.20.1-20230612.114412-srg.jar%23424!/:?]
	at net.minecraft.server.packs.resources.SimpleJsonResourceReloadListener.m_5944_(SimpleJsonResourceReloadListener.java:29) ~[server-1.20.1-20230612.114412-srg.jar%23424!/:?]
	at net.minecraft.server.packs.resources.SimpleJsonResourceReloadListener.m_5944_(SimpleJsonResourceReloadListener.java:17) ~[server-1.20.1-20230612.114412-srg.jar%23424!/:?]
	at net.minecraft.server.packs.resources.SimplePreparableReloadListener.m_10786_(SimplePreparableReloadListener.java:11) ~[server-1.20.1-20230612.114412-srg.jar%23424!/:?]
	at java.util.concurrent.CompletableFuture$AsyncSupply.run(CompletableFuture.java:1768) ~[?:?]
	at java.util.concurrent.CompletableFuture$AsyncSupply.exec(CompletableFuture.java:1760) ~[?:?]
	at java.util.concurrent.ForkJoinTask.doExec(ForkJoinTask.java:373) ~[?:?]
	at java.util.concurrent.ForkJoinPool$WorkQueue.topLevelExec(ForkJoinPool.java:1182) ~[?:?]
	at java.util.concurrent.ForkJoinPool.scan(ForkJoinPool.java:1655) ~[?:?]
	at java.util.concurrent.ForkJoinPool.runWorker(ForkJoinPool.java:1622) ~[?:?]
	at java.util.concurrent.ForkJoinWorkerThread.run(ForkJoinWorkerThread.java:165) ~[?:?]
Caused by: java.io.EOFException: End of input at line 1 column 1 path $
	at com.google.gson.stream.JsonReader.nextNonWhitespace(JsonReader.java:1455) ~[gson-2.10.jar%2372!/:?]
	at com.google.gson.stream.JsonReader.doPeek(JsonReader.java:558) ~[gson-2.10.jar%2372!/:?]
	at com.google.gson.stream.JsonReader.peek(JsonReader.java:433) ~[gson-2.10.jar%2372!/:?]
	at com.google.gson.internal.bind.TypeAdapters$28.read(TypeAdapters.java:769) ~[gson-2.10.jar%2372!/:?]
	at com.google.gson.internal.bind.TypeAdapters$28.read(TypeAdapters.java:725) ~[gson-2.10.jar%2372!/:?]
	at com.google.gson.internal.bind.TypeAdapters$34$1.read(TypeAdapters.java:1007) ~[gson-2.10.jar%2372!/:?]
	at net.minecraft.util.GsonHelper.m_13780_(GsonHelper.java:524) ~[server-1.20.1-20230612.114412-srg.jar%23424!/:?]
	... 13 more
[27Aug2026 11:17:06.533] [Worker-Main-1/ERROR] [net.minecraft.server.packs.resources.SimpleJsonResourceReloadListener/]: Couldn't parse data file irons_spellbooks:graybeard_staff from irons_spellbooks:recipes/graybeard_staff.json
com.google.gson.JsonParseException: java.io.EOFException: End of input at line 1 column 1 path $
	at net.minecraft.util.GsonHelper.m_13780_(GsonHelper.java:526) ~[server-1.20.1-20230612.114412-srg.jar%23424!/:?]
	at net.minecraft.util.GsonHelper.m_263475_(GsonHelper.java:531) ~[server-1.20.1-20230612.114412-srg.jar%23424!/:?]
	at net.minecraft.util.GsonHelper.m_13776_(GsonHelper.java:581) ~[server-1.20.1-20230612.114412-srg.jar%23424!/:?]
	at net.minecraft.server.packs.resources.SimpleJsonResourceReloadListener.m_278771_(SimpleJsonResourceReloadListener.java:41) ~[server-1.20.1-20230612.114412-srg.jar%23424!/:?]
	at net.minecraft.server.packs.resources.SimpleJsonResourceReloadListener.m_5944_(SimpleJsonResourceReloadListener.java:29) ~[server-1.20.1-20230612.114412-srg.jar%23424!/:?]
	at net.minecraft.server.packs.resources.SimpleJsonResourceReloadListener.m_5944_(SimpleJsonResourceReloadListener.java:17) ~[server-1.20.1-20230612.114412-srg.jar%23424!/:?]
	at net.minecraft.server.packs.resources.SimplePreparableReloadListener.m_10786_(SimplePreparableReloadListener.java:11) ~[server-1.20.1-20230612.114412-srg.jar%23424!/:?]
	at java.util.concurrent.CompletableFuture$AsyncSupply.run(CompletableFuture.java:1768) ~[?:?]
	at java.util.concurrent.CompletableFuture$AsyncSupply.exec(CompletableFuture.java:1760) ~[?:?]
	at java.util.concurrent.ForkJoinTask.doExec(ForkJoinTask.java:373) ~[?:?]
	at java.util.concurrent.ForkJoinPool$WorkQueue.topLevelExec(ForkJoinPool.java:1182) ~[?:?]
	at java.util.concurrent.ForkJoinPool.scan(ForkJoinPool.java:1655) ~[?:?]
	at java.util.concurrent.ForkJoinPool.runWorker(ForkJoinPool.java:1622) ~[?:?]
	at java.util.concurrent.ForkJoinWorkerThread.run(ForkJoinWorkerThread.java:165) ~[?:?]
Caused by: java.io.EOFException: End of input at line 1 column 1 path $
	at com.google.gson.stream.JsonReader.nextNonWhitespace(JsonReader.java:1455) ~[gson-2.10.jar%2372!/:?]
	at com.google.gson.stream.JsonReader.doPeek(JsonReader.java:558) ~[gson-2.10.jar%2372!/:?]
	at com.google.gson.stream.JsonReader.peek(JsonReader.java:433) ~[gson-2.10.jar%2372!/:?]
	at com.google.gson.internal.bind.TypeAdapters$28.read(TypeAdapters.java:769) ~[gson-2.10.jar%2372!/:?]
	at com.google.gson.internal.bind.TypeAdapters$28.read(TypeAdapters.java:725) ~[gson-2.10.jar%2372!/:?]
	at com.google.gson.internal.bind.TypeAdapters$34$1.read(TypeAdapters.java:1007) ~[gson-2.10.jar%2372!/:?]
	at net.minecraft.util.GsonHelper.m_13780_(GsonHelper.java:524) ~[server-1.20.1-20230612.114412-srg.jar%23424!/:?]
	... 13 more
[27Aug2026 11:17:06.536] [Worker-Main-1/ERROR] [net.minecraft.server.packs.resources.SimpleJsonResourceReloadListener/]: Couldn't parse data file irons_spellbooks:ice_spell_book from irons_spellbooks:recipes/ice_spell_book.json
com.google.gson.JsonParseException: java.io.EOFException: End of input at line 1 column 1 path $
	at net.minecraft.util.GsonHelper.m_13780_(GsonHelper.java:526) ~[server-1.20.1-20230612.114412-srg.jar%23424!/:?]
	at net.minecraft.util.GsonHelper.m_263475_(GsonHelper.java:531) ~[server-1.20.1-20230612.114412-srg.jar%23424!/:?]
	at net.minecraft.util.GsonHelper.m_13776_(GsonHelper.java:581) ~[server-1.20.1-20230612.114412-srg.jar%23424!/:?]
	at net.minecraft.server.packs.resources.SimpleJsonResourceReloadListener.m_278771_(SimpleJsonResourceReloadListener.java:41) ~[server-1.20.1-20230612.114412-srg.jar%23424!/:?]
	at net.minecraft.server.packs.resources.SimpleJsonResourceReloadListener.m_5944_(SimpleJsonResourceReloadListener.java:29) ~[server-1.20.1-20230612.114412-srg.jar%23424!/:?]
	at net.minecraft.server.packs.resources.SimpleJsonResourceReloadListener.m_5944_(SimpleJsonResourceReloadListener.java:17) ~[server-1.20.1-20230612.114412-srg.jar%23424!/:?]
	at net.minecraft.server.packs.resources.SimplePreparableReloadListener.m_10786_(SimplePreparableReloadListener.java:11) ~[server-1.20.1-20230612.114412-srg.jar%23424!/:?]
	at java.util.concurrent.CompletableFuture$AsyncSupply.run(CompletableFuture.java:1768) ~[?:?]
	at java.util.concurrent.CompletableFuture$AsyncSupply.exec(CompletableFuture.java:1760) ~[?:?]
	at java.util.concurrent.ForkJoinTask.doExec(ForkJoinTask.java:373) ~[?:?]
	at java.util.concurrent.ForkJoinPool$WorkQueue.topLevelExec(ForkJoinPool.java:1182) ~[?:?]
	at java.util.concurrent.ForkJoinPool.scan(ForkJoinPool.java:1655) ~[?:?]
	at java.util.concurrent.ForkJoinPool.runWorker(ForkJoinPool.java:1622) ~[?:?]
	at java.util.concurrent.ForkJoinWorkerThread.run(ForkJoinWorkerThread.java:165) ~[?:?]
Caused by: java.io.EOFException: End of input at line 1 column 1 path $
	at com.google.gson.stream.JsonReader.nextNonWhitespace(JsonReader.java:1455) ~[gson-2.10.jar%2372!/:?]
	at com.google.gson.stream.JsonReader.doPeek(JsonReader.java:558) ~[gson-2.10.jar%2372!/:?]
	at com.google.gson.stream.JsonReader.peek(JsonReader.java:433) ~[gson-2.10.jar%2372!/:?]
	at com.google.gson.internal.bind.TypeAdapters$28.read(TypeAdapters.java:769) ~[gson-2.10.jar%2372!/:?]
	at com.google.gson.internal.bind.TypeAdapters$28.read(TypeAdapters.java:725) ~[gson-2.10.jar%2372!/:?]
	at com.google.gson.internal.bind.TypeAdapters$34$1.read(TypeAdapters.java:1007) ~[gson-2.10.jar%2372!/:?]
	at net.minecraft.util.GsonHelper.m_13780_(GsonHelper.java:524) ~[server-1.20.1-20230612.114412-srg.jar%23424!/:?]
	... 13 more
[27Aug2026 11:17:06.537] [Worker-Main-1/ERROR] [net.minecraft.server.packs.resources.SimpleJsonResourceReloadListener/]: Couldn't parse data file irons_spellbooks:ice_staff from irons_spellbooks:recipes/ice_staff.json
com.google.gson.JsonParseException: java.io.EOFException: End of input at line 1 column 1 path $
	at net.minecraft.util.GsonHelper.m_13780_(GsonHelper.java:526) ~[server-1.20.1-20230612.114412-srg.jar%23424!/:?]
	at net.minecraft.util.GsonHelper.m_263475_(GsonHelper.java:531) ~[server-1.20.1-20230612.114412-srg.jar%23424!/:?]
	at net.minecraft.util.GsonHelper.m_13776_(GsonHelper.java:581) ~[server-1.20.1-20230612.114412-srg.jar%23424!/:?]
	at net.minecraft.server.packs.resources.SimpleJsonResourceReloadListener.m_278771_(SimpleJsonResourceReloadListener.java:41) ~[server-1.20.1-20230612.114412-srg.jar%23424!/:?]
	at net.minecraft.server.packs.resources.SimpleJsonResourceReloadListener.m_5944_(SimpleJsonResourceReloadListener.java:29) ~[server-1.20.1-20230612.114412-srg.jar%23424!/:?]
	at net.minecraft.server.packs.resources.SimpleJsonResourceReloadListener.m_5944_(SimpleJsonResourceReloadListener.java:17) ~[server-1.20.1-20230612.114412-srg.jar%23424!/:?]
	at net.minecraft.server.packs.resources.SimplePreparableReloadListener.m_10786_(SimplePreparableReloadListener.java:11) ~[server-1.20.1-20230612.114412-srg.jar%23424!/:?]
	at java.util.concurrent.CompletableFuture$AsyncSupply.run(CompletableFuture.java:1768) ~[?:?]
	at java.util.concurrent.CompletableFuture$AsyncSupply.exec(CompletableFuture.java:1760) ~[?:?]
	at java.util.concurrent.ForkJoinTask.doExec(ForkJoinTask.java:373) ~[?:?]
	at java.util.concurrent.ForkJoinPool$WorkQueue.topLevelExec(ForkJoinPool.java:1182) ~[?:?]
	at java.util.concurrent.ForkJoinPool.scan(ForkJoinPool.java:1655) ~[?:?]
	at java.util.concurrent.ForkJoinPool.runWorker(ForkJoinPool.java:1622) ~[?:?]
	at java.util.concurrent.ForkJoinWorkerThread.run(ForkJoinWorkerThread.java:165) ~[?:?]
Caused by: java.io.EOFException: End of input at line 1 column 1 path $
	at com.google.gson.stream.JsonReader.nextNonWhitespace(JsonReader.java:1455) ~[gson-2.10.jar%2372!/:?]
	at com.google.gson.stream.JsonReader.doPeek(JsonReader.java:558) ~[gson-2.10.jar%2372!/:?]
	at com.google.gson.stream.JsonReader.peek(JsonReader.java:433) ~[gson-2.10.jar%2372!/:?]
	at com.google.gson.internal.bind.TypeAdapters$28.read(TypeAdapters.java:769) ~[gson-2.10.jar%2372!/:?]
	at com.google.gson.internal.bind.TypeAdapters$28.read(TypeAdapters.java:725) ~[gson-2.10.jar%2372!/:?]
	at com.google.gson.internal.bind.TypeAdapters$34$1.read(TypeAdapters.java:1007) ~[gson-2.10.jar%2372!/:?]
	at net.minecraft.util.GsonHelper.m_13780_(GsonHelper.java:524) ~[server-1.20.1-20230612.114412-srg.jar%23424!/:?]
	... 13 more
[27Aug2026 11:17:06.538] [Worker-Main-1/ERROR] [net.minecraft.server.packs.resources.SimpleJsonResourceReloadListener/]: Couldn't parse data file irons_spellbooks:inscription_table from irons_spellbooks:recipes/inscription_table.json
com.google.gson.JsonParseException: java.io.EOFException: End of input at line 1 column 1 path $
	at net.minecraft.util.GsonHelper.m_13780_(GsonHelper.java:526) ~[server-1.20.1-20230612.114412-srg.jar%23424!/:?]
	at net.minecraft.util.GsonHelper.m_263475_(GsonHelper.java:531) ~[server-1.20.1-20230612.114412-srg.jar%23424!/:?]
	at net.minecraft.util.GsonHelper.m_13776_(GsonHelper.java:581) ~[server-1.20.1-20230612.114412-srg.jar%23424!/:?]
	at net.minecraft.server.packs.resources.SimpleJsonResourceReloadListener.m_278771_(SimpleJsonResourceReloadListener.java:41) ~[server-1.20.1-20230612.114412-srg.jar%23424!/:?]
	at net.minecraft.server.packs.resources.SimpleJsonResourceReloadListener.m_5944_(SimpleJsonResourceReloadListener.java:29) ~[server-1.20.1-20230612.114412-srg.jar%23424!/:?]
	at net.minecraft.server.packs.resources.SimpleJsonResourceReloadListener.m_5944_(SimpleJsonResourceReloadListener.java:17) ~[server-1.20.1-20230612.114412-srg.jar%23424!/:?]
	at net.minecraft.server.packs.resources.SimplePreparableReloadListener.m_10786_(SimplePreparableReloadListener.java:11) ~[server-1.20.1-20230612.114412-srg.jar%23424!/:?]
	at java.util.concurrent.CompletableFuture$AsyncSupply.run(CompletableFuture.java:1768) ~[?:?]
	at java.util.concurrent.CompletableFuture$AsyncSupply.exec(CompletableFuture.java:1760) ~[?:?]
	at java.util.concurrent.ForkJoinTask.doExec(ForkJoinTask.java:373) ~[?:?]
	at java.util.concurrent.ForkJoinPool$WorkQueue.topLevelExec(ForkJoinPool.java:1182) ~[?:?]
	at java.util.concurrent.ForkJoinPool.scan(ForkJoinPool.java:1655) ~[?:?]
	at java.util.concurrent.ForkJoinPool.runWorker(ForkJoinPool.java:1622) ~[?:?]
	at java.util.concurrent.ForkJoinWorkerThread.run(ForkJoinWorkerThread.java:165) ~[?:?]
Caused by: java.io.EOFException: End of input at line 1 column 1 path $
	at com.google.gson.stream.JsonReader.nextNonWhitespace(JsonReader.java:1455) ~[gson-2.10.jar%2372!/:?]
	at com.google.gson.stream.JsonReader.doPeek(JsonReader.java:558) ~[gson-2.10.jar%2372!/:?]
	at com.google.gson.stream.JsonReader.peek(JsonReader.java:433) ~[gson-2.10.jar%2372!/:?]
	at com.google.gson.internal.bind.TypeAdapters$28.read(TypeAdapters.java:769) ~[gson-2.10.jar%2372!/:?]
	at com.google.gson.internal.bind.TypeAdapters$28.read(TypeAdapters.java:725) ~[gson-2.10.jar%2372!/:?]
	at com.google.gson.internal.bind.TypeAdapters$34$1.read(TypeAdapters.java:1007) ~[gson-2.10.jar%2372!/:?]
	at net.minecraft.util.GsonHelper.m_13780_(GsonHelper.java:524) ~[server-1.20.1-20230612.114412-srg.jar%23424!/:?]
	... 13 more
[27Aug2026 11:17:06.880] [Worker-Main-2/ERROR] [net.minecraftforge.common.ForgeHooks/]: Couldn't parse element loot_tables:beyonddimensions:blocks/mana_pool_pathway
com.google.gson.JsonSyntaxException: Expected name to be an item, was unknown string 'beyonddimensions:mana_pool_pathway'
	at net.minecraft.util.GsonHelper.m_13866_(GsonHelper.java:145) ~[server-1.20.1-20230612.114412-srg.jar%23424!/:?]
	at java.util.Optional.orElseThrow(Optional.java:403) ~[?:?]
	at net.minecraft.util.GsonHelper.m_13874_(GsonHelper.java:145) ~[server-1.20.1-20230612.114412-srg.jar%23424!/:?]
	at net.minecraft.util.GsonHelper.m_13909_(GsonHelper.java:153) ~[server-1.20.1-20230612.114412-srg.jar%23424!/:?]
	at net.minecraft.world.level.storage.loot.entries.LootItem$Serializer.m_7267_(LootItem.java:55) ~[server-1.20.1-20230612.114412-srg.jar%23424!/:?]
	at net.minecraft.world.level.storage.loot.entries.LootItem$Serializer.m_7267_(LootItem.java:40) ~[server-1.20.1-20230612.114412-srg.jar%23424!/:?]
	at net.minecraft.world.level.storage.loot.entries.LootPoolSingletonContainer$Serializer.m_5921_(LootPoolSingletonContainer.java:151) ~[server-1.20.1-20230612.114412-srg.jar%23424!/:?]
	at net.minecraft.world.level.storage.loot.entries.LootPoolSingletonContainer$Serializer.m_5921_(LootPoolSingletonContainer.java:129) ~[server-1.20.1-20230612.114412-srg.jar%23424!/:?]
	at net.minecraft.world.level.storage.loot.entries.LootPoolEntryContainer$Serializer.m_7561_(LootPoolEntryContainer.java:86) ~[server-1.20.1-20230612.114412-srg.jar%23424!/:?]
	at net.minecraft.world.level.storage.loot.entries.LootPoolEntryContainer$Serializer.m_7561_(LootPoolEntryContainer.java:74) ~[server-1.20.1-20230612.114412-srg.jar%23424!/:?]
	at net.minecraft.world.level.storage.loot.GsonAdapterFactory$JsonAdapter.deserialize(GsonAdapterFactory.java:102) ~[server-1.20.1-20230612.114412-srg.jar%23424!/:?]
	at com.google.gson.internal.bind.TreeTypeAdapter.read(TreeTypeAdapter.java:76) ~[gson-2.10.jar%2372!/:?]
	at com.google.gson.internal.bind.TypeAdapterRuntimeTypeWrapper.read(TypeAdapterRuntimeTypeWrapper.java:40) ~[gson-2.10.jar%2372!/:?]
	at com.google.gson.internal.bind.ArrayTypeAdapter.read(ArrayTypeAdapter.java:72) ~[gson-2.10.jar%2372!/:?]
	at com.google.gson.Gson.fromJson(Gson.java:1214) ~[gson-2.10.jar%2372!/:?]
	at com.google.gson.Gson.fromJson(Gson.java:1319) ~[gson-2.10.jar%2372!/:?]
	at com.google.gson.Gson.fromJson(Gson.java:1290) ~[gson-2.10.jar%2372!/:?]
	at com.google.gson.internal.bind.TreeTypeAdapter$GsonContextImpl.deserialize(TreeTypeAdapter.java:179) ~[gson-2.10.jar%2372!/:?]
	at net.minecraft.util.GsonHelper.m_13808_(GsonHelper.java:463) ~[server-1.20.1-20230612.114412-srg.jar%23424!/:?]
	at net.minecraft.util.GsonHelper.m_13836_(GsonHelper.java:471) ~[server-1.20.1-20230612.114412-srg.jar%23424!/:?]
	at net.minecraft.world.level.storage.loot.LootPool$Serializer.deserialize(LootPool.java:192) ~[server-1.20.1-20230612.114412-srg.jar%23424!/:?]
	at net.minecraft.world.level.storage.loot.LootPool$Serializer.deserialize(LootPool.java:189) ~[server-1.20.1-20230612.114412-srg.jar%23424!/:?]
	at com.google.gson.internal.bind.TreeTypeAdapter.read(TreeTypeAdapter.java:76) ~[gson-2.10.jar%2372!/:?]
	at com.google.gson.internal.bind.TypeAdapterRuntimeTypeWrapper.read(TypeAdapterRuntimeTypeWrapper.java:40) ~[gson-2.10.jar%2372!/:?]
	at com.google.gson.internal.bind.ArrayTypeAdapter.read(ArrayTypeAdapter.java:72) ~[gson-2.10.jar%2372!/:?]
	at com.google.gson.Gson.fromJson(Gson.java:1214) ~[gson-2.10.jar%2372!/:?]
	at com.google.gson.Gson.fromJson(Gson.java:1319) ~[gson-2.10.jar%2372!/:?]
	at com.google.gson.Gson.fromJson(Gson.java:1290) ~[gson-2.10.jar%2372!/:?]
	at com.google.gson.internal.bind.TreeTypeAdapter$GsonContextImpl.deserialize(TreeTypeAdapter.java:179) ~[gson-2.10.jar%2372!/:?]
	at net.minecraft.util.GsonHelper.m_13808_(GsonHelper.java:463) ~[server-1.20.1-20230612.114412-srg.jar%23424!/:?]
	at net.minecraft.util.GsonHelper.m_13845_(GsonHelper.java:481) ~[server-1.20.1-20230612.114412-srg.jar%23424!/:?]
	at net.minecraft.world.level.storage.loot.LootTable$Serializer.deserialize(LootTable.java:294) ~[server-1.20.1-20230612.114412-srg.jar%23424!/:?]
	at net.minecraft.world.level.storage.loot.LootTable$Serializer.deserialize(LootTable.java:291) ~[server-1.20.1-20230612.114412-srg.jar%23424!/:?]
	at com.google.gson.internal.bind.TreeTypeAdapter.read(TreeTypeAdapter.java:76) ~[gson-2.10.jar%2372!/:?]
	at com.google.gson.Gson.fromJson(Gson.java:1214) ~[gson-2.10.jar%2372!/:?]
	at com.google.gson.Gson.fromJson(Gson.java:1319) ~[gson-2.10.jar%2372!/:?]
	at com.google.gson.Gson.fromJson(Gson.java:1261) ~[gson-2.10.jar%2372!/:?]
	at net.minecraftforge.common.ForgeHooks.loadLootTable(ForgeHooks.java:871) ~[forge-1.20.1-47.4.4-universal.jar%23429!/:?]
	at net.minecraftforge.common.ForgeHooks.lambda$getLootTableDeserializer$3(ForgeHooks.java:848) ~[forge-1.20.1-47.4.4-universal.jar%23429!/:?]
	at net.minecraft.world.level.storage.loot.LootDataType.deserialize(LootDataType.java:45) ~[server-1.20.1-20230612.114412-srg.jar%23424!/:?]
	at net.minecraft.world.level.storage.loot.LootDataManager.lambda$scheduleElementParse$4(LootDataManager.java:56) ~[server-1.20.1-20230612.114412-srg.jar%23424!/:?]
	at java.util.HashMap.forEach(HashMap.java:1421) ~[?:?]
	at net.minecraft.world.level.storage.loot.LootDataManager.m_278660_(LootDataManager.java:55) ~[server-1.20.1-20230612.114412-srg.jar%23424!/:?]
	at java.util.concurrent.CompletableFuture$AsyncRun.run(CompletableFuture.java:1804) ~[?:?]
	at java.util.concurrent.CompletableFuture$AsyncRun.exec(CompletableFuture.java:1796) ~[?:?]
	at java.util.concurrent.ForkJoinTask.doExec(ForkJoinTask.java:373) ~[?:?]
	at java.util.concurrent.ForkJoinPool$WorkQueue.topLevelExec(ForkJoinPool.java:1182) ~[?:?]
	at java.util.concurrent.ForkJoinPool.scan(ForkJoinPool.java:1655) ~[?:?]
	at java.util.concurrent.ForkJoinPool.runWorker(ForkJoinPool.java:1622) ~[?:?]
	at java.util.concurrent.ForkJoinWorkerThread.run(ForkJoinWorkerThread.java:165) ~[?:?]
[27Aug2026 11:17:07.183] [Worker-Main-1/ERROR] [net.minecraft.server.packs.resources.SimpleJsonResourceReloadListener/]: Couldn't parse data file irons_spellbooks:iron_spell_book from irons_spellbooks:recipes/iron_spell_book.json
com.google.gson.JsonParseException: java.io.EOFException: End of input at line 1 column 1 path $
	at net.minecraft.util.GsonHelper.m_13780_(GsonHelper.java:526) ~[server-1.20.1-20230612.114412-srg.jar%23424!/:?]
	at net.minecraft.util.GsonHelper.m_263475_(GsonHelper.java:531) ~[server-1.20.1-20230612.114412-srg.jar%23424!/:?]
	at net.minecraft.util.GsonHelper.m_13776_(GsonHelper.java:581) ~[server-1.20.1-20230612.114412-srg.jar%23424!/:?]
	at net.minecraft.server.packs.resources.SimpleJsonResourceReloadListener.m_278771_(SimpleJsonResourceReloadListener.java:41) ~[server-1.20.1-20230612.114412-srg.jar%23424!/:?]
	at net.minecraft.server.packs.resources.SimpleJsonResourceReloadListener.m_5944_(SimpleJsonResourceReloadListener.java:29) ~[server-1.20.1-20230612.114412-srg.jar%23424!/:?]
	at net.minecraft.server.packs.resources.SimpleJsonResourceReloadListener.m_5944_(SimpleJsonResourceReloadListener.java:17) ~[server-1.20.1-20230612.114412-srg.jar%23424!/:?]
	at net.minecraft.server.packs.resources.SimplePreparableReloadListener.m_10786_(SimplePreparableReloadListener.java:11) ~[server-1.20.1-20230612.114412-srg.jar%23424!/:?]
	at java.util.concurrent.CompletableFuture$AsyncSupply.run(CompletableFuture.java:1768) ~[?:?]
	at java.util.concurrent.CompletableFuture$AsyncSupply.exec(CompletableFuture.java:1760) ~[?:?]
	at java.util.concurrent.ForkJoinTask.doExec(ForkJoinTask.java:373) ~[?:?]
	at java.util.concurrent.ForkJoinPool$WorkQueue.topLevelExec(ForkJoinPool.java:1182) ~[?:?]
	at java.util.concurrent.ForkJoinPool.scan(ForkJoinPool.java:1655) ~[?:?]
	at java.util.concurrent.ForkJoinPool.runWorker(ForkJoinPool.java:1622) ~[?:?]
	at java.util.concurrent.ForkJoinWorkerThread.run(ForkJoinWorkerThread.java:165) ~[?:?]
Caused by: java.io.EOFException: End of input at line 1 column 1 path $
	at com.google.gson.stream.JsonReader.nextNonWhitespace(JsonReader.java:1455) ~[gson-2.10.jar%2372!/:?]
	at com.google.gson.stream.JsonReader.doPeek(JsonReader.java:558) ~[gson-2.10.jar%2372!/:?]
	at com.google.gson.stream.JsonReader.peek(JsonReader.java:433) ~[gson-2.10.jar%2372!/:?]
	at com.google.gson.internal.bind.TypeAdapters$28.read(TypeAdapters.java:769) ~[gson-2.10.jar%2372!/:?]
	at com.google.gson.internal.bind.TypeAdapters$28.read(TypeAdapters.java:725) ~[gson-2.10.jar%2372!/:?]
	at com.google.gson.internal.bind.TypeAdapters$34$1.read(TypeAdapters.java:1007) ~[gson-2.10.jar%2372!/:?]
	at net.minecraft.util.GsonHelper.m_13780_(GsonHelper.java:524) ~[server-1.20.1-20230612.114412-srg.jar%23424!/:?]
	... 13 more
[27Aug2026 11:17:07.188] [Worker-Main-1/ERROR] [net.minecraft.server.packs.resources.SimpleJsonResourceReloadListener/]: Couldn't parse data file efn:kusabimaru from efn:recipes/kusabimaru.json
com.google.gson.JsonParseException: java.io.EOFException: End of input at line 1 column 1 path $
	at net.minecraft.util.GsonHelper.m_13780_(GsonHelper.java:526) ~[server-1.20.1-20230612.114412-srg.jar%23424!/:?]
	at net.minecraft.util.GsonHelper.m_263475_(GsonHelper.java:531) ~[server-1.20.1-20230612.114412-srg.jar%23424!/:?]
	at net.minecraft.util.GsonHelper.m_13776_(GsonHelper.java:581) ~[server-1.20.1-20230612.114412-srg.jar%23424!/:?]
	at net.minecraft.server.packs.resources.SimpleJsonResourceReloadListener.m_278771_(SimpleJsonResourceReloadListener.java:41) ~[server-1.20.1-20230612.114412-srg.jar%23424!/:?]
	at net.minecraft.server.packs.resources.SimpleJsonResourceReloadListener.m_5944_(SimpleJsonResourceReloadListener.java:29) ~[server-1.20.1-20230612.114412-srg.jar%23424!/:?]
	at net.minecraft.server.packs.resources.SimpleJsonResourceReloadListener.m_5944_(SimpleJsonResourceReloadListener.java:17) ~[server-1.20.1-20230612.114412-srg.jar%23424!/:?]
	at net.minecraft.server.packs.resources.SimplePreparableReloadListener.m_10786_(SimplePreparableReloadListener.java:11) ~[server-1.20.1-20230612.114412-srg.jar%23424!/:?]
	at java.util.concurrent.CompletableFuture$AsyncSupply.run(CompletableFuture.java:1768) ~[?:?]
	at java.util.concurrent.CompletableFuture$AsyncSupply.exec(CompletableFuture.java:1760) ~[?:?]
	at java.util.concurrent.ForkJoinTask.doExec(ForkJoinTask.java:373) ~[?:?]
	at java.util.concurrent.ForkJoinPool$WorkQueue.topLevelExec(ForkJoinPool.java:1182) ~[?:?]
	at java.util.concurrent.ForkJoinPool.scan(ForkJoinPool.java:1655) ~[?:?]
	at java.util.concurrent.ForkJoinPool.runWorker(ForkJoinPool.java:1622) ~[?:?]
	at java.util.concurrent.ForkJoinWorkerThread.run(ForkJoinWorkerThread.java:165) ~[?:?]
Caused by: java.io.EOFException: End of input at line 1 column 1 path $
	at com.google.gson.stream.JsonReader.nextNonWhitespace(JsonReader.java:1455) ~[gson-2.10.jar%2372!/:?]
	at com.google.gson.stream.JsonReader.doPeek(JsonReader.java:558) ~[gson-2.10.jar%2372!/:?]
	at com.google.gson.stream.JsonReader.peek(JsonReader.java:433) ~[gson-2.10.jar%2372!/:?]
	at com.google.gson.internal.bind.TypeAdapters$28.read(TypeAdapters.java:769) ~[gson-2.10.jar%2372!/:?]
	at com.google.gson.internal.bind.TypeAdapters$28.read(TypeAdapters.java:725) ~[gson-2.10.jar%2372!/:?]
	at com.google.gson.internal.bind.TypeAdapters$34$1.read(TypeAdapters.java:1007) ~[gson-2.10.jar%2372!/:?]
	at net.minecraft.util.GsonHelper.m_13780_(GsonHelper.java:524) ~[server-1.20.1-20230612.114412-srg.jar%23424!/:?]
	... 13 more
[27Aug2026 11:17:07.189] [Worker-Main-1/ERROR] [net.minecraft.server.packs.resources.SimpleJsonResourceReloadListener/]: Couldn't parse data file cataclysm:laser_gatling from cataclysm:recipes/laser_gatling.json
com.google.gson.JsonParseException: java.io.EOFException: End of input at line 1 column 1 path $
	at net.minecraft.util.GsonHelper.m_13780_(GsonHelper.java:526) ~[server-1.20.1-20230612.114412-srg.jar%23424!/:?]
	at net.minecraft.util.GsonHelper.m_263475_(GsonHelper.java:531) ~[server-1.20.1-20230612.114412-srg.jar%23424!/:?]
	at net.minecraft.util.GsonHelper.m_13776_(GsonHelper.java:581) ~[server-1.20.1-20230612.114412-srg.jar%23424!/:?]
	at net.minecraft.server.packs.resources.SimpleJsonResourceReloadListener.m_278771_(SimpleJsonResourceReloadListener.java:41) ~[server-1.20.1-20230612.114412-srg.jar%23424!/:?]
	at net.minecraft.server.packs.resources.SimpleJsonResourceReloadListener.m_5944_(SimpleJsonResourceReloadListener.java:29) ~[server-1.20.1-20230612.114412-srg.jar%23424!/:?]
	at net.minecraft.server.packs.resources.SimpleJsonResourceReloadListener.m_5944_(SimpleJsonResourceReloadListener.java:17) ~[server-1.20.1-20230612.114412-srg.jar%23424!/:?]
	at net.minecraft.server.packs.resources.SimplePreparableReloadListener.m_10786_(SimplePreparableReloadListener.java:11) ~[server-1.20.1-20230612.114412-srg.jar%23424!/:?]
	at java.util.concurrent.CompletableFuture$AsyncSupply.run(CompletableFuture.java:1768) ~[?:?]
	at java.util.concurrent.CompletableFuture$AsyncSupply.exec(CompletableFuture.java:1760) ~[?:?]
	at java.util.concurrent.ForkJoinTask.doExec(ForkJoinTask.java:373) ~[?:?]
	at java.util.concurrent.ForkJoinPool$WorkQueue.topLevelExec(ForkJoinPool.java:1182) ~[?:?]
	at java.util.concurrent.ForkJoinPool.scan(ForkJoinPool.java:1655) ~[?:?]
	at java.util.concurrent.ForkJoinPool.runWorker(ForkJoinPool.java:1622) ~[?:?]
	at java.util.concurrent.ForkJoinWorkerThread.run(ForkJoinWorkerThread.java:165) ~[?:?]
Caused by: java.io.EOFException: End of input at line 1 column 1 path $
	at com.google.gson.stream.JsonReader.nextNonWhitespace(JsonReader.java:1455) ~[gson-2.10.jar%2372!/:?]
	at com.google.gson.stream.JsonReader.doPeek(JsonReader.java:558) ~[gson-2.10.jar%2372!/:?]
	at com.google.gson.stream.JsonReader.peek(JsonReader.java:433) ~[gson-2.10.jar%2372!/:?]
	at com.google.gson.internal.bind.TypeAdapters$28.read(TypeAdapters.java:769) ~[gson-2.10.jar%2372!/:?]
	at com.google.gson.internal.bind.TypeAdapters$28.read(TypeAdapters.java:725) ~[gson-2.10.jar%2372!/:?]
	at com.google.gson.internal.bind.TypeAdapters$34$1.read(TypeAdapters.java:1007) ~[gson-2.10.jar%2372!/:?]
	at net.minecraft.util.GsonHelper.m_13780_(GsonHelper.java:524) ~[server-1.20.1-20230612.114412-srg.jar%23424!/:?]
	... 13 more
[27Aug2026 11:17:07.190] [Worker-Main-1/ERROR] [net.minecraft.server.packs.resources.SimpleJsonResourceReloadListener/]: Couldn't parse data file irons_spellbooks:legionnaire_flamberge_repair from irons_spellbooks:recipes/legionnaire_flamberge_repair.json
com.google.gson.JsonParseException: java.io.EOFException: End of input at line 1 column 1 path $
	at net.minecraft.util.GsonHelper.m_13780_(GsonHelper.java:526) ~[server-1.20.1-20230612.114412-srg.jar%23424!/:?]
	at net.minecraft.util.GsonHelper.m_263475_(GsonHelper.java:531) ~[server-1.20.1-20230612.114412-srg.jar%23424!/:?]
	at net.minecraft.util.GsonHelper.m_13776_(GsonHelper.java:581) ~[server-1.20.1-20230612.114412-srg.jar%23424!/:?]
	at net.minecraft.server.packs.resources.SimpleJsonResourceReloadListener.m_278771_(SimpleJsonResourceReloadListener.java:41) ~[server-1.20.1-20230612.114412-srg.jar%23424!/:?]
	at net.minecraft.server.packs.resources.SimpleJsonResourceReloadListener.m_5944_(SimpleJsonResourceReloadListener.java:29) ~[server-1.20.1-20230612.114412-srg.jar%23424!/:?]
	at net.minecraft.server.packs.resources.SimpleJsonResourceReloadListener.m_5944_(SimpleJsonResourceReloadListener.java:17) ~[server-1.20.1-20230612.114412-srg.jar%23424!/:?]
	at net.minecraft.server.packs.resources.SimplePreparableReloadListener.m_10786_(SimplePreparableReloadListener.java:11) ~[server-1.20.1-20230612.114412-srg.jar%23424!/:?]
	at java.util.concurrent.CompletableFuture$AsyncSupply.run(CompletableFuture.java:1768) ~[?:?]
	at java.util.concurrent.CompletableFuture$AsyncSupply.exec(CompletableFuture.java:1760) ~[?:?]
	at java.util.concurrent.ForkJoinTask.doExec(ForkJoinTask.java:373) ~[?:?]
	at java.util.concurrent.ForkJoinPool$WorkQueue.topLevelExec(ForkJoinPool.java:1182) ~[?:?]
	at java.util.concurrent.ForkJoinPool.scan(ForkJoinPool.java:1655) ~[?:?]
	at java.util.concurrent.ForkJoinPool.runWorker(ForkJoinPool.java:1622) ~[?:?]
	at java.util.concurrent.ForkJoinWorkerThread.run(ForkJoinWorkerThread.java:165) ~[?:?]
Caused by: java.io.EOFException: End of input at line 1 column 1 path $
	at com.google.gson.stream.JsonReader.nextNonWhitespace(JsonReader.java:1455) ~[gson-2.10.jar%2372!/:?]
	at com.google.gson.stream.JsonReader.doPeek(JsonReader.java:558) ~[gson-2.10.jar%2372!/:?]
	at com.google.gson.stream.JsonReader.peek(JsonReader.java:433) ~[gson-2.10.jar%2372!/:?]
	at com.google.gson.internal.bind.TypeAdapters$28.read(TypeAdapters.java:769) ~[gson-2.10.jar%2372!/:?]
	at com.google.gson.internal.bind.TypeAdapters$28.read(TypeAdapters.java:725) ~[gson-2.10.jar%2372!/:?]
	at com.google.gson.internal.bind.TypeAdapters$34$1.read(TypeAdapters.java:1007) ~[gson-2.10.jar%2372!/:?]
	at net.minecraft.util.GsonHelper.m_13780_(GsonHelper.java:524) ~[server-1.20.1-20230612.114412-srg.jar%23424!/:?]
	... 13 more
[27Aug2026 11:17:07.199] [Worker-Main-1/ERROR] [net.minecraft.server.packs.resources.SimpleJsonResourceReloadListener/]: Couldn't parse data file cataclysm:meat_shredder from cataclysm:recipes/meat_shredder.json
com.google.gson.JsonParseException: java.io.EOFException: End of input at line 1 column 1 path $
	at net.minecraft.util.GsonHelper.m_13780_(GsonHelper.java:526) ~[server-1.20.1-20230612.114412-srg.jar%23424!/:?]
	at net.minecraft.util.GsonHelper.m_263475_(GsonHelper.java:531) ~[server-1.20.1-20230612.114412-srg.jar%23424!/:?]
	at net.minecraft.util.GsonHelper.m_13776_(GsonHelper.java:581) ~[server-1.20.1-20230612.114412-srg.jar%23424!/:?]
	at net.minecraft.server.packs.resources.SimpleJsonResourceReloadListener.m_278771_(SimpleJsonResourceReloadListener.java:41) ~[server-1.20.1-20230612.114412-srg.jar%23424!/:?]
	at net.minecraft.server.packs.resources.SimpleJsonResourceReloadListener.m_5944_(SimpleJsonResourceReloadListener.java:29) ~[server-1.20.1-20230612.114412-srg.jar%23424!/:?]
	at net.minecraft.server.packs.resources.SimpleJsonResourceReloadListener.m_5944_(SimpleJsonResourceReloadListener.java:17) ~[server-1.20.1-20230612.114412-srg.jar%23424!/:?]
	at net.minecraft.server.packs.resources.SimplePreparableReloadListener.m_10786_(SimplePreparableReloadListener.java:11) ~[server-1.20.1-20230612.114412-srg.jar%23424!/:?]
	at java.util.concurrent.CompletableFuture$AsyncSupply.run(CompletableFuture.java:1768) ~[?:?]
	at java.util.concurrent.CompletableFuture$AsyncSupply.exec(CompletableFuture.java:1760) ~[?:?]
	at java.util.concurrent.ForkJoinTask.doExec(ForkJoinTask.java:373) ~[?:?]
	at java.util.concurrent.ForkJoinPool$WorkQueue.topLevelExec(ForkJoinPool.java:1182) ~[?:?]
	at java.util.concurrent.ForkJoinPool.scan(ForkJoinPool.java:1655) ~[?:?]
	at java.util.concurrent.ForkJoinPool.runWorker(ForkJoinPool.java:1622) ~[?:?]
	at java.util.concurrent.ForkJoinWorkerThread.run(ForkJoinWorkerThread.java:165) ~[?:?]
Caused by: java.io.EOFException: End of input at line 1 column 1 path $
	at com.google.gson.stream.JsonReader.nextNonWhitespace(JsonReader.java:1455) ~[gson-2.10.jar%2372!/:?]
	at com.google.gson.stream.JsonReader.doPeek(JsonReader.java:558) ~[gson-2.10.jar%2372!/:?]
	at com.google.gson.stream.JsonReader.peek(JsonReader.java:433) ~[gson-2.10.jar%2372!/:?]
	at com.google.gson.internal.bind.TypeAdapters$28.read(TypeAdapters.java:769) ~[gson-2.10.jar%2372!/:?]
	at com.google.gson.internal.bind.TypeAdapters$28.read(TypeAdapters.java:725) ~[gson-2.10.jar%2372!/:?]
	at com.google.gson.internal.bind.TypeAdapters$34$1.read(TypeAdapters.java:1007) ~[gson-2.10.jar%2372!/:?]
	at net.minecraft.util.GsonHelper.m_13780_(GsonHelper.java:524) ~[server-1.20.1-20230612.114412-srg.jar%23424!/:?]
	... 13 more
[27Aug2026 11:17:07.200] [Worker-Main-1/ERROR] [net.minecraft.server.packs.resources.SimpleJsonResourceReloadListener/]: Couldn't parse data file efn:meen_spear from efn:recipes/meen_spear.json
com.google.gson.JsonParseException: java.io.EOFException: End of input at line 1 column 1 path $
	at net.minecraft.util.GsonHelper.m_13780_(GsonHelper.java:526) ~[server-1.20.1-20230612.114412-srg.jar%23424!/:?]
	at net.minecraft.util.GsonHelper.m_263475_(GsonHelper.java:531) ~[server-1.20.1-20230612.114412-srg.jar%23424!/:?]
	at net.minecraft.util.GsonHelper.m_13776_(GsonHelper.java:581) ~[server-1.20.1-20230612.114412-srg.jar%23424!/:?]
	at net.minecraft.server.packs.resources.SimpleJsonResourceReloadListener.m_278771_(SimpleJsonResourceReloadListener.java:41) ~[server-1.20.1-20230612.114412-srg.jar%23424!/:?]
	at net.minecraft.server.packs.resources.SimpleJsonResourceReloadListener.m_5944_(SimpleJsonResourceReloadListener.java:29) ~[server-1.20.1-20230612.114412-srg.jar%23424!/:?]
	at net.minecraft.server.packs.resources.SimpleJsonResourceReloadListener.m_5944_(SimpleJsonResourceReloadListener.java:17) ~[server-1.20.1-20230612.114412-srg.jar%23424!/:?]
	at net.minecraft.server.packs.resources.SimplePreparableReloadListener.m_10786_(SimplePreparableReloadListener.java:11) ~[server-1.20.1-20230612.114412-srg.jar%23424!/:?]
	at java.util.concurrent.CompletableFuture$AsyncSupply.run(CompletableFuture.java:1768) ~[?:?]
	at java.util.concurrent.CompletableFuture$AsyncSupply.exec(CompletableFuture.java:1760) ~[?:?]
	at java.util.concurrent.ForkJoinTask.doExec(ForkJoinTask.java:373) ~[?:?]
	at java.util.concurrent.ForkJoinPool$WorkQueue.topLevelExec(ForkJoinPool.java:1182) ~[?:?]
	at java.util.concurrent.ForkJoinPool.scan(ForkJoinPool.java:1655) ~[?:?]
	at java.util.concurrent.ForkJoinPool.runWorker(ForkJoinPool.java:1622) ~[?:?]
	at java.util.concurrent.ForkJoinWorkerThread.run(ForkJoinWorkerThread.java:165) ~[?:?]
Caused by: java.io.EOFException: End of input at line 1 column 1 path $
	at com.google.gson.stream.JsonReader.nextNonWhitespace(JsonReader.java:1455) ~[gson-2.10.jar%2372!/:?]
	at com.google.gson.stream.JsonReader.doPeek(JsonReader.java:558) ~[gson-2.10.jar%2372!/:?]
	at com.google.gson.stream.JsonReader.peek(JsonReader.java:433) ~[gson-2.10.jar%2372!/:?]
	at com.google.gson.internal.bind.TypeAdapters$28.read(TypeAdapters.java:769) ~[gson-2.10.jar%2372!/:?]
	at com.google.gson.internal.bind.TypeAdapters$28.read(TypeAdapters.java:725) ~[gson-2.10.jar%2372!/:?]
	at com.google.gson.internal.bind.TypeAdapters$34$1.read(TypeAdapters.java:1007) ~[gson-2.10.jar%2372!/:?]
	at net.minecraft.util.GsonHelper.m_13780_(GsonHelper.java:524) ~[server-1.20.1-20230612.114412-srg.jar%23424!/:?]
	... 13 more
[27Aug2026 11:17:07.201] [Worker-Main-1/ERROR] [net.minecraft.server.packs.resources.SimpleJsonResourceReloadListener/]: Couldn't parse data file efn:mortal_blade from efn:recipes/mortal_blade.json
com.google.gson.JsonParseException: java.io.EOFException: End of input at line 1 column 1 path $
	at net.minecraft.util.GsonHelper.m_13780_(GsonHelper.java:526) ~[server-1.20.1-20230612.114412-srg.jar%23424!/:?]
	at net.minecraft.util.GsonHelper.m_263475_(GsonHelper.java:531) ~[server-1.20.1-20230612.114412-srg.jar%23424!/:?]
	at net.minecraft.util.GsonHelper.m_13776_(GsonHelper.java:581) ~[server-1.20.1-20230612.114412-srg.jar%23424!/:?]
	at net.minecraft.server.packs.resources.SimpleJsonResourceReloadListener.m_278771_(SimpleJsonResourceReloadListener.java:41) ~[server-1.20.1-20230612.114412-srg.jar%23424!/:?]
	at net.minecraft.server.packs.resources.SimpleJsonResourceReloadListener.m_5944_(SimpleJsonResourceReloadListener.java:29) ~[server-1.20.1-20230612.114412-srg.jar%23424!/:?]
	at net.minecraft.server.packs.resources.SimpleJsonResourceReloadListener.m_5944_(SimpleJsonResourceReloadListener.java:17) ~[server-1.20.1-20230612.114412-srg.jar%23424!/:?]
	at net.minecraft.server.packs.resources.SimplePreparableReloadListener.m_10786_(SimplePreparableReloadListener.java:11) ~[server-1.20.1-20230612.114412-srg.jar%23424!/:?]
	at java.util.concurrent.CompletableFuture$AsyncSupply.run(CompletableFuture.java:1768) ~[?:?]
	at java.util.concurrent.CompletableFuture$AsyncSupply.exec(CompletableFuture.java:1760) ~[?:?]
	at java.util.concurrent.ForkJoinTask.doExec(ForkJoinTask.java:373) ~[?:?]
	at java.util.concurrent.ForkJoinPool$WorkQueue.topLevelExec(ForkJoinPool.java:1182) ~[?:?]
	at java.util.concurrent.ForkJoinPool.scan(ForkJoinPool.java:1655) ~[?:?]
	at java.util.concurrent.ForkJoinPool.runWorker(ForkJoinPool.java:1622) ~[?:?]
	at java.util.concurrent.ForkJoinWorkerThread.run(ForkJoinWorkerThread.java:165) ~[?:?]
Caused by: java.io.EOFException: End of input at line 1 column 1 path $
	at com.google.gson.stream.JsonReader.nextNonWhitespace(JsonReader.java:1455) ~[gson-2.10.jar%2372!/:?]
	at com.google.gson.stream.JsonReader.doPeek(JsonReader.java:558) ~[gson-2.10.jar%2372!/:?]
	at com.google.gson.stream.JsonReader.peek(JsonReader.java:433) ~[gson-2.10.jar%2372!/:?]
	at com.google.gson.internal.bind.TypeAdapters$28.read(TypeAdapters.java:769) ~[gson-2.10.jar%2372!/:?]
	at com.google.gson.internal.bind.TypeAdapters$28.read(TypeAdapters.java:725) ~[gson-2.10.jar%2372!/:?]
	at com.google.gson.internal.bind.TypeAdapters$34$1.read(TypeAdapters.java:1007) ~[gson-2.10.jar%2372!/:?]
	at net.minecraft.util.GsonHelper.m_13780_(GsonHelper.java:524) ~[server-1.20.1-20230612.114412-srg.jar%23424!/:?]
	... 13 more
[27Aug2026 11:17:07.201] [Worker-Main-1/ERROR] [net.minecraft.server.packs.resources.SimpleJsonResourceReloadListener/]: Couldn't parse data file p1nero_bow:mortis_bow from p1nero_bow:recipes/mortis_bow.json
com.google.gson.JsonParseException: java.io.EOFException: End of input at line 1 column 1 path $
	at net.minecraft.util.GsonHelper.m_13780_(GsonHelper.java:526) ~[server-1.20.1-20230612.114412-srg.jar%23424!/:?]
	at net.minecraft.util.GsonHelper.m_263475_(GsonHelper.java:531) ~[server-1.20.1-20230612.114412-srg.jar%23424!/:?]
	at net.minecraft.util.GsonHelper.m_13776_(GsonHelper.java:581) ~[server-1.20.1-20230612.114412-srg.jar%23424!/:?]
	at net.minecraft.server.packs.resources.SimpleJsonResourceReloadListener.m_278771_(SimpleJsonResourceReloadListener.java:41) ~[server-1.20.1-20230612.114412-srg.jar%23424!/:?]
	at net.minecraft.server.packs.resources.SimpleJsonResourceReloadListener.m_5944_(SimpleJsonResourceReloadListener.java:29) ~[server-1.20.1-20230612.114412-srg.jar%23424!/:?]
	at net.minecraft.server.packs.resources.SimpleJsonResourceReloadListener.m_5944_(SimpleJsonResourceReloadListener.java:17) ~[server-1.20.1-20230612.114412-srg.jar%23424!/:?]
	at net.minecraft.server.packs.resources.SimplePreparableReloadListener.m_10786_(SimplePreparableReloadListener.java:11) ~[server-1.20.1-20230612.114412-srg.jar%23424!/:?]
	at java.util.concurrent.CompletableFuture$AsyncSupply.run(CompletableFuture.java:1768) ~[?:?]
	at java.util.concurrent.CompletableFuture$AsyncSupply.exec(CompletableFuture.java:1760) ~[?:?]
	at java.util.concurrent.ForkJoinTask.doExec(ForkJoinTask.java:373) ~[?:?]
	at java.util.concurrent.ForkJoinPool$WorkQueue.topLevelExec(ForkJoinPool.java:1182) ~[?:?]
	at java.util.concurrent.ForkJoinPool.scan(ForkJoinPool.java:1655) ~[?:?]
	at java.util.concurrent.ForkJoinPool.runWorker(ForkJoinPool.java:1622) ~[?:?]
	at java.util.concurrent.ForkJoinWorkerThread.run(ForkJoinWorkerThread.java:165) ~[?:?]
Caused by: java.io.EOFException: End of input at line 1 column 1 path $
	at com.google.gson.stream.JsonReader.nextNonWhitespace(JsonReader.java:1455) ~[gson-2.10.jar%2372!/:?]
	at com.google.gson.stream.JsonReader.doPeek(JsonReader.java:558) ~[gson-2.10.jar%2372!/:?]
	at com.google.gson.stream.JsonReader.peek(JsonReader.java:433) ~[gson-2.10.jar%2372!/:?]
	at com.google.gson.internal.bind.TypeAdapters$28.read(TypeAdapters.java:769) ~[gson-2.10.jar%2372!/:?]
	at com.google.gson.internal.bind.TypeAdapters$28.read(TypeAdapters.java:725) ~[gson-2.10.jar%2372!/:?]
	at com.google.gson.internal.bind.TypeAdapters$34$1.read(TypeAdapters.java:1007) ~[gson-2.10.jar%2372!/:?]
	at net.minecraft.util.GsonHelper.m_13780_(GsonHelper.java:524) ~[server-1.20.1-20230612.114412-srg.jar%23424!/:?]
	... 13 more
[27Aug2026 11:17:07.203] [Worker-Main-1/ERROR] [net.minecraft.server.packs.resources.SimpleJsonResourceReloadListener/]: Couldn't parse data file cataclysm_spellbooks:murasama from cataclysm_spellbooks:recipes/murasama.json
com.google.gson.JsonParseException: java.io.EOFException: End of input at line 1 column 1 path $
	at net.minecraft.util.GsonHelper.m_13780_(GsonHelper.java:526) ~[server-1.20.1-20230612.114412-srg.jar%23424!/:?]
	at net.minecraft.util.GsonHelper.m_263475_(GsonHelper.java:531) ~[server-1.20.1-20230612.114412-srg.jar%23424!/:?]
	at net.minecraft.util.GsonHelper.m_13776_(GsonHelper.java:581) ~[server-1.20.1-20230612.114412-srg.jar%23424!/:?]
	at net.minecraft.server.packs.resources.SimpleJsonResourceReloadListener.m_278771_(SimpleJsonResourceReloadListener.java:41) ~[server-1.20.1-20230612.114412-srg.jar%23424!/:?]
	at net.minecraft.server.packs.resources.SimpleJsonResourceReloadListener.m_5944_(SimpleJsonResourceReloadListener.java:29) ~[server-1.20.1-20230612.114412-srg.jar%23424!/:?]
	at net.minecraft.server.packs.resources.SimpleJsonResourceReloadListener.m_5944_(SimpleJsonResourceReloadListener.java:17) ~[server-1.20.1-20230612.114412-srg.jar%23424!/:?]
	at net.minecraft.server.packs.resources.SimplePreparableReloadListener.m_10786_(SimplePreparableReloadListener.java:11) ~[server-1.20.1-20230612.114412-srg.jar%23424!/:?]
	at java.util.concurrent.CompletableFuture$AsyncSupply.run(CompletableFuture.java:1768) ~[?:?]
	at java.util.concurrent.CompletableFuture$AsyncSupply.exec(CompletableFuture.java:1760) ~[?:?]
	at java.util.concurrent.ForkJoinTask.doExec(ForkJoinTask.java:373) ~[?:?]
	at java.util.concurrent.ForkJoinPool$WorkQueue.topLevelExec(ForkJoinPool.java:1182) ~[?:?]
	at java.util.concurrent.ForkJoinPool.scan(ForkJoinPool.java:1655) ~[?:?]
	at java.util.concurrent.ForkJoinPool.runWorker(ForkJoinPool.java:1622) ~[?:?]
	at java.util.concurrent.ForkJoinWorkerThread.run(ForkJoinWorkerThread.java:165) ~[?:?]
Caused by: java.io.EOFException: End of input at line 1 column 1 path $
	at com.google.gson.stream.JsonReader.nextNonWhitespace(JsonReader.java:1455) ~[gson-2.10.jar%2372!/:?]
	at com.google.gson.stream.JsonReader.doPeek(JsonReader.java:558) ~[gson-2.10.jar%2372!/:?]
	at com.google.gson.stream.JsonReader.peek(JsonReader.java:433) ~[gson-2.10.jar%2372!/:?]
	at com.google.gson.internal.bind.TypeAdapters$28.read(TypeAdapters.java:769) ~[gson-2.10.jar%2372!/:?]
	at com.google.gson.internal.bind.TypeAdapters$28.read(TypeAdapters.java:725) ~[gson-2.10.jar%2372!/:?]
	at com.google.gson.internal.bind.TypeAdapters$34$1.read(TypeAdapters.java:1007) ~[gson-2.10.jar%2372!/:?]
	at net.minecraft.util.GsonHelper.m_13780_(GsonHelper.java:524) ~[server-1.20.1-20230612.114412-srg.jar%23424!/:?]
	... 13 more
[27Aug2026 11:17:07.206] [Worker-Main-1/ERROR] [net.minecraft.server.packs.resources.SimpleJsonResourceReloadListener/]: Couldn't parse data file irons_spellbooks:netherite_spell_book from irons_spellbooks:recipes/netherite_spell_book.json
com.google.gson.JsonParseException: java.io.EOFException: End of input at line 1 column 1 path $
	at net.minecraft.util.GsonHelper.m_13780_(GsonHelper.java:526) ~[server-1.20.1-20230612.114412-srg.jar%23424!/:?]
	at net.minecraft.util.GsonHelper.m_263475_(GsonHelper.java:531) ~[server-1.20.1-20230612.114412-srg.jar%23424!/:?]
	at net.minecraft.util.GsonHelper.m_13776_(GsonHelper.java:581) ~[server-1.20.1-20230612.114412-srg.jar%23424!/:?]
	at net.minecraft.server.packs.resources.SimpleJsonResourceReloadListener.m_278771_(SimpleJsonResourceReloadListener.java:41) ~[server-1.20.1-20230612.114412-srg.jar%23424!/:?]
	at net.minecraft.server.packs.resources.SimpleJsonResourceReloadListener.m_5944_(SimpleJsonResourceReloadListener.java:29) ~[server-1.20.1-20230612.114412-srg.jar%23424!/:?]
	at net.minecraft.server.packs.resources.SimpleJsonResourceReloadListener.m_5944_(SimpleJsonResourceReloadListener.java:17) ~[server-1.20.1-20230612.114412-srg.jar%23424!/:?]
	at net.minecraft.server.packs.resources.SimplePreparableReloadListener.m_10786_(SimplePreparableReloadListener.java:11) ~[server-1.20.1-20230612.114412-srg.jar%23424!/:?]
	at java.util.concurrent.CompletableFuture$AsyncSupply.run(CompletableFuture.java:1768) ~[?:?]
	at java.util.concurrent.CompletableFuture$AsyncSupply.exec(CompletableFuture.java:1760) ~[?:?]
	at java.util.concurrent.ForkJoinTask.doExec(ForkJoinTask.java:373) ~[?:?]
	at java.util.concurrent.ForkJoinPool$WorkQueue.topLevelExec(ForkJoinPool.java:1182) ~[?:?]
	at java.util.concurrent.ForkJoinPool.scan(ForkJoinPool.java:1655) ~[?:?]
	at java.util.concurrent.ForkJoinPool.runWorker(ForkJoinPool.java:1622) ~[?:?]
	at java.util.concurrent.ForkJoinWorkerThread.run(ForkJoinWorkerThread.java:165) ~[?:?]
Caused by: java.io.EOFException: End of input at line 1 column 1 path $
	at com.google.gson.stream.JsonReader.nextNonWhitespace(JsonReader.java:1455) ~[gson-2.10.jar%2372!/:?]
	at com.google.gson.stream.JsonReader.doPeek(JsonReader.java:558) ~[gson-2.10.jar%2372!/:?]
	at com.google.gson.stream.JsonReader.peek(JsonReader.java:433) ~[gson-2.10.jar%2372!/:?]
	at com.google.gson.internal.bind.TypeAdapters$28.read(TypeAdapters.java:769) ~[gson-2.10.jar%2372!/:?]
	at com.google.gson.internal.bind.TypeAdapters$28.read(TypeAdapters.java:725) ~[gson-2.10.jar%2372!/:?]
	at com.google.gson.internal.bind.TypeAdapters$34$1.read(TypeAdapters.java:1007) ~[gson-2.10.jar%2372!/:?]
	at net.minecraft.util.GsonHelper.m_13780_(GsonHelper.java:524) ~[server-1.20.1-20230612.114412-srg.jar%23424!/:?]
	... 13 more
[27Aug2026 11:17:07.206] [Worker-Main-1/ERROR] [net.minecraft.server.packs.resources.SimpleJsonResourceReloadListener/]: Couldn't parse data file efn:nf_claw from efn:recipes/nf_claw.json
com.google.gson.JsonParseException: java.io.EOFException: End of input at line 1 column 1 path $
	at net.minecraft.util.GsonHelper.m_13780_(GsonHelper.java:526) ~[server-1.20.1-20230612.114412-srg.jar%23424!/:?]
	at net.minecraft.util.GsonHelper.m_263475_(GsonHelper.java:531) ~[server-1.20.1-20230612.114412-srg.jar%23424!/:?]
	at net.minecraft.util.GsonHelper.m_13776_(GsonHelper.java:581) ~[server-1.20.1-20230612.114412-srg.jar%23424!/:?]
	at net.minecraft.server.packs.resources.SimpleJsonResourceReloadListener.m_278771_(SimpleJsonResourceReloadListener.java:41) ~[server-1.20.1-20230612.114412-srg.jar%23424!/:?]
	at net.minecraft.server.packs.resources.SimpleJsonResourceReloadListener.m_5944_(SimpleJsonResourceReloadListener.java:29) ~[server-1.20.1-20230612.114412-srg.jar%23424!/:?]
	at net.minecraft.server.packs.resources.SimpleJsonResourceReloadListener.m_5944_(SimpleJsonResourceReloadListener.java:17) ~[server-1.20.1-20230612.114412-srg.jar%23424!/:?]
	at net.minecraft.server.packs.resources.SimplePreparableReloadListener.m_10786_(SimplePreparableReloadListener.java:11) ~[server-1.20.1-20230612.114412-srg.jar%23424!/:?]
	at java.util.concurrent.CompletableFuture$AsyncSupply.run(CompletableFuture.java:1768) ~[?:?]
	at java.util.concurrent.CompletableFuture$AsyncSupply.exec(CompletableFuture.java:1760) ~[?:?]
	at java.util.concurrent.ForkJoinTask.doExec(ForkJoinTask.java:373) ~[?:?]
	at java.util.concurrent.ForkJoinPool$WorkQueue.topLevelExec(ForkJoinPool.java:1182) ~[?:?]
	at java.util.concurrent.ForkJoinPool.scan(ForkJoinPool.java:1655) ~[?:?]
	at java.util.concurrent.ForkJoinPool.runWorker(ForkJoinPool.java:1622) ~[?:?]
	at java.util.concurrent.ForkJoinWorkerThread.run(ForkJoinWorkerThread.java:165) ~[?:?]
Caused by: java.io.EOFException: End of input at line 1 column 1 path $
	at com.google.gson.stream.JsonReader.nextNonWhitespace(JsonReader.java:1455) ~[gson-2.10.jar%2372!/:?]
	at com.google.gson.stream.JsonReader.doPeek(JsonReader.java:558) ~[gson-2.10.jar%2372!/:?]
	at com.google.gson.stream.JsonReader.peek(JsonReader.java:433) ~[gson-2.10.jar%2372!/:?]
	at com.google.gson.internal.bind.TypeAdapters$28.read(TypeAdapters.java:769) ~[gson-2.10.jar%2372!/:?]
	at com.google.gson.internal.bind.TypeAdapters$28.read(TypeAdapters.java:725) ~[gson-2.10.jar%2372!/:?]
	at com.google.gson.internal.bind.TypeAdapters$34$1.read(TypeAdapters.java:1007) ~[gson-2.10.jar%2372!/:?]
	at net.minecraft.util.GsonHelper.m_13780_(GsonHelper.java:524) ~[server-1.20.1-20230612.114412-srg.jar%23424!/:?]
	... 13 more
[27Aug2026 11:17:07.207] [Worker-Main-1/ERROR] [net.minecraft.server.packs.resources.SimpleJsonResourceReloadListener/]: Couldn't parse data file efn:nf_dual_sword from efn:recipes/nf_dual_sword.json
com.google.gson.JsonParseException: java.io.EOFException: End of input at line 1 column 1 path $
	at net.minecraft.util.GsonHelper.m_13780_(GsonHelper.java:526) ~[server-1.20.1-20230612.114412-srg.jar%23424!/:?]
	at net.minecraft.util.GsonHelper.m_263475_(GsonHelper.java:531) ~[server-1.20.1-20230612.114412-srg.jar%23424!/:?]
	at net.minecraft.util.GsonHelper.m_13776_(GsonHelper.java:581) ~[server-1.20.1-20230612.114412-srg.jar%23424!/:?]
	at net.minecraft.server.packs.resources.SimpleJsonResourceReloadListener.m_278771_(SimpleJsonResourceReloadListener.java:41) ~[server-1.20.1-20230612.114412-srg.jar%23424!/:?]
	at net.minecraft.server.packs.resources.SimpleJsonResourceReloadListener.m_5944_(SimpleJsonResourceReloadListener.java:29) ~[server-1.20.1-20230612.114412-srg.jar%23424!/:?]
	at net.minecraft.server.packs.resources.SimpleJsonResourceReloadListener.m_5944_(SimpleJsonResourceReloadListener.java:17) ~[server-1.20.1-20230612.114412-srg.jar%23424!/:?]
	at net.minecraft.server.packs.resources.SimplePreparableReloadListener.m_10786_(SimplePreparableReloadListener.java:11) ~[server-1.20.1-20230612.114412-srg.jar%23424!/:?]
	at java.util.concurrent.CompletableFuture$AsyncSupply.run(CompletableFuture.java:1768) ~[?:?]
	at java.util.concurrent.CompletableFuture$AsyncSupply.exec(CompletableFuture.java:1760) ~[?:?]
	at java.util.concurrent.ForkJoinTask.doExec(ForkJoinTask.java:373) ~[?:?]
	at java.util.concurrent.ForkJoinPool$WorkQueue.topLevelExec(ForkJoinPool.java:1182) ~[?:?]
	at java.util.concurrent.ForkJoinPool.scan(ForkJoinPool.java:1655) ~[?:?]
	at java.util.concurrent.ForkJoinPool.runWorker(ForkJoinPool.java:1622) ~[?:?]
	at java.util.concurrent.ForkJoinWorkerThread.run(ForkJoinWorkerThread.java:165) ~[?:?]
Caused by: java.io.EOFException: End of input at line 1 column 1 path $
	at com.google.gson.stream.JsonReader.nextNonWhitespace(JsonReader.java:1455) ~[gson-2.10.jar%2372!/:?]
	at com.google.gson.stream.JsonReader.doPeek(JsonReader.java:558) ~[gson-2.10.jar%2372!/:?]
	at com.google.gson.stream.JsonReader.peek(JsonReader.java:433) ~[gson-2.10.jar%2372!/:?]
	at com.google.gson.internal.bind.TypeAdapters$28.read(TypeAdapters.java:769) ~[gson-2.10.jar%2372!/:?]
	at com.google.gson.internal.bind.TypeAdapters$28.read(TypeAdapters.java:725) ~[gson-2.10.jar%2372!/:?]
	at com.google.gson.internal.bind.TypeAdapters$34$1.read(TypeAdapters.java:1007) ~[gson-2.10.jar%2372!/:?]
	at net.minecraft.util.GsonHelper.m_13780_(GsonHelper.java:524) ~[server-1.20.1-20230612.114412-srg.jar%23424!/:?]
	... 13 more
[27Aug2026 11:17:07.208] [Worker-Main-1/ERROR] [net.minecraft.server.packs.resources.SimpleJsonResourceReloadListener/]: Couldn't parse data file efn:nf_shortsword from efn:recipes/nf_shortsword.json
com.google.gson.JsonParseException: java.io.EOFException: End of input at line 1 column 1 path $
	at net.minecraft.util.GsonHelper.m_13780_(GsonHelper.java:526) ~[server-1.20.1-20230612.114412-srg.jar%23424!/:?]
	at net.minecraft.util.GsonHelper.m_263475_(GsonHelper.java:531) ~[server-1.20.1-20230612.114412-srg.jar%23424!/:?]
	at net.minecraft.util.GsonHelper.m_13776_(GsonHelper.java:581) ~[server-1.20.1-20230612.114412-srg.jar%23424!/:?]
	at net.minecraft.server.packs.resources.SimpleJsonResourceReloadListener.m_278771_(SimpleJsonResourceReloadListener.java:41) ~[server-1.20.1-20230612.114412-srg.jar%23424!/:?]
	at net.minecraft.server.packs.resources.SimpleJsonResourceReloadListener.m_5944_(SimpleJsonResourceReloadListener.java:29) ~[server-1.20.1-20230612.114412-srg.jar%23424!/:?]
	at net.minecraft.server.packs.resources.SimpleJsonResourceReloadListener.m_5944_(SimpleJsonResourceReloadListener.java:17) ~[server-1.20.1-20230612.114412-srg.jar%23424!/:?]
	at net.minecraft.server.packs.resources.SimplePreparableReloadListener.m_10786_(SimplePreparableReloadListener.java:11) ~[server-1.20.1-20230612.114412-srg.jar%23424!/:?]
	at java.util.concurrent.CompletableFuture$AsyncSupply.run(CompletableFuture.java:1768) ~[?:?]
	at java.util.concurrent.CompletableFuture$AsyncSupply.exec(CompletableFuture.java:1760) ~[?:?]
	at java.util.concurrent.ForkJoinTask.doExec(ForkJoinTask.java:373) ~[?:?]
	at java.util.concurrent.ForkJoinPool$WorkQueue.topLevelExec(ForkJoinPool.java:1182) ~[?:?]
	at java.util.concurrent.ForkJoinPool.scan(ForkJoinPool.java:1655) ~[?:?]
	at java.util.concurrent.ForkJoinPool.runWorker(ForkJoinPool.java:1622) ~[?:?]
	at java.util.concurrent.ForkJoinWorkerThread.run(ForkJoinWorkerThread.java:165) ~[?:?]
Caused by: java.io.EOFException: End of input at line 1 column 1 path $
	at com.google.gson.stream.JsonReader.nextNonWhitespace(JsonReader.java:1455) ~[gson-2.10.jar%2372!/:?]
	at com.google.gson.stream.JsonReader.doPeek(JsonReader.java:558) ~[gson-2.10.jar%2372!/:?]
	at com.google.gson.stream.JsonReader.peek(JsonReader.java:433) ~[gson-2.10.jar%2372!/:?]
	at com.google.gson.internal.bind.TypeAdapters$28.read(TypeAdapters.java:769) ~[gson-2.10.jar%2372!/:?]
	at com.google.gson.internal.bind.TypeAdapters$28.read(TypeAdapters.java:725) ~[gson-2.10.jar%2372!/:?]
	at com.google.gson.internal.bind.TypeAdapters$34$1.read(TypeAdapters.java:1007) ~[gson-2.10.jar%2372!/:?]
	at net.minecraft.util.GsonHelper.m_13780_(GsonHelper.java:524) ~[server-1.20.1-20230612.114412-srg.jar%23424!/:?]
	... 13 more
[27Aug2026 11:17:07.208] [Worker-Main-1/ERROR] [net.minecraft.server.packs.resources.SimpleJsonResourceReloadListener/]: Couldn't parse data file efn:nf_shortsword_2 from efn:recipes/nf_shortsword_2.json
com.google.gson.JsonParseException: java.io.EOFException: End of input at line 1 column 1 path $
	at net.minecraft.util.GsonHelper.m_13780_(GsonHelper.java:526) ~[server-1.20.1-20230612.114412-srg.jar%23424!/:?]
	at net.minecraft.util.GsonHelper.m_263475_(GsonHelper.java:531) ~[server-1.20.1-20230612.114412-srg.jar%23424!/:?]
	at net.minecraft.util.GsonHelper.m_13776_(GsonHelper.java:581) ~[server-1.20.1-20230612.114412-srg.jar%23424!/:?]
	at net.minecraft.server.packs.resources.SimpleJsonResourceReloadListener.m_278771_(SimpleJsonResourceReloadListener.java:41) ~[server-1.20.1-20230612.114412-srg.jar%23424!/:?]
	at net.minecraft.server.packs.resources.SimpleJsonResourceReloadListener.m_5944_(SimpleJsonResourceReloadListener.java:29) ~[server-1.20.1-20230612.114412-srg.jar%23424!/:?]
	at net.minecraft.server.packs.resources.SimpleJsonResourceReloadListener.m_5944_(SimpleJsonResourceReloadListener.java:17) ~[server-1.20.1-20230612.114412-srg.jar%23424!/:?]
	at net.minecraft.server.packs.resources.SimplePreparableReloadListener.m_10786_(SimplePreparableReloadListener.java:11) ~[server-1.20.1-20230612.114412-srg.jar%23424!/:?]
	at java.util.concurrent.CompletableFuture$AsyncSupply.run(CompletableFuture.java:1768) ~[?:?]
	at java.util.concurrent.CompletableFuture$AsyncSupply.exec(CompletableFuture.java:1760) ~[?:?]
	at java.util.concurrent.ForkJoinTask.doExec(ForkJoinTask.java:373) ~[?:?]
	at java.util.concurrent.ForkJoinPool$WorkQueue.topLevelExec(ForkJoinPool.java:1182) ~[?:?]
	at java.util.concurrent.ForkJoinPool.scan(ForkJoinPool.java:1655) ~[?:?]
	at java.util.concurrent.ForkJoinPool.runWorker(ForkJoinPool.java:1622) ~[?:?]
	at java.util.concurrent.ForkJoinWorkerThread.run(ForkJoinWorkerThread.java:165) ~[?:?]
Caused by: java.io.EOFException: End of input at line 1 column 1 path $
	at com.google.gson.stream.JsonReader.nextNonWhitespace(JsonReader.java:1455) ~[gson-2.10.jar%2372!/:?]
	at com.google.gson.stream.JsonReader.doPeek(JsonReader.java:558) ~[gson-2.10.jar%2372!/:?]
	at com.google.gson.stream.JsonReader.peek(JsonReader.java:433) ~[gson-2.10.jar%2372!/:?]
	at com.google.gson.internal.bind.TypeAdapters$28.read(TypeAdapters.java:769) ~[gson-2.10.jar%2372!/:?]
	at com.google.gson.internal.bind.TypeAdapters$28.read(TypeAdapters.java:725) ~[gson-2.10.jar%2372!/:?]
	at com.google.gson.internal.bind.TypeAdapters$34$1.read(TypeAdapters.java:1007) ~[gson-2.10.jar%2372!/:?]
	at net.minecraft.util.GsonHelper.m_13780_(GsonHelper.java:524) ~[server-1.20.1-20230612.114412-srg.jar%23424!/:?]
	... 13 more
[27Aug2026 11:17:07.217] [Worker-Main-1/ERROR] [net.minecraft.server.packs.resources.SimpleJsonResourceReloadListener/]: Couldn't parse data file irons_spellbooks:pyrium_staff from irons_spellbooks:recipes/pyrium_staff.json
com.google.gson.JsonParseException: java.io.EOFException: End of input at line 1 column 1 path $
	at net.minecraft.util.GsonHelper.m_13780_(GsonHelper.java:526) ~[server-1.20.1-20230612.114412-srg.jar%23424!/:?]
	at net.minecraft.util.GsonHelper.m_263475_(GsonHelper.java:531) ~[server-1.20.1-20230612.114412-srg.jar%23424!/:?]
	at net.minecraft.util.GsonHelper.m_13776_(GsonHelper.java:581) ~[server-1.20.1-20230612.114412-srg.jar%23424!/:?]
	at net.minecraft.server.packs.resources.SimpleJsonResourceReloadListener.m_278771_(SimpleJsonResourceReloadListener.java:41) ~[server-1.20.1-20230612.114412-srg.jar%23424!/:?]
	at net.minecraft.server.packs.resources.SimpleJsonResourceReloadListener.m_5944_(SimpleJsonResourceReloadListener.java:29) ~[server-1.20.1-20230612.114412-srg.jar%23424!/:?]
	at net.minecraft.server.packs.resources.SimpleJsonResourceReloadListener.m_5944_(SimpleJsonResourceReloadListener.java:17) ~[server-1.20.1-20230612.114412-srg.jar%23424!/:?]
	at net.minecraft.server.packs.resources.SimplePreparableReloadListener.m_10786_(SimplePreparableReloadListener.java:11) ~[server-1.20.1-20230612.114412-srg.jar%23424!/:?]
	at java.util.concurrent.CompletableFuture$AsyncSupply.run(CompletableFuture.java:1768) ~[?:?]
	at java.util.concurrent.CompletableFuture$AsyncSupply.exec(CompletableFuture.java:1760) ~[?:?]
	at java.util.concurrent.ForkJoinTask.doExec(ForkJoinTask.java:373) ~[?:?]
	at java.util.concurrent.ForkJoinPool$WorkQueue.topLevelExec(ForkJoinPool.java:1182) ~[?:?]
	at java.util.concurrent.ForkJoinPool.scan(ForkJoinPool.java:1655) ~[?:?]
	at java.util.concurrent.ForkJoinPool.runWorker(ForkJoinPool.java:1622) ~[?:?]
	at java.util.concurrent.ForkJoinWorkerThread.run(ForkJoinWorkerThread.java:165) ~[?:?]
Caused by: java.io.EOFException: End of input at line 1 column 1 path $
	at com.google.gson.stream.JsonReader.nextNonWhitespace(JsonReader.java:1455) ~[gson-2.10.jar%2372!/:?]
	at com.google.gson.stream.JsonReader.doPeek(JsonReader.java:558) ~[gson-2.10.jar%2372!/:?]
	at com.google.gson.stream.JsonReader.peek(JsonReader.java:433) ~[gson-2.10.jar%2372!/:?]
	at com.google.gson.internal.bind.TypeAdapters$28.read(TypeAdapters.java:769) ~[gson-2.10.jar%2372!/:?]
	at com.google.gson.internal.bind.TypeAdapters$28.read(TypeAdapters.java:725) ~[gson-2.10.jar%2372!/:?]
	at com.google.gson.internal.bind.TypeAdapters$34$1.read(TypeAdapters.java:1007) ~[gson-2.10.jar%2372!/:?]
	at net.minecraft.util.GsonHelper.m_13780_(GsonHelper.java:524) ~[server-1.20.1-20230612.114412-srg.jar%23424!/:?]
	... 13 more
[27Aug2026 11:17:07.224] [Worker-Main-1/ERROR] [net.minecraft.server.packs.resources.SimpleJsonResourceReloadListener/]: Couldn't parse data file efn:ruinfighter_boots from efn:recipes/ruinfighter_boots.json
com.google.gson.JsonParseException: java.io.EOFException: End of input at line 1 column 1 path $
	at net.minecraft.util.GsonHelper.m_13780_(GsonHelper.java:526) ~[server-1.20.1-20230612.114412-srg.jar%23424!/:?]
	at net.minecraft.util.GsonHelper.m_263475_(GsonHelper.java:531) ~[server-1.20.1-20230612.114412-srg.jar%23424!/:?]
	at net.minecraft.util.GsonHelper.m_13776_(GsonHelper.java:581) ~[server-1.20.1-20230612.114412-srg.jar%23424!/:?]
	at net.minecraft.server.packs.resources.SimpleJsonResourceReloadListener.m_278771_(SimpleJsonResourceReloadListener.java:41) ~[server-1.20.1-20230612.114412-srg.jar%23424!/:?]
	at net.minecraft.server.packs.resources.SimpleJsonResourceReloadListener.m_5944_(SimpleJsonResourceReloadListener.java:29) ~[server-1.20.1-20230612.114412-srg.jar%23424!/:?]
	at net.minecraft.server.packs.resources.SimpleJsonResourceReloadListener.m_5944_(SimpleJsonResourceReloadListener.java:17) ~[server-1.20.1-20230612.114412-srg.jar%23424!/:?]
	at net.minecraft.server.packs.resources.SimplePreparableReloadListener.m_10786_(SimplePreparableReloadListener.java:11) ~[server-1.20.1-20230612.114412-srg.jar%23424!/:?]
	at java.util.concurrent.CompletableFuture$AsyncSupply.run(CompletableFuture.java:1768) ~[?:?]
	at java.util.concurrent.CompletableFuture$AsyncSupply.exec(CompletableFuture.java:1760) ~[?:?]
	at java.util.concurrent.ForkJoinTask.doExec(ForkJoinTask.java:373) ~[?:?]
	at java.util.concurrent.ForkJoinPool$WorkQueue.topLevelExec(ForkJoinPool.java:1182) ~[?:?]
	at java.util.concurrent.ForkJoinPool.scan(ForkJoinPool.java:1655) ~[?:?]
	at java.util.concurrent.ForkJoinPool.runWorker(ForkJoinPool.java:1622) ~[?:?]
	at java.util.concurrent.ForkJoinWorkerThread.run(ForkJoinWorkerThread.java:165) ~[?:?]
Caused by: java.io.EOFException: End of input at line 1 column 1 path $
	at com.google.gson.stream.JsonReader.nextNonWhitespace(JsonReader.java:1455) ~[gson-2.10.jar%2372!/:?]
	at com.google.gson.stream.JsonReader.doPeek(JsonReader.java:558) ~[gson-2.10.jar%2372!/:?]
	at com.google.gson.stream.JsonReader.peek(JsonReader.java:433) ~[gson-2.10.jar%2372!/:?]
	at com.google.gson.internal.bind.TypeAdapters$28.read(TypeAdapters.java:769) ~[gson-2.10.jar%2372!/:?]
	at com.google.gson.internal.bind.TypeAdapters$28.read(TypeAdapters.java:725) ~[gson-2.10.jar%2372!/:?]
	at com.google.gson.internal.bind.TypeAdapters$34$1.read(TypeAdapters.java:1007) ~[gson-2.10.jar%2372!/:?]
	at net.minecraft.util.GsonHelper.m_13780_(GsonHelper.java:524) ~[server-1.20.1-20230612.114412-srg.jar%23424!/:?]
	... 13 more
[27Aug2026 11:17:07.225] [Worker-Main-1/ERROR] [net.minecraft.server.packs.resources.SimpleJsonResourceReloadListener/]: Couldn't parse data file efn:ruinfighter_chestplate from efn:recipes/ruinfighter_chestplate.json
com.google.gson.JsonParseException: java.io.EOFException: End of input at line 1 column 1 path $
	at net.minecraft.util.GsonHelper.m_13780_(GsonHelper.java:526) ~[server-1.20.1-20230612.114412-srg.jar%23424!/:?]
	at net.minecraft.util.GsonHelper.m_263475_(GsonHelper.java:531) ~[server-1.20.1-20230612.114412-srg.jar%23424!/:?]
	at net.minecraft.util.GsonHelper.m_13776_(GsonHelper.java:581) ~[server-1.20.1-20230612.114412-srg.jar%23424!/:?]
	at net.minecraft.server.packs.resources.SimpleJsonResourceReloadListener.m_278771_(SimpleJsonResourceReloadListener.java:41) ~[server-1.20.1-20230612.114412-srg.jar%23424!/:?]
	at net.minecraft.server.packs.resources.SimpleJsonResourceReloadListener.m_5944_(SimpleJsonResourceReloadListener.java:29) ~[server-1.20.1-20230612.114412-srg.jar%23424!/:?]
	at net.minecraft.server.packs.resources.SimpleJsonResourceReloadListener.m_5944_(SimpleJsonResourceReloadListener.java:17) ~[server-1.20.1-20230612.114412-srg.jar%23424!/:?]
	at net.minecraft.server.packs.resources.SimplePreparableReloadListener.m_10786_(SimplePreparableReloadListener.java:11) ~[server-1.20.1-20230612.114412-srg.jar%23424!/:?]
	at java.util.concurrent.CompletableFuture$AsyncSupply.run(CompletableFuture.java:1768) ~[?:?]
	at java.util.concurrent.CompletableFuture$AsyncSupply.exec(CompletableFuture.java:1760) ~[?:?]
	at java.util.concurrent.ForkJoinTask.doExec(ForkJoinTask.java:373) ~[?:?]
	at java.util.concurrent.ForkJoinPool$WorkQueue.topLevelExec(ForkJoinPool.java:1182) ~[?:?]
	at java.util.concurrent.ForkJoinPool.scan(ForkJoinPool.java:1655) ~[?:?]
	at java.util.concurrent.ForkJoinPool.runWorker(ForkJoinPool.java:1622) ~[?:?]
	at java.util.concurrent.ForkJoinWorkerThread.run(ForkJoinWorkerThread.java:165) ~[?:?]
Caused by: java.io.EOFException: End of input at line 1 column 1 path $
	at com.google.gson.stream.JsonReader.nextNonWhitespace(JsonReader.java:1455) ~[gson-2.10.jar%2372!/:?]
	at com.google.gson.stream.JsonReader.doPeek(JsonReader.java:558) ~[gson-2.10.jar%2372!/:?]
	at com.google.gson.stream.JsonReader.peek(JsonReader.java:433) ~[gson-2.10.jar%2372!/:?]
	at com.google.gson.internal.bind.TypeAdapters$28.read(TypeAdapters.java:769) ~[gson-2.10.jar%2372!/:?]
	at com.google.gson.internal.bind.TypeAdapters$28.read(TypeAdapters.java:725) ~[gson-2.10.jar%2372!/:?]
	at com.google.gson.internal.bind.TypeAdapters$34$1.read(TypeAdapters.java:1007) ~[gson-2.10.jar%2372!/:?]
	at net.minecraft.util.GsonHelper.m_13780_(GsonHelper.java:524) ~[server-1.20.1-20230612.114412-srg.jar%23424!/:?]
	... 13 more
[27Aug2026 11:17:07.225] [Worker-Main-1/ERROR] [net.minecraft.server.packs.resources.SimpleJsonResourceReloadListener/]: Couldn't parse data file efn:ruinfighter_helmet from efn:recipes/ruinfighter_helmet.json
com.google.gson.JsonParseException: java.io.EOFException: End of input at line 1 column 1 path $
	at net.minecraft.util.GsonHelper.m_13780_(GsonHelper.java:526) ~[server-1.20.1-20230612.114412-srg.jar%23424!/:?]
	at net.minecraft.util.GsonHelper.m_263475_(GsonHelper.java:531) ~[server-1.20.1-20230612.114412-srg.jar%23424!/:?]
	at net.minecraft.util.GsonHelper.m_13776_(GsonHelper.java:581) ~[server-1.20.1-20230612.114412-srg.jar%23424!/:?]
	at net.minecraft.server.packs.resources.SimpleJsonResourceReloadListener.m_278771_(SimpleJsonResourceReloadListener.java:41) ~[server-1.20.1-20230612.114412-srg.jar%23424!/:?]
	at net.minecraft.server.packs.resources.SimpleJsonResourceReloadListener.m_5944_(SimpleJsonResourceReloadListener.java:29) ~[server-1.20.1-20230612.114412-srg.jar%23424!/:?]
	at net.minecraft.server.packs.resources.SimpleJsonResourceReloadListener.m_5944_(SimpleJsonResourceReloadListener.java:17) ~[server-1.20.1-20230612.114412-srg.jar%23424!/:?]
	at net.minecraft.server.packs.resources.SimplePreparableReloadListener.m_10786_(SimplePreparableReloadListener.java:11) ~[server-1.20.1-20230612.114412-srg.jar%23424!/:?]
	at java.util.concurrent.CompletableFuture$AsyncSupply.run(CompletableFuture.java:1768) ~[?:?]
	at java.util.concurrent.CompletableFuture$AsyncSupply.exec(CompletableFuture.java:1760) ~[?:?]
	at java.util.concurrent.ForkJoinTask.doExec(ForkJoinTask.java:373) ~[?:?]
	at java.util.concurrent.ForkJoinPool$WorkQueue.topLevelExec(ForkJoinPool.java:1182) ~[?:?]
	at java.util.concurrent.ForkJoinPool.scan(ForkJoinPool.java:1655) ~[?:?]
	at java.util.concurrent.ForkJoinPool.runWorker(ForkJoinPool.java:1622) ~[?:?]
	at java.util.concurrent.ForkJoinWorkerThread.run(ForkJoinWorkerThread.java:165) ~[?:?]
Caused by: java.io.EOFException: End of input at line 1 column 1 path $
	at com.google.gson.stream.JsonReader.nextNonWhitespace(JsonReader.java:1455) ~[gson-2.10.jar%2372!/:?]
	at com.google.gson.stream.JsonReader.doPeek(JsonReader.java:558) ~[gson-2.10.jar%2372!/:?]
	at com.google.gson.stream.JsonReader.peek(JsonReader.java:433) ~[gson-2.10.jar%2372!/:?]
	at com.google.gson.internal.bind.TypeAdapters$28.read(TypeAdapters.java:769) ~[gson-2.10.jar%2372!/:?]
	at com.google.gson.internal.bind.TypeAdapters$28.read(TypeAdapters.java:725) ~[gson-2.10.jar%2372!/:?]
	at com.google.gson.internal.bind.TypeAdapters$34$1.read(TypeAdapters.java:1007) ~[gson-2.10.jar%2372!/:?]
	at net.minecraft.util.GsonHelper.m_13780_(GsonHelper.java:524) ~[server-1.20.1-20230612.114412-srg.jar%23424!/:?]
	... 13 more
[27Aug2026 11:17:07.226] [Worker-Main-1/ERROR] [net.minecraft.server.packs.resources.SimpleJsonResourceReloadListener/]: Couldn't parse data file efn:ruinfighter_leggings from efn:recipes/ruinfighter_leggings.json
com.google.gson.JsonParseException: java.io.EOFException: End of input at line 1 column 1 path $
	at net.minecraft.util.GsonHelper.m_13780_(GsonHelper.java:526) ~[server-1.20.1-20230612.114412-srg.jar%23424!/:?]
	at net.minecraft.util.GsonHelper.m_263475_(GsonHelper.java:531) ~[server-1.20.1-20230612.114412-srg.jar%23424!/:?]
	at net.minecraft.util.GsonHelper.m_13776_(GsonHelper.java:581) ~[server-1.20.1-20230612.114412-srg.jar%23424!/:?]
	at net.minecraft.server.packs.resources.SimpleJsonResourceReloadListener.m_278771_(SimpleJsonResourceReloadListener.java:41) ~[server-1.20.1-20230612.114412-srg.jar%23424!/:?]
	at net.minecraft.server.packs.resources.SimpleJsonResourceReloadListener.m_5944_(SimpleJsonResourceReloadListener.java:29) ~[server-1.20.1-20230612.114412-srg.jar%23424!/:?]
	at net.minecraft.server.packs.resources.SimpleJsonResourceReloadListener.m_5944_(SimpleJsonResourceReloadListener.java:17) ~[server-1.20.1-20230612.114412-srg.jar%23424!/:?]
	at net.minecraft.server.packs.resources.SimplePreparableReloadListener.m_10786_(SimplePreparableReloadListener.java:11) ~[server-1.20.1-20230612.114412-srg.jar%23424!/:?]
	at java.util.concurrent.CompletableFuture$AsyncSupply.run(CompletableFuture.java:1768) ~[?:?]
	at java.util.concurrent.CompletableFuture$AsyncSupply.exec(CompletableFuture.java:1760) ~[?:?]
	at java.util.concurrent.ForkJoinTask.doExec(ForkJoinTask.java:373) ~[?:?]
	at java.util.concurrent.ForkJoinPool$WorkQueue.topLevelExec(ForkJoinPool.java:1182) ~[?:?]
	at java.util.concurrent.ForkJoinPool.scan(ForkJoinPool.java:1655) ~[?:?]
	at java.util.concurrent.ForkJoinPool.runWorker(ForkJoinPool.java:1622) ~[?:?]
	at java.util.concurrent.ForkJoinWorkerThread.run(ForkJoinWorkerThread.java:165) ~[?:?]
Caused by: java.io.EOFException: End of input at line 1 column 1 path $
	at com.google.gson.stream.JsonReader.nextNonWhitespace(JsonReader.java:1455) ~[gson-2.10.jar%2372!/:?]
	at com.google.gson.stream.JsonReader.doPeek(JsonReader.java:558) ~[gson-2.10.jar%2372!/:?]
	at com.google.gson.stream.JsonReader.peek(JsonReader.java:433) ~[gson-2.10.jar%2372!/:?]
	at com.google.gson.internal.bind.TypeAdapters$28.read(TypeAdapters.java:769) ~[gson-2.10.jar%2372!/:?]
	at com.google.gson.internal.bind.TypeAdapters$28.read(TypeAdapters.java:725) ~[gson-2.10.jar%2372!/:?]
	at com.google.gson.internal.bind.TypeAdapters$34$1.read(TypeAdapters.java:1007) ~[gson-2.10.jar%2372!/:?]
	at net.minecraft.util.GsonHelper.m_13780_(GsonHelper.java:524) ~[server-1.20.1-20230612.114412-srg.jar%23424!/:?]
	... 13 more
[27Aug2026 11:17:07.226] [Worker-Main-1/ERROR] [net.minecraft.server.packs.resources.SimpleJsonResourceReloadListener/]: Couldn't parse data file efn:ruinsgreatsword from efn:recipes/ruinsgreatsword.json
com.google.gson.JsonParseException: java.io.EOFException: End of input at line 1 column 1 path $
	at net.minecraft.util.GsonHelper.m_13780_(GsonHelper.java:526) ~[server-1.20.1-20230612.114412-srg.jar%23424!/:?]
	at net.minecraft.util.GsonHelper.m_263475_(GsonHelper.java:531) ~[server-1.20.1-20230612.114412-srg.jar%23424!/:?]
	at net.minecraft.util.GsonHelper.m_13776_(GsonHelper.java:581) ~[server-1.20.1-20230612.114412-srg.jar%23424!/:?]
	at net.minecraft.server.packs.resources.SimpleJsonResourceReloadListener.m_278771_(SimpleJsonResourceReloadListener.java:41) ~[server-1.20.1-20230612.114412-srg.jar%23424!/:?]
	at net.minecraft.server.packs.resources.SimpleJsonResourceReloadListener.m_5944_(SimpleJsonResourceReloadListener.java:29) ~[server-1.20.1-20230612.114412-srg.jar%23424!/:?]
	at net.minecraft.server.packs.resources.SimpleJsonResourceReloadListener.m_5944_(SimpleJsonResourceReloadListener.java:17) ~[server-1.20.1-20230612.114412-srg.jar%23424!/:?]
	at net.minecraft.server.packs.resources.SimplePreparableReloadListener.m_10786_(SimplePreparableReloadListener.java:11) ~[server-1.20.1-20230612.114412-srg.jar%23424!/:?]
	at java.util.concurrent.CompletableFuture$AsyncSupply.run(CompletableFuture.java:1768) ~[?:?]
	at java.util.concurrent.CompletableFuture$AsyncSupply.exec(CompletableFuture.java:1760) ~[?:?]
	at java.util.concurrent.ForkJoinTask.doExec(ForkJoinTask.java:373) ~[?:?]
	at java.util.concurrent.ForkJoinPool$WorkQueue.topLevelExec(ForkJoinPool.java:1182) ~[?:?]
	at java.util.concurrent.ForkJoinPool.scan(ForkJoinPool.java:1655) ~[?:?]
	at java.util.concurrent.ForkJoinPool.runWorker(ForkJoinPool.java:1622) ~[?:?]
	at java.util.concurrent.ForkJoinWorkerThread.run(ForkJoinWorkerThread.java:165) ~[?:?]
Caused by: java.io.EOFException: End of input at line 1 column 1 path $
	at com.google.gson.stream.JsonReader.nextNonWhitespace(JsonReader.java:1455) ~[gson-2.10.jar%2372!/:?]
	at com.google.gson.stream.JsonReader.doPeek(JsonReader.java:558) ~[gson-2.10.jar%2372!/:?]
	at com.google.gson.stream.JsonReader.peek(JsonReader.java:433) ~[gson-2.10.jar%2372!/:?]
	at com.google.gson.internal.bind.TypeAdapters$28.read(TypeAdapters.java:769) ~[gson-2.10.jar%2372!/:?]
	at com.google.gson.internal.bind.TypeAdapters$28.read(TypeAdapters.java:725) ~[gson-2.10.jar%2372!/:?]
	at com.google.gson.internal.bind.TypeAdapters$34$1.read(TypeAdapters.java:1007) ~[gson-2.10.jar%2372!/:?]
	at net.minecraft.util.GsonHelper.m_13780_(GsonHelper.java:524) ~[server-1.20.1-20230612.114412-srg.jar%23424!/:?]
	... 13 more
[27Aug2026 11:17:07.228] [Worker-Main-1/ERROR] [net.minecraft.server.packs.resources.SimpleJsonResourceReloadListener/]: Couldn't parse data file irons_spellbooks:scroll_forge from irons_spellbooks:recipes/scroll_forge.json
com.google.gson.JsonParseException: java.io.EOFException: End of input at line 1 column 1 path $
	at net.minecraft.util.GsonHelper.m_13780_(GsonHelper.java:526) ~[server-1.20.1-20230612.114412-srg.jar%23424!/:?]
	at net.minecraft.util.GsonHelper.m_263475_(GsonHelper.java:531) ~[server-1.20.1-20230612.114412-srg.jar%23424!/:?]
	at net.minecraft.util.GsonHelper.m_13776_(GsonHelper.java:581) ~[server-1.20.1-20230612.114412-srg.jar%23424!/:?]
	at net.minecraft.server.packs.resources.SimpleJsonResourceReloadListener.m_278771_(SimpleJsonResourceReloadListener.java:41) ~[server-1.20.1-20230612.114412-srg.jar%23424!/:?]
	at net.minecraft.server.packs.resources.SimpleJsonResourceReloadListener.m_5944_(SimpleJsonResourceReloadListener.java:29) ~[server-1.20.1-20230612.114412-srg.jar%23424!/:?]
	at net.minecraft.server.packs.resources.SimpleJsonResourceReloadListener.m_5944_(SimpleJsonResourceReloadListener.java:17) ~[server-1.20.1-20230612.114412-srg.jar%23424!/:?]
	at net.minecraft.server.packs.resources.SimplePreparableReloadListener.m_10786_(SimplePreparableReloadListener.java:11) ~[server-1.20.1-20230612.114412-srg.jar%23424!/:?]
	at java.util.concurrent.CompletableFuture$AsyncSupply.run(CompletableFuture.java:1768) ~[?:?]
	at java.util.concurrent.CompletableFuture$AsyncSupply.exec(CompletableFuture.java:1760) ~[?:?]
	at java.util.concurrent.ForkJoinTask.doExec(ForkJoinTask.java:373) ~[?:?]
	at java.util.concurrent.ForkJoinPool$WorkQueue.topLevelExec(ForkJoinPool.java:1182) ~[?:?]
	at java.util.concurrent.ForkJoinPool.scan(ForkJoinPool.java:1655) ~[?:?]
	at java.util.concurrent.ForkJoinPool.runWorker(ForkJoinPool.java:1622) ~[?:?]
	at java.util.concurrent.ForkJoinWorkerThread.run(ForkJoinWorkerThread.java:165) ~[?:?]
Caused by: java.io.EOFException: End of input at line 1 column 1 path $
	at com.google.gson.stream.JsonReader.nextNonWhitespace(JsonReader.java:1455) ~[gson-2.10.jar%2372!/:?]
	at com.google.gson.stream.JsonReader.doPeek(JsonReader.java:558) ~[gson-2.10.jar%2372!/:?]
	at com.google.gson.stream.JsonReader.peek(JsonReader.java:433) ~[gson-2.10.jar%2372!/:?]
	at com.google.gson.internal.bind.TypeAdapters$28.read(TypeAdapters.java:769) ~[gson-2.10.jar%2372!/:?]
	at com.google.gson.internal.bind.TypeAdapters$28.read(TypeAdapters.java:725) ~[gson-2.10.jar%2372!/:?]
	at com.google.gson.internal.bind.TypeAdapters$34$1.read(TypeAdapters.java:1007) ~[gson-2.10.jar%2372!/:?]
	at net.minecraft.util.GsonHelper.m_13780_(GsonHelper.java:524) ~[server-1.20.1-20230612.114412-srg.jar%23424!/:?]
	... 13 more
[27Aug2026 11:17:07.231] [Worker-Main-1/ERROR] [net.minecraft.server.packs.resources.SimpleJsonResourceReloadListener/]: Couldn't parse data file aether:skyroot_smithing_table from aether:recipes/skyroot_smithing_table.json
com.google.gson.JsonParseException: java.io.EOFException: End of input at line 1 column 1 path $
	at net.minecraft.util.GsonHelper.m_13780_(GsonHelper.java:526) ~[server-1.20.1-20230612.114412-srg.jar%23424!/:?]
	at net.minecraft.util.GsonHelper.m_263475_(GsonHelper.java:531) ~[server-1.20.1-20230612.114412-srg.jar%23424!/:?]
	at net.minecraft.util.GsonHelper.m_13776_(GsonHelper.java:581) ~[server-1.20.1-20230612.114412-srg.jar%23424!/:?]
	at net.minecraft.server.packs.resources.SimpleJsonResourceReloadListener.m_278771_(SimpleJsonResourceReloadListener.java:41) ~[server-1.20.1-20230612.114412-srg.jar%23424!/:?]
	at net.minecraft.server.packs.resources.SimpleJsonResourceReloadListener.m_5944_(SimpleJsonResourceReloadListener.java:29) ~[server-1.20.1-20230612.114412-srg.jar%23424!/:?]
	at net.minecraft.server.packs.resources.SimpleJsonResourceReloadListener.m_5944_(SimpleJsonResourceReloadListener.java:17) ~[server-1.20.1-20230612.114412-srg.jar%23424!/:?]
	at net.minecraft.server.packs.resources.SimplePreparableReloadListener.m_10786_(SimplePreparableReloadListener.java:11) ~[server-1.20.1-20230612.114412-srg.jar%23424!/:?]
	at java.util.concurrent.CompletableFuture$AsyncSupply.run(CompletableFuture.java:1768) ~[?:?]
	at java.util.concurrent.CompletableFuture$AsyncSupply.exec(CompletableFuture.java:1760) ~[?:?]
	at java.util.concurrent.ForkJoinTask.doExec(ForkJoinTask.java:373) ~[?:?]
	at java.util.concurrent.ForkJoinPool$WorkQueue.topLevelExec(ForkJoinPool.java:1182) ~[?:?]
	at java.util.concurrent.ForkJoinPool.scan(ForkJoinPool.java:1655) ~[?:?]
	at java.util.concurrent.ForkJoinPool.runWorker(ForkJoinPool.java:1622) ~[?:?]
	at java.util.concurrent.ForkJoinWorkerThread.run(ForkJoinWorkerThread.java:165) ~[?:?]
Caused by: java.io.EOFException: End of input at line 1 column 1 path $
	at com.google.gson.stream.JsonReader.nextNonWhitespace(JsonReader.java:1455) ~[gson-2.10.jar%2372!/:?]
	at com.google.gson.stream.JsonReader.doPeek(JsonReader.java:558) ~[gson-2.10.jar%2372!/:?]
	at com.google.gson.stream.JsonReader.peek(JsonReader.java:433) ~[gson-2.10.jar%2372!/:?]
	at com.google.gson.internal.bind.TypeAdapters$28.read(TypeAdapters.java:769) ~[gson-2.10.jar%2372!/:?]
	at com.google.gson.internal.bind.TypeAdapters$28.read(TypeAdapters.java:725) ~[gson-2.10.jar%2372!/:?]
	at com.google.gson.internal.bind.TypeAdapters$34$1.read(TypeAdapters.java:1007) ~[gson-2.10.jar%2372!/:?]
	at net.minecraft.util.GsonHelper.m_13780_(GsonHelper.java:524) ~[server-1.20.1-20230612.114412-srg.jar%23424!/:?]
	... 13 more
[27Aug2026 11:17:07.233] [Worker-Main-1/ERROR] [net.minecraft.server.packs.resources.SimpleJsonResourceReloadListener/]: Couldn't parse data file efn:smithing/nf_shortsword_2 from efn:recipes/smithing/nf_shortsword_2.json
com.google.gson.JsonParseException: java.io.EOFException: End of input at line 1 column 1 path $
	at net.minecraft.util.GsonHelper.m_13780_(GsonHelper.java:526) ~[server-1.20.1-20230612.114412-srg.jar%23424!/:?]
	at net.minecraft.util.GsonHelper.m_263475_(GsonHelper.java:531) ~[server-1.20.1-20230612.114412-srg.jar%23424!/:?]
	at net.minecraft.util.GsonHelper.m_13776_(GsonHelper.java:581) ~[server-1.20.1-20230612.114412-srg.jar%23424!/:?]
	at net.minecraft.server.packs.resources.SimpleJsonResourceReloadListener.m_278771_(SimpleJsonResourceReloadListener.java:41) ~[server-1.20.1-20230612.114412-srg.jar%23424!/:?]
	at net.minecraft.server.packs.resources.SimpleJsonResourceReloadListener.m_5944_(SimpleJsonResourceReloadListener.java:29) ~[server-1.20.1-20230612.114412-srg.jar%23424!/:?]
	at net.minecraft.server.packs.resources.SimpleJsonResourceReloadListener.m_5944_(SimpleJsonResourceReloadListener.java:17) ~[server-1.20.1-20230612.114412-srg.jar%23424!/:?]
	at net.minecraft.server.packs.resources.SimplePreparableReloadListener.m_10786_(SimplePreparableReloadListener.java:11) ~[server-1.20.1-20230612.114412-srg.jar%23424!/:?]
	at java.util.concurrent.CompletableFuture$AsyncSupply.run(CompletableFuture.java:1768) ~[?:?]
	at java.util.concurrent.CompletableFuture$AsyncSupply.exec(CompletableFuture.java:1760) ~[?:?]
	at java.util.concurrent.ForkJoinTask.doExec(ForkJoinTask.java:373) ~[?:?]
	at java.util.concurrent.ForkJoinPool$WorkQueue.topLevelExec(ForkJoinPool.java:1182) ~[?:?]
	at java.util.concurrent.ForkJoinPool.scan(ForkJoinPool.java:1655) ~[?:?]
	at java.util.concurrent.ForkJoinPool.runWorker(ForkJoinPool.java:1622) ~[?:?]
	at java.util.concurrent.ForkJoinWorkerThread.run(ForkJoinWorkerThread.java:165) ~[?:?]
Caused by: java.io.EOFException: End of input at line 1 column 1 path $
	at com.google.gson.stream.JsonReader.nextNonWhitespace(JsonReader.java:1455) ~[gson-2.10.jar%2372!/:?]
	at com.google.gson.stream.JsonReader.doPeek(JsonReader.java:558) ~[gson-2.10.jar%2372!/:?]
	at com.google.gson.stream.JsonReader.peek(JsonReader.java:433) ~[gson-2.10.jar%2372!/:?]
	at com.google.gson.internal.bind.TypeAdapters$28.read(TypeAdapters.java:769) ~[gson-2.10.jar%2372!/:?]
	at com.google.gson.internal.bind.TypeAdapters$28.read(TypeAdapters.java:725) ~[gson-2.10.jar%2372!/:?]
	at com.google.gson.internal.bind.TypeAdapters$34$1.read(TypeAdapters.java:1007) ~[gson-2.10.jar%2372!/:?]
	at net.minecraft.util.GsonHelper.m_13780_(GsonHelper.java:524) ~[server-1.20.1-20230612.114412-srg.jar%23424!/:?]
	... 13 more
[27Aug2026 11:17:07.235] [Worker-Main-1/ERROR] [net.minecraft.server.packs.resources.SimpleJsonResourceReloadListener/]: Couldn't parse data file cataclysm:soul_render from cataclysm:recipes/soul_render.json
com.google.gson.JsonParseException: java.io.EOFException: End of input at line 1 column 1 path $
	at net.minecraft.util.GsonHelper.m_13780_(GsonHelper.java:526) ~[server-1.20.1-20230612.114412-srg.jar%23424!/:?]
	at net.minecraft.util.GsonHelper.m_263475_(GsonHelper.java:531) ~[server-1.20.1-20230612.114412-srg.jar%23424!/:?]
	at net.minecraft.util.GsonHelper.m_13776_(GsonHelper.java:581) ~[server-1.20.1-20230612.114412-srg.jar%23424!/:?]
	at net.minecraft.server.packs.resources.SimpleJsonResourceReloadListener.m_278771_(SimpleJsonResourceReloadListener.java:41) ~[server-1.20.1-20230612.114412-srg.jar%23424!/:?]
	at net.minecraft.server.packs.resources.SimpleJsonResourceReloadListener.m_5944_(SimpleJsonResourceReloadListener.java:29) ~[server-1.20.1-20230612.114412-srg.jar%23424!/:?]
	at net.minecraft.server.packs.resources.SimpleJsonResourceReloadListener.m_5944_(SimpleJsonResourceReloadListener.java:17) ~[server-1.20.1-20230612.114412-srg.jar%23424!/:?]
	at net.minecraft.server.packs.resources.SimplePreparableReloadListener.m_10786_(SimplePreparableReloadListener.java:11) ~[server-1.20.1-20230612.114412-srg.jar%23424!/:?]
	at java.util.concurrent.CompletableFuture$AsyncSupply.run(CompletableFuture.java:1768) ~[?:?]
	at java.util.concurrent.CompletableFuture$AsyncSupply.exec(CompletableFuture.java:1760) ~[?:?]
	at java.util.concurrent.ForkJoinTask.doExec(ForkJoinTask.java:373) ~[?:?]
	at java.util.concurrent.ForkJoinPool$WorkQueue.topLevelExec(ForkJoinPool.java:1182) ~[?:?]
	at java.util.concurrent.ForkJoinPool.scan(ForkJoinPool.java:1655) ~[?:?]
	at java.util.concurrent.ForkJoinPool.runWorker(ForkJoinPool.java:1622) ~[?:?]
	at java.util.concurrent.ForkJoinWorkerThread.run(ForkJoinWorkerThread.java:165) ~[?:?]
Caused by: java.io.EOFException: End of input at line 1 column 1 path $
	at com.google.gson.stream.JsonReader.nextNonWhitespace(JsonReader.java:1455) ~[gson-2.10.jar%2372!/:?]
	at com.google.gson.stream.JsonReader.doPeek(JsonReader.java:558) ~[gson-2.10.jar%2372!/:?]
	at com.google.gson.stream.JsonReader.peek(JsonReader.java:433) ~[gson-2.10.jar%2372!/:?]
	at com.google.gson.internal.bind.TypeAdapters$28.read(TypeAdapters.java:769) ~[gson-2.10.jar%2372!/:?]
	at com.google.gson.internal.bind.TypeAdapters$28.read(TypeAdapters.java:725) ~[gson-2.10.jar%2372!/:?]
	at com.google.gson.internal.bind.TypeAdapters$34$1.read(TypeAdapters.java:1007) ~[gson-2.10.jar%2372!/:?]
	at net.minecraft.util.GsonHelper.m_13780_(GsonHelper.java:524) ~[server-1.20.1-20230612.114412-srg.jar%23424!/:?]
	... 13 more
[27Aug2026 11:17:07.236] [Worker-Main-1/ERROR] [net.minecraft.server.packs.resources.SimpleJsonResourceReloadListener/]: Couldn't parse data file irons_spellbooks:spellbreaker from irons_spellbooks:recipes/spellbreaker.json
com.google.gson.JsonParseException: java.io.EOFException: End of input at line 1 column 1 path $
	at net.minecraft.util.GsonHelper.m_13780_(GsonHelper.java:526) ~[server-1.20.1-20230612.114412-srg.jar%23424!/:?]
	at net.minecraft.util.GsonHelper.m_263475_(GsonHelper.java:531) ~[server-1.20.1-20230612.114412-srg.jar%23424!/:?]
	at net.minecraft.util.GsonHelper.m_13776_(GsonHelper.java:581) ~[server-1.20.1-20230612.114412-srg.jar%23424!/:?]
	at net.minecraft.server.packs.resources.SimpleJsonResourceReloadListener.m_278771_(SimpleJsonResourceReloadListener.java:41) ~[server-1.20.1-20230612.114412-srg.jar%23424!/:?]
	at net.minecraft.server.packs.resources.SimpleJsonResourceReloadListener.m_5944_(SimpleJsonResourceReloadListener.java:29) ~[server-1.20.1-20230612.114412-srg.jar%23424!/:?]
	at net.minecraft.server.packs.resources.SimpleJsonResourceReloadListener.m_5944_(SimpleJsonResourceReloadListener.java:17) ~[server-1.20.1-20230612.114412-srg.jar%23424!/:?]
	at net.minecraft.server.packs.resources.SimplePreparableReloadListener.m_10786_(SimplePreparableReloadListener.java:11) ~[server-1.20.1-20230612.114412-srg.jar%23424!/:?]
	at java.util.concurrent.CompletableFuture$AsyncSupply.run(CompletableFuture.java:1768) ~[?:?]
	at java.util.concurrent.CompletableFuture$AsyncSupply.exec(CompletableFuture.java:1760) ~[?:?]
	at java.util.concurrent.ForkJoinTask.doExec(ForkJoinTask.java:373) ~[?:?]
	at java.util.concurrent.ForkJoinPool$WorkQueue.topLevelExec(ForkJoinPool.java:1182) ~[?:?]
	at java.util.concurrent.ForkJoinPool.scan(ForkJoinPool.java:1655) ~[?:?]
	at java.util.concurrent.ForkJoinPool.runWorker(ForkJoinPool.java:1622) ~[?:?]
	at java.util.concurrent.ForkJoinWorkerThread.run(ForkJoinWorkerThread.java:165) ~[?:?]
Caused by: java.io.EOFException: End of input at line 1 column 1 path $
	at com.google.gson.stream.JsonReader.nextNonWhitespace(JsonReader.java:1455) ~[gson-2.10.jar%2372!/:?]
	at com.google.gson.stream.JsonReader.doPeek(JsonReader.java:558) ~[gson-2.10.jar%2372!/:?]
	at com.google.gson.stream.JsonReader.peek(JsonReader.java:433) ~[gson-2.10.jar%2372!/:?]
	at com.google.gson.internal.bind.TypeAdapters$28.read(TypeAdapters.java:769) ~[gson-2.10.jar%2372!/:?]
	at com.google.gson.internal.bind.TypeAdapters$28.read(TypeAdapters.java:725) ~[gson-2.10.jar%2372!/:?]
	at com.google.gson.internal.bind.TypeAdapters$34$1.read(TypeAdapters.java:1007) ~[gson-2.10.jar%2372!/:?]
	at net.minecraft.util.GsonHelper.m_13780_(GsonHelper.java:524) ~[server-1.20.1-20230612.114412-srg.jar%23424!/:?]
	... 13 more
[27Aug2026 11:17:07.243] [Worker-Main-1/ERROR] [net.minecraft.server.packs.resources.SimpleJsonResourceReloadListener/]: Couldn't parse data file efn:sword_of_pioneer from efn:recipes/sword_of_pioneer.json
com.google.gson.JsonParseException: java.io.EOFException: End of input at line 1 column 1 path $
	at net.minecraft.util.GsonHelper.m_13780_(GsonHelper.java:526) ~[server-1.20.1-20230612.114412-srg.jar%23424!/:?]
	at net.minecraft.util.GsonHelper.m_263475_(GsonHelper.java:531) ~[server-1.20.1-20230612.114412-srg.jar%23424!/:?]
	at net.minecraft.util.GsonHelper.m_13776_(GsonHelper.java:581) ~[server-1.20.1-20230612.114412-srg.jar%23424!/:?]
	at net.minecraft.server.packs.resources.SimpleJsonResourceReloadListener.m_278771_(SimpleJsonResourceReloadListener.java:41) ~[server-1.20.1-20230612.114412-srg.jar%23424!/:?]
	at net.minecraft.server.packs.resources.SimpleJsonResourceReloadListener.m_5944_(SimpleJsonResourceReloadListener.java:29) ~[server-1.20.1-20230612.114412-srg.jar%23424!/:?]
	at net.minecraft.server.packs.resources.SimpleJsonResourceReloadListener.m_5944_(SimpleJsonResourceReloadListener.java:17) ~[server-1.20.1-20230612.114412-srg.jar%23424!/:?]
	at net.minecraft.server.packs.resources.SimplePreparableReloadListener.m_10786_(SimplePreparableReloadListener.java:11) ~[server-1.20.1-20230612.114412-srg.jar%23424!/:?]
	at java.util.concurrent.CompletableFuture$AsyncSupply.run(CompletableFuture.java:1768) ~[?:?]
	at java.util.concurrent.CompletableFuture$AsyncSupply.exec(CompletableFuture.java:1760) ~[?:?]
	at java.util.concurrent.ForkJoinTask.doExec(ForkJoinTask.java:373) ~[?:?]
	at java.util.concurrent.ForkJoinPool$WorkQueue.topLevelExec(ForkJoinPool.java:1182) ~[?:?]
	at java.util.concurrent.ForkJoinPool.scan(ForkJoinPool.java:1655) ~[?:?]
	at java.util.concurrent.ForkJoinPool.runWorker(ForkJoinPool.java:1622) ~[?:?]
	at java.util.concurrent.ForkJoinWorkerThread.run(ForkJoinWorkerThread.java:165) ~[?:?]
Caused by: java.io.EOFException: End of input at line 1 column 1 path $
	at com.google.gson.stream.JsonReader.nextNonWhitespace(JsonReader.java:1455) ~[gson-2.10.jar%2372!/:?]
	at com.google.gson.stream.JsonReader.doPeek(JsonReader.java:558) ~[gson-2.10.jar%2372!/:?]
	at com.google.gson.stream.JsonReader.peek(JsonReader.java:433) ~[gson-2.10.jar%2372!/:?]
	at com.google.gson.internal.bind.TypeAdapters$28.read(TypeAdapters.java:769) ~[gson-2.10.jar%2372!/:?]
	at com.google.gson.internal.bind.TypeAdapters$28.read(TypeAdapters.java:725) ~[gson-2.10.jar%2372!/:?]
	at com.google.gson.internal.bind.TypeAdapters$34$1.read(TypeAdapters.java:1007) ~[gson-2.10.jar%2372!/:?]
	at net.minecraft.util.GsonHelper.m_13780_(GsonHelper.java:524) ~[server-1.20.1-20230612.114412-srg.jar%23424!/:?]
	... 13 more
[27Aug2026 11:17:07.578] [Worker-Main-2/ERROR] [net.minecraftforge.common.ForgeHooks/]: Couldn't parse element loot_tables:bookofdragons:chests/stoker_den
com.google.gson.JsonSyntaxException: Expected name to be an item, was unknown string 'bookofdragons:monstrousnightmare_egg'
	at net.minecraft.util.GsonHelper.m_13866_(GsonHelper.java:145) ~[server-1.20.1-20230612.114412-srg.jar%23424!/:?]
	at java.util.Optional.orElseThrow(Optional.java:403) ~[?:?]
	at net.minecraft.util.GsonHelper.m_13874_(GsonHelper.java:145) ~[server-1.20.1-20230612.114412-srg.jar%23424!/:?]
	at net.minecraft.util.GsonHelper.m_13909_(GsonHelper.java:153) ~[server-1.20.1-20230612.114412-srg.jar%23424!/:?]
	at net.minecraft.world.level.storage.loot.entries.LootItem$Serializer.m_7267_(LootItem.java:55) ~[server-1.20.1-20230612.114412-srg.jar%23424!/:?]
	at net.minecraft.world.level.storage.loot.entries.LootItem$Serializer.m_7267_(LootItem.java:40) ~[server-1.20.1-20230612.114412-srg.jar%23424!/:?]
	at net.minecraft.world.level.storage.loot.entries.LootPoolSingletonContainer$Serializer.m_5921_(LootPoolSingletonContainer.java:151) ~[server-1.20.1-20230612.114412-srg.jar%23424!/:?]
	at net.minecraft.world.level.storage.loot.entries.LootPoolSingletonContainer$Serializer.m_5921_(LootPoolSingletonContainer.java:129) ~[server-1.20.1-20230612.114412-srg.jar%23424!/:?]
	at net.minecraft.world.level.storage.loot.entries.LootPoolEntryContainer$Serializer.m_7561_(LootPoolEntryContainer.java:86) ~[server-1.20.1-20230612.114412-srg.jar%23424!/:?]
	at net.minecraft.world.level.storage.loot.entries.LootPoolEntryContainer$Serializer.m_7561_(LootPoolEntryContainer.java:74) ~[server-1.20.1-20230612.114412-srg.jar%23424!/:?]
	at net.minecraft.world.level.storage.loot.GsonAdapterFactory$JsonAdapter.deserialize(GsonAdapterFactory.java:102) ~[server-1.20.1-20230612.114412-srg.jar%23424!/:?]
	at com.google.gson.internal.bind.TreeTypeAdapter.read(TreeTypeAdapter.java:76) ~[gson-2.10.jar%2372!/:?]
	at com.google.gson.internal.bind.TypeAdapterRuntimeTypeWrapper.read(TypeAdapterRuntimeTypeWrapper.java:40) ~[gson-2.10.jar%2372!/:?]
	at com.google.gson.internal.bind.ArrayTypeAdapter.read(ArrayTypeAdapter.java:72) ~[gson-2.10.jar%2372!/:?]
	at com.google.gson.Gson.fromJson(Gson.java:1214) ~[gson-2.10.jar%2372!/:?]
	at com.google.gson.Gson.fromJson(Gson.java:1319) ~[gson-2.10.jar%2372!/:?]
	at com.google.gson.Gson.fromJson(Gson.java:1290) ~[gson-2.10.jar%2372!/:?]
	at com.google.gson.internal.bind.TreeTypeAdapter$GsonContextImpl.deserialize(TreeTypeAdapter.java:179) ~[gson-2.10.jar%2372!/:?]
	at net.minecraft.util.GsonHelper.m_13808_(GsonHelper.java:463) ~[server-1.20.1-20230612.114412-srg.jar%23424!/:?]
	at net.minecraft.util.GsonHelper.m_13836_(GsonHelper.java:471) ~[server-1.20.1-20230612.114412-srg.jar%23424!/:?]
	at net.minecraft.world.level.storage.loot.LootPool$Serializer.deserialize(LootPool.java:192) ~[server-1.20.1-20230612.114412-srg.jar%23424!/:?]
	at net.minecraft.world.level.storage.loot.LootPool$Serializer.deserialize(LootPool.java:189) ~[server-1.20.1-20230612.114412-srg.jar%23424!/:?]
	at com.google.gson.internal.bind.TreeTypeAdapter.read(TreeTypeAdapter.java:76) ~[gson-2.10.jar%2372!/:?]
	at com.google.gson.internal.bind.TypeAdapterRuntimeTypeWrapper.read(TypeAdapterRuntimeTypeWrapper.java:40) ~[gson-2.10.jar%2372!/:?]
	at com.google.gson.internal.bind.ArrayTypeAdapter.read(ArrayTypeAdapter.java:72) ~[gson-2.10.jar%2372!/:?]
	at com.google.gson.Gson.fromJson(Gson.java:1214) ~[gson-2.10.jar%2372!/:?]
	at com.google.gson.Gson.fromJson(Gson.java:1319) ~[gson-2.10.jar%2372!/:?]
	at com.google.gson.Gson.fromJson(Gson.java:1290) ~[gson-2.10.jar%2372!/:?]
	at com.google.gson.internal.bind.TreeTypeAdapter$GsonContextImpl.deserialize(TreeTypeAdapter.java:179) ~[gson-2.10.jar%2372!/:?]
	at net.minecraft.util.GsonHelper.m_13808_(GsonHelper.java:463) ~[server-1.20.1-20230612.114412-srg.jar%23424!/:?]
	at net.minecraft.util.GsonHelper.m_13845_(GsonHelper.java:481) ~[server-1.20.1-20230612.114412-srg.jar%23424!/:?]
	at net.minecraft.world.level.storage.loot.LootTable$Serializer.deserialize(LootTable.java:294) ~[server-1.20.1-20230612.114412-srg.jar%23424!/:?]
	at net.minecraft.world.level.storage.loot.LootTable$Serializer.deserialize(LootTable.java:291) ~[server-1.20.1-20230612.114412-srg.jar%23424!/:?]
	at com.google.gson.internal.bind.TreeTypeAdapter.read(TreeTypeAdapter.java:76) ~[gson-2.10.jar%2372!/:?]
	at com.google.gson.Gson.fromJson(Gson.java:1214) ~[gson-2.10.jar%2372!/:?]
	at com.google.gson.Gson.fromJson(Gson.java:1319) ~[gson-2.10.jar%2372!/:?]
	at com.google.gson.Gson.fromJson(Gson.java:1261) ~[gson-2.10.jar%2372!/:?]
	at net.minecraftforge.common.ForgeHooks.loadLootTable(ForgeHooks.java:871) ~[forge-1.20.1-47.4.4-universal.jar%23429!/:?]
	at net.minecraftforge.common.ForgeHooks.lambda$getLootTableDeserializer$3(ForgeHooks.java:848) ~[forge-1.20.1-47.4.4-universal.jar%23429!/:?]
	at net.minecraft.world.level.storage.loot.LootDataType.deserialize(LootDataType.java:45) ~[server-1.20.1-20230612.114412-srg.jar%23424!/:?]
	at net.minecraft.world.level.storage.loot.LootDataManager.lambda$scheduleElementParse$4(LootDataManager.java:56) ~[server-1.20.1-20230612.114412-srg.jar%23424!/:?]
	at java.util.HashMap.forEach(HashMap.java:1421) ~[?:?]
	at net.minecraft.world.level.storage.loot.LootDataManager.m_278660_(LootDataManager.java:55) ~[server-1.20.1-20230612.114412-srg.jar%23424!/:?]
	at java.util.concurrent.CompletableFuture$AsyncRun.run(CompletableFuture.java:1804) ~[?:?]
	at java.util.concurrent.CompletableFuture$AsyncRun.exec(CompletableFuture.java:1796) ~[?:?]
	at java.util.concurrent.ForkJoinTask.doExec(ForkJoinTask.java:373) ~[?:?]
	at java.util.concurrent.ForkJoinPool$WorkQueue.topLevelExec(ForkJoinPool.java:1182) ~[?:?]
	at java.util.concurrent.ForkJoinPool.scan(ForkJoinPool.java:1655) ~[?:?]
	at java.util.concurrent.ForkJoinPool.runWorker(ForkJoinPool.java:1622) ~[?:?]
	at java.util.concurrent.ForkJoinWorkerThread.run(ForkJoinWorkerThread.java:165) ~[?:?]
[27Aug2026 11:17:07.943] [Worker-Main-1/ERROR] [net.minecraft.server.packs.resources.SimpleJsonResourceReloadListener/]: Couldn't parse data file fromtheshadows:thirst_for_blood from fromtheshadows:recipes/thirst_for_blood.json
com.google.gson.JsonParseException: java.io.EOFException: End of input at line 1 column 1 path $
	at net.minecraft.util.GsonHelper.m_13780_(GsonHelper.java:526) ~[server-1.20.1-20230612.114412-srg.jar%23424!/:?]
	at net.minecraft.util.GsonHelper.m_263475_(GsonHelper.java:531) ~[server-1.20.1-20230612.114412-srg.jar%23424!/:?]
	at net.minecraft.util.GsonHelper.m_13776_(GsonHelper.java:581) ~[server-1.20.1-20230612.114412-srg.jar%23424!/:?]
	at net.minecraft.server.packs.resources.SimpleJsonResourceReloadListener.m_278771_(SimpleJsonResourceReloadListener.java:41) ~[server-1.20.1-20230612.114412-srg.jar%23424!/:?]
	at net.minecraft.server.packs.resources.SimpleJsonResourceReloadListener.m_5944_(SimpleJsonResourceReloadListener.java:29) ~[server-1.20.1-20230612.114412-srg.jar%23424!/:?]
	at net.minecraft.server.packs.resources.SimpleJsonResourceReloadListener.m_5944_(SimpleJsonResourceReloadListener.java:17) ~[server-1.20.1-20230612.114412-srg.jar%23424!/:?]
	at net.minecraft.server.packs.resources.SimplePreparableReloadListener.m_10786_(SimplePreparableReloadListener.java:11) ~[server-1.20.1-20230612.114412-srg.jar%23424!/:?]
	at java.util.concurrent.CompletableFuture$AsyncSupply.run(CompletableFuture.java:1768) ~[?:?]
	at java.util.concurrent.CompletableFuture$AsyncSupply.exec(CompletableFuture.java:1760) ~[?:?]
	at java.util.concurrent.ForkJoinTask.doExec(ForkJoinTask.java:373) ~[?:?]
	at java.util.concurrent.ForkJoinPool$WorkQueue.topLevelExec(ForkJoinPool.java:1182) ~[?:?]
	at java.util.concurrent.ForkJoinPool.scan(ForkJoinPool.java:1655) ~[?:?]
	at java.util.concurrent.ForkJoinPool.runWorker(ForkJoinPool.java:1622) ~[?:?]
	at java.util.concurrent.ForkJoinWorkerThread.run(ForkJoinWorkerThread.java:165) ~[?:?]
Caused by: java.io.EOFException: End of input at line 1 column 1 path $
	at com.google.gson.stream.JsonReader.nextNonWhitespace(JsonReader.java:1455) ~[gson-2.10.jar%2372!/:?]
	at com.google.gson.stream.JsonReader.doPeek(JsonReader.java:558) ~[gson-2.10.jar%2372!/:?]
	at com.google.gson.stream.JsonReader.peek(JsonReader.java:433) ~[gson-2.10.jar%2372!/:?]
	at com.google.gson.internal.bind.TypeAdapters$28.read(TypeAdapters.java:769) ~[gson-2.10.jar%2372!/:?]
	at com.google.gson.internal.bind.TypeAdapters$28.read(TypeAdapters.java:725) ~[gson-2.10.jar%2372!/:?]
	at com.google.gson.internal.bind.TypeAdapters$34$1.read(TypeAdapters.java:1007) ~[gson-2.10.jar%2372!/:?]
	at net.minecraft.util.GsonHelper.m_13780_(GsonHelper.java:524) ~[server-1.20.1-20230612.114412-srg.jar%23424!/:?]
	... 13 more
[27Aug2026 11:17:07.948] [Worker-Main-1/ERROR] [net.minecraft.server.packs.resources.SimpleJsonResourceReloadListener/]: Couldn't parse data file irons_spellbooks:twilight_gale from irons_spellbooks:recipes/twilight_gale.json
com.google.gson.JsonParseException: java.io.EOFException: End of input at line 1 column 1 path $
	at net.minecraft.util.GsonHelper.m_13780_(GsonHelper.java:526) ~[server-1.20.1-20230612.114412-srg.jar%23424!/:?]
	at net.minecraft.util.GsonHelper.m_263475_(GsonHelper.java:531) ~[server-1.20.1-20230612.114412-srg.jar%23424!/:?]
	at net.minecraft.util.GsonHelper.m_13776_(GsonHelper.java:581) ~[server-1.20.1-20230612.114412-srg.jar%23424!/:?]
	at net.minecraft.server.packs.resources.SimpleJsonResourceReloadListener.m_278771_(SimpleJsonResourceReloadListener.java:41) ~[server-1.20.1-20230612.114412-srg.jar%23424!/:?]
	at net.minecraft.server.packs.resources.SimpleJsonResourceReloadListener.m_5944_(SimpleJsonResourceReloadListener.java:29) ~[server-1.20.1-20230612.114412-srg.jar%23424!/:?]
	at net.minecraft.server.packs.resources.SimpleJsonResourceReloadListener.m_5944_(SimpleJsonResourceReloadListener.java:17) ~[server-1.20.1-20230612.114412-srg.jar%23424!/:?]
	at net.minecraft.server.packs.resources.SimplePreparableReloadListener.m_10786_(SimplePreparableReloadListener.java:11) ~[server-1.20.1-20230612.114412-srg.jar%23424!/:?]
	at java.util.concurrent.CompletableFuture$AsyncSupply.run(CompletableFuture.java:1768) ~[?:?]
	at java.util.concurrent.CompletableFuture$AsyncSupply.exec(CompletableFuture.java:1760) ~[?:?]
	at java.util.concurrent.ForkJoinTask.doExec(ForkJoinTask.java:373) ~[?:?]
	at java.util.concurrent.ForkJoinPool$WorkQueue.topLevelExec(ForkJoinPool.java:1182) ~[?:?]
	at java.util.concurrent.ForkJoinPool.scan(ForkJoinPool.java:1655) ~[?:?]
	at java.util.concurrent.ForkJoinPool.runWorker(ForkJoinPool.java:1622) ~[?:?]
	at java.util.concurrent.ForkJoinWorkerThread.run(ForkJoinWorkerThread.java:165) ~[?:?]
Caused by: java.io.EOFException: End of input at line 1 column 1 path $
	at com.google.gson.stream.JsonReader.nextNonWhitespace(JsonReader.java:1455) ~[gson-2.10.jar%2372!/:?]
	at com.google.gson.stream.JsonReader.doPeek(JsonReader.java:558) ~[gson-2.10.jar%2372!/:?]
	at com.google.gson.stream.JsonReader.peek(JsonReader.java:433) ~[gson-2.10.jar%2372!/:?]
	at com.google.gson.internal.bind.TypeAdapters$28.read(TypeAdapters.java:769) ~[gson-2.10.jar%2372!/:?]
	at com.google.gson.internal.bind.TypeAdapters$28.read(TypeAdapters.java:725) ~[gson-2.10.jar%2372!/:?]
	at com.google.gson.internal.bind.TypeAdapters$34$1.read(TypeAdapters.java:1007) ~[gson-2.10.jar%2372!/:?]
	at net.minecraft.util.GsonHelper.m_13780_(GsonHelper.java:524) ~[server-1.20.1-20230612.114412-srg.jar%23424!/:?]
	... 13 more
[27Aug2026 11:17:07.949] [Worker-Main-1/ERROR] [net.minecraft.server.packs.resources.SimpleJsonResourceReloadListener/]: Couldn't parse data file cataclysm_spellbooks:void_staff from cataclysm_spellbooks:recipes/void_staff.json
com.google.gson.JsonParseException: java.io.EOFException: End of input at line 1 column 1 path $
	at net.minecraft.util.GsonHelper.m_13780_(GsonHelper.java:526) ~[server-1.20.1-20230612.114412-srg.jar%23424!/:?]
	at net.minecraft.util.GsonHelper.m_263475_(GsonHelper.java:531) ~[server-1.20.1-20230612.114412-srg.jar%23424!/:?]
	at net.minecraft.util.GsonHelper.m_13776_(GsonHelper.java:581) ~[server-1.20.1-20230612.114412-srg.jar%23424!/:?]
	at net.minecraft.server.packs.resources.SimpleJsonResourceReloadListener.m_278771_(SimpleJsonResourceReloadListener.java:41) ~[server-1.20.1-20230612.114412-srg.jar%23424!/:?]
	at net.minecraft.server.packs.resources.SimpleJsonResourceReloadListener.m_5944_(SimpleJsonResourceReloadListener.java:29) ~[server-1.20.1-20230612.114412-srg.jar%23424!/:?]
	at net.minecraft.server.packs.resources.SimpleJsonResourceReloadListener.m_5944_(SimpleJsonResourceReloadListener.java:17) ~[server-1.20.1-20230612.114412-srg.jar%23424!/:?]
	at net.minecraft.server.packs.resources.SimplePreparableReloadListener.m_10786_(SimplePreparableReloadListener.java:11) ~[server-1.20.1-20230612.114412-srg.jar%23424!/:?]
	at java.util.concurrent.CompletableFuture$AsyncSupply.run(CompletableFuture.java:1768) ~[?:?]
	at java.util.concurrent.CompletableFuture$AsyncSupply.exec(CompletableFuture.java:1760) ~[?:?]
	at java.util.concurrent.ForkJoinTask.doExec(ForkJoinTask.java:373) ~[?:?]
	at java.util.concurrent.ForkJoinPool$WorkQueue.topLevelExec(ForkJoinPool.java:1182) ~[?:?]
	at java.util.concurrent.ForkJoinPool.scan(ForkJoinPool.java:1655) ~[?:?]
	at java.util.concurrent.ForkJoinPool.runWorker(ForkJoinPool.java:1622) ~[?:?]
	at java.util.concurrent.ForkJoinWorkerThread.run(ForkJoinWorkerThread.java:165) ~[?:?]
Caused by: java.io.EOFException: End of input at line 1 column 1 path $
	at com.google.gson.stream.JsonReader.nextNonWhitespace(JsonReader.java:1455) ~[gson-2.10.jar%2372!/:?]
	at com.google.gson.stream.JsonReader.doPeek(JsonReader.java:558) ~[gson-2.10.jar%2372!/:?]
	at com.google.gson.stream.JsonReader.peek(JsonReader.java:433) ~[gson-2.10.jar%2372!/:?]
	at com.google.gson.internal.bind.TypeAdapters$28.read(TypeAdapters.java:769) ~[gson-2.10.jar%2372!/:?]
	at com.google.gson.internal.bind.TypeAdapters$28.read(TypeAdapters.java:725) ~[gson-2.10.jar%2372!/:?]
	at com.google.gson.internal.bind.TypeAdapters$34$1.read(TypeAdapters.java:1007) ~[gson-2.10.jar%2372!/:?]
	at net.minecraft.util.GsonHelper.m_13780_(GsonHelper.java:524) ~[server-1.20.1-20230612.114412-srg.jar%23424!/:?]
	... 13 more
[27Aug2026 11:17:07.952] [Worker-Main-1/ERROR] [net.minecraft.server.packs.resources.SimpleJsonResourceReloadListener/]: Couldn't parse data file cataclysm:weapon_infusion/gauntlet_of_bulwark from cataclysm:recipes/weapon_infusion/gauntlet_of_bulwark.json
com.google.gson.JsonParseException: java.io.EOFException: End of input at line 1 column 1 path $
	at net.minecraft.util.GsonHelper.m_13780_(GsonHelper.java:526) ~[server-1.20.1-20230612.114412-srg.jar%23424!/:?]
	at net.minecraft.util.GsonHelper.m_263475_(GsonHelper.java:531) ~[server-1.20.1-20230612.114412-srg.jar%23424!/:?]
	at net.minecraft.util.GsonHelper.m_13776_(GsonHelper.java:581) ~[server-1.20.1-20230612.114412-srg.jar%23424!/:?]
	at net.minecraft.server.packs.resources.SimpleJsonResourceReloadListener.m_278771_(SimpleJsonResourceReloadListener.java:41) ~[server-1.20.1-20230612.114412-srg.jar%23424!/:?]
	at net.minecraft.server.packs.resources.SimpleJsonResourceReloadListener.m_5944_(SimpleJsonResourceReloadListener.java:29) ~[server-1.20.1-20230612.114412-srg.jar%23424!/:?]
	at net.minecraft.server.packs.resources.SimpleJsonResourceReloadListener.m_5944_(SimpleJsonResourceReloadListener.java:17) ~[server-1.20.1-20230612.114412-srg.jar%23424!/:?]
	at net.minecraft.server.packs.resources.SimplePreparableReloadListener.m_10786_(SimplePreparableReloadListener.java:11) ~[server-1.20.1-20230612.114412-srg.jar%23424!/:?]
	at java.util.concurrent.CompletableFuture$AsyncSupply.run(CompletableFuture.java:1768) ~[?:?]
	at java.util.concurrent.CompletableFuture$AsyncSupply.exec(CompletableFuture.java:1760) ~[?:?]
	at java.util.concurrent.ForkJoinTask.doExec(ForkJoinTask.java:373) ~[?:?]
	at java.util.concurrent.ForkJoinPool$WorkQueue.topLevelExec(ForkJoinPool.java:1182) ~[?:?]
	at java.util.concurrent.ForkJoinPool.scan(ForkJoinPool.java:1655) ~[?:?]
	at java.util.concurrent.ForkJoinPool.runWorker(ForkJoinPool.java:1622) ~[?:?]
	at java.util.concurrent.ForkJoinWorkerThread.run(ForkJoinWorkerThread.java:165) ~[?:?]
Caused by: java.io.EOFException: End of input at line 1 column 1 path $
	at com.google.gson.stream.JsonReader.nextNonWhitespace(JsonReader.java:1455) ~[gson-2.10.jar%2372!/:?]
	at com.google.gson.stream.JsonReader.doPeek(JsonReader.java:558) ~[gson-2.10.jar%2372!/:?]
	at com.google.gson.stream.JsonReader.peek(JsonReader.java:433) ~[gson-2.10.jar%2372!/:?]
	at com.google.gson.internal.bind.TypeAdapters$28.read(TypeAdapters.java:769) ~[gson-2.10.jar%2372!/:?]
	at com.google.gson.internal.bind.TypeAdapters$28.read(TypeAdapters.java:725) ~[gson-2.10.jar%2372!/:?]
	at com.google.gson.internal.bind.TypeAdapters$34$1.read(TypeAdapters.java:1007) ~[gson-2.10.jar%2372!/:?]
	at net.minecraft.util.GsonHelper.m_13780_(GsonHelper.java:524) ~[server-1.20.1-20230612.114412-srg.jar%23424!/:?]
	... 13 more
[27Aug2026 11:17:07.953] [Worker-Main-1/ERROR] [net.minecraft.server.packs.resources.SimpleJsonResourceReloadListener/]: Couldn't parse data file cataclysm:weapon_infusion/gauntlet_of_maelstrom from cataclysm:recipes/weapon_infusion/gauntlet_of_maelstrom.json
com.google.gson.JsonParseException: java.io.EOFException: End of input at line 1 column 1 path $
	at net.minecraft.util.GsonHelper.m_13780_(GsonHelper.java:526) ~[server-1.20.1-20230612.114412-srg.jar%23424!/:?]
	at net.minecraft.util.GsonHelper.m_263475_(GsonHelper.java:531) ~[server-1.20.1-20230612.114412-srg.jar%23424!/:?]
	at net.minecraft.util.GsonHelper.m_13776_(GsonHelper.java:581) ~[server-1.20.1-20230612.114412-srg.jar%23424!/:?]
	at net.minecraft.server.packs.resources.SimpleJsonResourceReloadListener.m_278771_(SimpleJsonResourceReloadListener.java:41) ~[server-1.20.1-20230612.114412-srg.jar%23424!/:?]
	at net.minecraft.server.packs.resources.SimpleJsonResourceReloadListener.m_5944_(SimpleJsonResourceReloadListener.java:29) ~[server-1.20.1-20230612.114412-srg.jar%23424!/:?]
	at net.minecraft.server.packs.resources.SimpleJsonResourceReloadListener.m_5944_(SimpleJsonResourceReloadListener.java:17) ~[server-1.20.1-20230612.114412-srg.jar%23424!/:?]
	at net.minecraft.server.packs.resources.SimplePreparableReloadListener.m_10786_(SimplePreparableReloadListener.java:11) ~[server-1.20.1-20230612.114412-srg.jar%23424!/:?]
	at java.util.concurrent.CompletableFuture$AsyncSupply.run(CompletableFuture.java:1768) ~[?:?]
	at java.util.concurrent.CompletableFuture$AsyncSupply.exec(CompletableFuture.java:1760) ~[?:?]
	at java.util.concurrent.ForkJoinTask.doExec(ForkJoinTask.java:373) ~[?:?]
	at java.util.concurrent.ForkJoinPool$WorkQueue.topLevelExec(ForkJoinPool.java:1182) ~[?:?]
	at java.util.concurrent.ForkJoinPool.scan(ForkJoinPool.java:1655) ~[?:?]
	at java.util.concurrent.ForkJoinPool.runWorker(ForkJoinPool.java:1622) ~[?:?]
	at java.util.concurrent.ForkJoinWorkerThread.run(ForkJoinWorkerThread.java:165) ~[?:?]
Caused by: java.io.EOFException: End of input at line 1 column 1 path $
	at com.google.gson.stream.JsonReader.nextNonWhitespace(JsonReader.java:1455) ~[gson-2.10.jar%2372!/:?]
	at com.google.gson.stream.JsonReader.doPeek(JsonReader.java:558) ~[gson-2.10.jar%2372!/:?]
	at com.google.gson.stream.JsonReader.peek(JsonReader.java:433) ~[gson-2.10.jar%2372!/:?]
	at com.google.gson.internal.bind.TypeAdapters$28.read(TypeAdapters.java:769) ~[gson-2.10.jar%2372!/:?]
	at com.google.gson.internal.bind.TypeAdapters$28.read(TypeAdapters.java:725) ~[gson-2.10.jar%2372!/:?]
	at com.google.gson.internal.bind.TypeAdapters$34$1.read(TypeAdapters.java:1007) ~[gson-2.10.jar%2372!/:?]
	at net.minecraft.util.GsonHelper.m_13780_(GsonHelper.java:524) ~[server-1.20.1-20230612.114412-srg.jar%23424!/:?]
	... 13 more
[27Aug2026 11:17:07.953] [Worker-Main-1/ERROR] [net.minecraft.server.packs.resources.SimpleJsonResourceReloadListener/]: Couldn't parse data file cataclysm:weapon_infusion/the_immolator from cataclysm:recipes/weapon_infusion/the_immolator.json
com.google.gson.JsonParseException: java.io.EOFException: End of input at line 1 column 1 path $
	at net.minecraft.util.GsonHelper.m_13780_(GsonHelper.java:526) ~[server-1.20.1-20230612.114412-srg.jar%23424!/:?]
	at net.minecraft.util.GsonHelper.m_263475_(GsonHelper.java:531) ~[server-1.20.1-20230612.114412-srg.jar%23424!/:?]
	at net.minecraft.util.GsonHelper.m_13776_(GsonHelper.java:581) ~[server-1.20.1-20230612.114412-srg.jar%23424!/:?]
	at net.minecraft.server.packs.resources.SimpleJsonResourceReloadListener.m_278771_(SimpleJsonResourceReloadListener.java:41) ~[server-1.20.1-20230612.114412-srg.jar%23424!/:?]
	at net.minecraft.server.packs.resources.SimpleJsonResourceReloadListener.m_5944_(SimpleJsonResourceReloadListener.java:29) ~[server-1.20.1-20230612.114412-srg.jar%23424!/:?]
	at net.minecraft.server.packs.resources.SimpleJsonResourceReloadListener.m_5944_(SimpleJsonResourceReloadListener.java:17) ~[server-1.20.1-20230612.114412-srg.jar%23424!/:?]
	at net.minecraft.server.packs.resources.SimplePreparableReloadListener.m_10786_(SimplePreparableReloadListener.java:11) ~[server-1.20.1-20230612.114412-srg.jar%23424!/:?]
	at java.util.concurrent.CompletableFuture$AsyncSupply.run(CompletableFuture.java:1768) ~[?:?]
	at java.util.concurrent.CompletableFuture$AsyncSupply.exec(CompletableFuture.java:1760) ~[?:?]
	at java.util.concurrent.ForkJoinTask.doExec(ForkJoinTask.java:373) ~[?:?]
	at java.util.concurrent.ForkJoinPool$WorkQueue.topLevelExec(ForkJoinPool.java:1182) ~[?:?]
	at java.util.concurrent.ForkJoinPool.scan(ForkJoinPool.java:1655) ~[?:?]
	at java.util.concurrent.ForkJoinPool.runWorker(ForkJoinPool.java:1622) ~[?:?]
	at java.util.concurrent.ForkJoinWorkerThread.run(ForkJoinWorkerThread.java:165) ~[?:?]
Caused by: java.io.EOFException: End of input at line 1 column 1 path $
	at com.google.gson.stream.JsonReader.nextNonWhitespace(JsonReader.java:1455) ~[gson-2.10.jar%2372!/:?]
	at com.google.gson.stream.JsonReader.doPeek(JsonReader.java:558) ~[gson-2.10.jar%2372!/:?]
	at com.google.gson.stream.JsonReader.peek(JsonReader.java:433) ~[gson-2.10.jar%2372!/:?]
	at com.google.gson.internal.bind.TypeAdapters$28.read(TypeAdapters.java:769) ~[gson-2.10.jar%2372!/:?]
	at com.google.gson.internal.bind.TypeAdapters$28.read(TypeAdapters.java:725) ~[gson-2.10.jar%2372!/:?]
	at com.google.gson.internal.bind.TypeAdapters$34$1.read(TypeAdapters.java:1007) ~[gson-2.10.jar%2372!/:?]
	at net.minecraft.util.GsonHelper.m_13780_(GsonHelper.java:524) ~[server-1.20.1-20230612.114412-srg.jar%23424!/:?]
	... 13 more
[27Aug2026 11:17:07.954] [Worker-Main-1/ERROR] [net.minecraft.server.packs.resources.SimpleJsonResourceReloadListener/]: Couldn't parse data file cataclysm:weapon_infusion/void_assault_shoulder_weapon from cataclysm:recipes/weapon_infusion/void_assault_shoulder_weapon.json
com.google.gson.JsonParseException: java.io.EOFException: End of input at line 1 column 1 path $
	at net.minecraft.util.GsonHelper.m_13780_(GsonHelper.java:526) ~[server-1.20.1-20230612.114412-srg.jar%23424!/:?]
	at net.minecraft.util.GsonHelper.m_263475_(GsonHelper.java:531) ~[server-1.20.1-20230612.114412-srg.jar%23424!/:?]
	at net.minecraft.util.GsonHelper.m_13776_(GsonHelper.java:581) ~[server-1.20.1-20230612.114412-srg.jar%23424!/:?]
	at net.minecraft.server.packs.resources.SimpleJsonResourceReloadListener.m_278771_(SimpleJsonResourceReloadListener.java:41) ~[server-1.20.1-20230612.114412-srg.jar%23424!/:?]
	at net.minecraft.server.packs.resources.SimpleJsonResourceReloadListener.m_5944_(SimpleJsonResourceReloadListener.java:29) ~[server-1.20.1-20230612.114412-srg.jar%23424!/:?]
	at net.minecraft.server.packs.resources.SimpleJsonResourceReloadListener.m_5944_(SimpleJsonResourceReloadListener.java:17) ~[server-1.20.1-20230612.114412-srg.jar%23424!/:?]
	at net.minecraft.server.packs.resources.SimplePreparableReloadListener.m_10786_(SimplePreparableReloadListener.java:11) ~[server-1.20.1-20230612.114412-srg.jar%23424!/:?]
	at java.util.concurrent.CompletableFuture$AsyncSupply.run(CompletableFuture.java:1768) ~[?:?]
	at java.util.concurrent.CompletableFuture$AsyncSupply.exec(CompletableFuture.java:1760) ~[?:?]
	at java.util.concurrent.ForkJoinTask.doExec(ForkJoinTask.java:373) ~[?:?]
	at java.util.concurrent.ForkJoinPool$WorkQueue.topLevelExec(ForkJoinPool.java:1182) ~[?:?]
	at java.util.concurrent.ForkJoinPool.scan(ForkJoinPool.java:1655) ~[?:?]
	at java.util.concurrent.ForkJoinPool.runWorker(ForkJoinPool.java:1622) ~[?:?]
	at java.util.concurrent.ForkJoinWorkerThread.run(ForkJoinWorkerThread.java:165) ~[?:?]
Caused by: java.io.EOFException: End of input at line 1 column 1 path $
	at com.google.gson.stream.JsonReader.nextNonWhitespace(JsonReader.java:1455) ~[gson-2.10.jar%2372!/:?]
	at com.google.gson.stream.JsonReader.doPeek(JsonReader.java:558) ~[gson-2.10.jar%2372!/:?]
	at com.google.gson.stream.JsonReader.peek(JsonReader.java:433) ~[gson-2.10.jar%2372!/:?]
	at com.google.gson.internal.bind.TypeAdapters$28.read(TypeAdapters.java:769) ~[gson-2.10.jar%2372!/:?]
	at com.google.gson.internal.bind.TypeAdapters$28.read(TypeAdapters.java:725) ~[gson-2.10.jar%2372!/:?]
	at com.google.gson.internal.bind.TypeAdapters$34$1.read(TypeAdapters.java:1007) ~[gson-2.10.jar%2372!/:?]
	at net.minecraft.util.GsonHelper.m_13780_(GsonHelper.java:524) ~[server-1.20.1-20230612.114412-srg.jar%23424!/:?]
	... 13 more
[27Aug2026 11:17:07.954] [Worker-Main-1/ERROR] [net.minecraft.server.packs.resources.SimpleJsonResourceReloadListener/]: Couldn't parse data file cataclysm:weapon_infusion/void_forge from cataclysm:recipes/weapon_infusion/void_forge.json
com.google.gson.JsonParseException: java.io.EOFException: End of input at line 1 column 1 path $
	at net.minecraft.util.GsonHelper.m_13780_(GsonHelper.java:526) ~[server-1.20.1-20230612.114412-srg.jar%23424!/:?]
	at net.minecraft.util.GsonHelper.m_263475_(GsonHelper.java:531) ~[server-1.20.1-20230612.114412-srg.jar%23424!/:?]
	at net.minecraft.util.GsonHelper.m_13776_(GsonHelper.java:581) ~[server-1.20.1-20230612.114412-srg.jar%23424!/:?]
	at net.minecraft.server.packs.resources.SimpleJsonResourceReloadListener.m_278771_(SimpleJsonResourceReloadListener.java:41) ~[server-1.20.1-20230612.114412-srg.jar%23424!/:?]
	at net.minecraft.server.packs.resources.SimpleJsonResourceReloadListener.m_5944_(SimpleJsonResourceReloadListener.java:29) ~[server-1.20.1-20230612.114412-srg.jar%23424!/:?]
	at net.minecraft.server.packs.resources.SimpleJsonResourceReloadListener.m_5944_(SimpleJsonResourceReloadListener.java:17) ~[server-1.20.1-20230612.114412-srg.jar%23424!/:?]
	at net.minecraft.server.packs.resources.SimplePreparableReloadListener.m_10786_(SimplePreparableReloadListener.java:11) ~[server-1.20.1-20230612.114412-srg.jar%23424!/:?]
	at java.util.concurrent.CompletableFuture$AsyncSupply.run(CompletableFuture.java:1768) ~[?:?]
	at java.util.concurrent.CompletableFuture$AsyncSupply.exec(CompletableFuture.java:1760) ~[?:?]
	at java.util.concurrent.ForkJoinTask.doExec(ForkJoinTask.java:373) ~[?:?]
	at java.util.concurrent.ForkJoinPool$WorkQueue.topLevelExec(ForkJoinPool.java:1182) ~[?:?]
	at java.util.concurrent.ForkJoinPool.scan(ForkJoinPool.java:1655) ~[?:?]
	at java.util.concurrent.ForkJoinPool.runWorker(ForkJoinPool.java:1622) ~[?:?]
	at java.util.concurrent.ForkJoinWorkerThread.run(ForkJoinWorkerThread.java:165) ~[?:?]
Caused by: java.io.EOFException: End of input at line 1 column 1 path $
	at com.google.gson.stream.JsonReader.nextNonWhitespace(JsonReader.java:1455) ~[gson-2.10.jar%2372!/:?]
	at com.google.gson.stream.JsonReader.doPeek(JsonReader.java:558) ~[gson-2.10.jar%2372!/:?]
	at com.google.gson.stream.JsonReader.peek(JsonReader.java:433) ~[gson-2.10.jar%2372!/:?]
	at com.google.gson.internal.bind.TypeAdapters$28.read(TypeAdapters.java:769) ~[gson-2.10.jar%2372!/:?]
	at com.google.gson.internal.bind.TypeAdapters$28.read(TypeAdapters.java:725) ~[gson-2.10.jar%2372!/:?]
	at com.google.gson.internal.bind.TypeAdapters$34$1.read(TypeAdapters.java:1007) ~[gson-2.10.jar%2372!/:?]
	at net.minecraft.util.GsonHelper.m_13780_(GsonHelper.java:524) ~[server-1.20.1-20230612.114412-srg.jar%23424!/:?]
	... 13 more
[27Aug2026 11:17:07.955] [Worker-Main-1/ERROR] [net.minecraft.server.packs.resources.SimpleJsonResourceReloadListener/]: Couldn't parse data file irons_spellbooks:weapon_parts from irons_spellbooks:recipes/weapon_parts.json
com.google.gson.JsonParseException: java.io.EOFException: End of input at line 1 column 1 path $
	at net.minecraft.util.GsonHelper.m_13780_(GsonHelper.java:526) ~[server-1.20.1-20230612.114412-srg.jar%23424!/:?]
	at net.minecraft.util.GsonHelper.m_263475_(GsonHelper.java:531) ~[server-1.20.1-20230612.114412-srg.jar%23424!/:?]
	at net.minecraft.util.GsonHelper.m_13776_(GsonHelper.java:581) ~[server-1.20.1-20230612.114412-srg.jar%23424!/:?]
	at net.minecraft.server.packs.resources.SimpleJsonResourceReloadListener.m_278771_(SimpleJsonResourceReloadListener.java:41) ~[server-1.20.1-20230612.114412-srg.jar%23424!/:?]
	at net.minecraft.server.packs.resources.SimpleJsonResourceReloadListener.m_5944_(SimpleJsonResourceReloadListener.java:29) ~[server-1.20.1-20230612.114412-srg.jar%23424!/:?]
	at net.minecraft.server.packs.resources.SimpleJsonResourceReloadListener.m_5944_(SimpleJsonResourceReloadListener.java:17) ~[server-1.20.1-20230612.114412-srg.jar%23424!/:?]
	at net.minecraft.server.packs.resources.SimplePreparableReloadListener.m_10786_(SimplePreparableReloadListener.java:11) ~[server-1.20.1-20230612.114412-srg.jar%23424!/:?]
	at java.util.concurrent.CompletableFuture$AsyncSupply.run(CompletableFuture.java:1768) ~[?:?]
	at java.util.concurrent.CompletableFuture$AsyncSupply.exec(CompletableFuture.java:1760) ~[?:?]
	at java.util.concurrent.ForkJoinTask.doExec(ForkJoinTask.java:373) ~[?:?]
	at java.util.concurrent.ForkJoinPool$WorkQueue.topLevelExec(ForkJoinPool.java:1182) ~[?:?]
	at java.util.concurrent.ForkJoinPool.scan(ForkJoinPool.java:1655) ~[?:?]
	at java.util.concurrent.ForkJoinPool.runWorker(ForkJoinPool.java:1622) ~[?:?]
	at java.util.concurrent.ForkJoinWorkerThread.run(ForkJoinWorkerThread.java:165) ~[?:?]
Caused by: java.io.EOFException: End of input at line 1 column 1 path $
	at com.google.gson.stream.JsonReader.nextNonWhitespace(JsonReader.java:1455) ~[gson-2.10.jar%2372!/:?]
	at com.google.gson.stream.JsonReader.doPeek(JsonReader.java:558) ~[gson-2.10.jar%2372!/:?]
	at com.google.gson.stream.JsonReader.peek(JsonReader.java:433) ~[gson-2.10.jar%2372!/:?]
	at com.google.gson.internal.bind.TypeAdapters$28.read(TypeAdapters.java:769) ~[gson-2.10.jar%2372!/:?]
	at com.google.gson.internal.bind.TypeAdapters$28.read(TypeAdapters.java:725) ~[gson-2.10.jar%2372!/:?]
	at com.google.gson.internal.bind.TypeAdapters$34$1.read(TypeAdapters.java:1007) ~[gson-2.10.jar%2372!/:?]
	at net.minecraft.util.GsonHelper.m_13780_(GsonHelper.java:524) ~[server-1.20.1-20230612.114412-srg.jar%23424!/:?]
	... 13 more
[27Aug2026 11:17:07.958] [Worker-Main-1/ERROR] [net.minecraft.server.packs.resources.SimpleJsonResourceReloadListener/]: Couldn't parse data file cataclysm:wither_assault_shoulder_weapon from cataclysm:recipes/wither_assault_shoulder_weapon.json
com.google.gson.JsonParseException: java.io.EOFException: End of input at line 1 column 1 path $
	at net.minecraft.util.GsonHelper.m_13780_(GsonHelper.java:526) ~[server-1.20.1-20230612.114412-srg.jar%23424!/:?]
	at net.minecraft.util.GsonHelper.m_263475_(GsonHelper.java:531) ~[server-1.20.1-20230612.114412-srg.jar%23424!/:?]
	at net.minecraft.util.GsonHelper.m_13776_(GsonHelper.java:581) ~[server-1.20.1-20230612.114412-srg.jar%23424!/:?]
	at net.minecraft.server.packs.resources.SimpleJsonResourceReloadListener.m_278771_(SimpleJsonResourceReloadListener.java:41) ~[server-1.20.1-20230612.114412-srg.jar%23424!/:?]
	at net.minecraft.server.packs.resources.SimpleJsonResourceReloadListener.m_5944_(SimpleJsonResourceReloadListener.java:29) ~[server-1.20.1-20230612.114412-srg.jar%23424!/:?]
	at net.minecraft.server.packs.resources.SimpleJsonResourceReloadListener.m_5944_(SimpleJsonResourceReloadListener.java:17) ~[server-1.20.1-20230612.114412-srg.jar%23424!/:?]
	at net.minecraft.server.packs.resources.SimplePreparableReloadListener.m_10786_(SimplePreparableReloadListener.java:11) ~[server-1.20.1-20230612.114412-srg.jar%23424!/:?]
	at java.util.concurrent.CompletableFuture$AsyncSupply.run(CompletableFuture.java:1768) ~[?:?]
	at java.util.concurrent.CompletableFuture$AsyncSupply.exec(CompletableFuture.java:1760) ~[?:?]
	at java.util.concurrent.ForkJoinTask.doExec(ForkJoinTask.java:373) ~[?:?]
	at java.util.concurrent.ForkJoinPool$WorkQueue.topLevelExec(ForkJoinPool.java:1182) ~[?:?]
	at java.util.concurrent.ForkJoinPool.scan(ForkJoinPool.java:1655) ~[?:?]
	at java.util.concurrent.ForkJoinPool.runWorker(ForkJoinPool.java:1622) ~[?:?]
	at java.util.concurrent.ForkJoinWorkerThread.run(ForkJoinWorkerThread.java:165) ~[?:?]
Caused by: java.io.EOFException: End of input at line 1 column 1 path $
	at com.google.gson.stream.JsonReader.nextNonWhitespace(JsonReader.java:1455) ~[gson-2.10.jar%2372!/:?]
	at com.google.gson.stream.JsonReader.doPeek(JsonReader.java:558) ~[gson-2.10.jar%2372!/:?]
	at com.google.gson.stream.JsonReader.peek(JsonReader.java:433) ~[gson-2.10.jar%2372!/:?]
	at com.google.gson.internal.bind.TypeAdapters$28.read(TypeAdapters.java:769) ~[gson-2.10.jar%2372!/:?]
	at com.google.gson.internal.bind.TypeAdapters$28.read(TypeAdapters.java:725) ~[gson-2.10.jar%2372!/:?]
	at com.google.gson.internal.bind.TypeAdapters$34$1.read(TypeAdapters.java:1007) ~[gson-2.10.jar%2372!/:?]
	at net.minecraft.util.GsonHelper.m_13780_(GsonHelper.java:524) ~[server-1.20.1-20230612.114412-srg.jar%23424!/:?]
	... 13 more
[27Aug2026 11:17:07.967] [Worker-Main-1/ERROR] [net.minecraft.server.packs.resources.SimpleJsonResourceReloadListener/]: Couldn't parse data file efn:zansetsu from efn:recipes/zansetsu.json
com.google.gson.JsonParseException: java.io.EOFException: End of input at line 1 column 1 path $
	at net.minecraft.util.GsonHelper.m_13780_(GsonHelper.java:526) ~[server-1.20.1-20230612.114412-srg.jar%23424!/:?]
	at net.minecraft.util.GsonHelper.m_263475_(GsonHelper.java:531) ~[server-1.20.1-20230612.114412-srg.jar%23424!/:?]
	at net.minecraft.util.GsonHelper.m_13776_(GsonHelper.java:581) ~[server-1.20.1-20230612.114412-srg.jar%23424!/:?]
	at net.minecraft.server.packs.resources.SimpleJsonResourceReloadListener.m_278771_(SimpleJsonResourceReloadListener.java:41) ~[server-1.20.1-20230612.114412-srg.jar%23424!/:?]
	at net.minecraft.server.packs.resources.SimpleJsonResourceReloadListener.m_5944_(SimpleJsonResourceReloadListener.java:29) ~[server-1.20.1-20230612.114412-srg.jar%23424!/:?]
	at net.minecraft.server.packs.resources.SimpleJsonResourceReloadListener.m_5944_(SimpleJsonResourceReloadListener.java:17) ~[server-1.20.1-20230612.114412-srg.jar%23424!/:?]
	at net.minecraft.server.packs.resources.SimplePreparableReloadListener.m_10786_(SimplePreparableReloadListener.java:11) ~[server-1.20.1-20230612.114412-srg.jar%23424!/:?]
	at java.util.concurrent.CompletableFuture$AsyncSupply.run(CompletableFuture.java:1768) ~[?:?]
	at java.util.concurrent.CompletableFuture$AsyncSupply.exec(CompletableFuture.java:1760) ~[?:?]
	at java.util.concurrent.ForkJoinTask.doExec(ForkJoinTask.java:373) ~[?:?]
	at java.util.concurrent.ForkJoinPool$WorkQueue.topLevelExec(ForkJoinPool.java:1182) ~[?:?]
	at java.util.concurrent.ForkJoinPool.scan(ForkJoinPool.java:1655) ~[?:?]
	at java.util.concurrent.ForkJoinPool.runWorker(ForkJoinPool.java:1622) ~[?:?]
	at java.util.concurrent.ForkJoinWorkerThread.run(ForkJoinWorkerThread.java:165) ~[?:?]
Caused by: java.io.EOFException: End of input at line 1 column 1 path $
	at com.google.gson.stream.JsonReader.nextNonWhitespace(JsonReader.java:1455) ~[gson-2.10.jar%2372!/:?]
	at com.google.gson.stream.JsonReader.doPeek(JsonReader.java:558) ~[gson-2.10.jar%2372!/:?]
	at com.google.gson.stream.JsonReader.peek(JsonReader.java:433) ~[gson-2.10.jar%2372!/:?]
	at com.google.gson.internal.bind.TypeAdapters$28.read(TypeAdapters.java:769) ~[gson-2.10.jar%2372!/:?]
	at com.google.gson.internal.bind.TypeAdapters$28.read(TypeAdapters.java:725) ~[gson-2.10.jar%2372!/:?]
	at com.google.gson.internal.bind.TypeAdapters$34$1.read(TypeAdapters.java:1007) ~[gson-2.10.jar%2372!/:?]
	at net.minecraft.util.GsonHelper.m_13780_(GsonHelper.java:524) ~[server-1.20.1-20230612.114412-srg.jar%23424!/:?]
	... 13 more
[27Aug2026 11:17:08.056] [Worker-Main-2/ERROR] [net.minecraftforge.common.ForgeHooks/]: Couldn't parse element loot_tables:bookofdragons:chests/sharp_nest
com.google.gson.JsonSyntaxException: Expected name to be an item, was unknown string 'bookofdragons:deadlynadder_egg'
	at net.minecraft.util.GsonHelper.m_13866_(GsonHelper.java:145) ~[server-1.20.1-20230612.114412-srg.jar%23424!/:?]
	at java.util.Optional.orElseThrow(Optional.java:403) ~[?:?]
	at net.minecraft.util.GsonHelper.m_13874_(GsonHelper.java:145) ~[server-1.20.1-20230612.114412-srg.jar%23424!/:?]
	at net.minecraft.util.GsonHelper.m_13909_(GsonHelper.java:153) ~[server-1.20.1-20230612.114412-srg.jar%23424!/:?]
	at net.minecraft.world.level.storage.loot.entries.LootItem$Serializer.m_7267_(LootItem.java:55) ~[server-1.20.1-20230612.114412-srg.jar%23424!/:?]
	at net.minecraft.world.level.storage.loot.entries.LootItem$Serializer.m_7267_(LootItem.java:40) ~[server-1.20.1-20230612.114412-srg.jar%23424!/:?]
	at net.minecraft.world.level.storage.loot.entries.LootPoolSingletonContainer$Serializer.m_5921_(LootPoolSingletonContainer.java:151) ~[server-1.20.1-20230612.114412-srg.jar%23424!/:?]
	at net.minecraft.world.level.storage.loot.entries.LootPoolSingletonContainer$Serializer.m_5921_(LootPoolSingletonContainer.java:129) ~[server-1.20.1-20230612.114412-srg.jar%23424!/:?]
	at net.minecraft.world.level.storage.loot.entries.LootPoolEntryContainer$Serializer.m_7561_(LootPoolEntryContainer.java:86) ~[server-1.20.1-20230612.114412-srg.jar%23424!/:?]
	at net.minecraft.world.level.storage.loot.entries.LootPoolEntryContainer$Serializer.m_7561_(LootPoolEntryContainer.java:74) ~[server-1.20.1-20230612.114412-srg.jar%23424!/:?]
	at net.minecraft.world.level.storage.loot.GsonAdapterFactory$JsonAdapter.deserialize(GsonAdapterFactory.java:102) ~[server-1.20.1-20230612.114412-srg.jar%23424!/:?]
	at com.google.gson.internal.bind.TreeTypeAdapter.read(TreeTypeAdapter.java:76) ~[gson-2.10.jar%2372!/:?]
	at com.google.gson.internal.bind.TypeAdapterRuntimeTypeWrapper.read(TypeAdapterRuntimeTypeWrapper.java:40) ~[gson-2.10.jar%2372!/:?]
	at com.google.gson.internal.bind.ArrayTypeAdapter.read(ArrayTypeAdapter.java:72) ~[gson-2.10.jar%2372!/:?]
	at com.google.gson.Gson.fromJson(Gson.java:1214) ~[gson-2.10.jar%2372!/:?]
	at com.google.gson.Gson.fromJson(Gson.java:1319) ~[gson-2.10.jar%2372!/:?]
	at com.google.gson.Gson.fromJson(Gson.java:1290) ~[gson-2.10.jar%2372!/:?]
	at com.google.gson.internal.bind.TreeTypeAdapter$GsonContextImpl.deserialize(TreeTypeAdapter.java:179) ~[gson-2.10.jar%2372!/:?]
	at net.minecraft.util.GsonHelper.m_13808_(GsonHelper.java:463) ~[server-1.20.1-20230612.114412-srg.jar%23424!/:?]
	at net.minecraft.util.GsonHelper.m_13836_(GsonHelper.java:471) ~[server-1.20.1-20230612.114412-srg.jar%23424!/:?]
	at net.minecraft.world.level.storage.loot.LootPool$Serializer.deserialize(LootPool.java:192) ~[server-1.20.1-20230612.114412-srg.jar%23424!/:?]
	at net.minecraft.world.level.storage.loot.LootPool$Serializer.deserialize(LootPool.java:189) ~[server-1.20.1-20230612.114412-srg.jar%23424!/:?]
	at com.google.gson.internal.bind.TreeTypeAdapter.read(TreeTypeAdapter.java:76) ~[gson-2.10.jar%2372!/:?]
	at com.google.gson.internal.bind.TypeAdapterRuntimeTypeWrapper.read(TypeAdapterRuntimeTypeWrapper.java:40) ~[gson-2.10.jar%2372!/:?]
	at com.google.gson.internal.bind.ArrayTypeAdapter.read(ArrayTypeAdapter.java:72) ~[gson-2.10.jar%2372!/:?]
	at com.google.gson.Gson.fromJson(Gson.java:1214) ~[gson-2.10.jar%2372!/:?]
	at com.google.gson.Gson.fromJson(Gson.java:1319) ~[gson-2.10.jar%2372!/:?]
	at com.google.gson.Gson.fromJson(Gson.java:1290) ~[gson-2.10.jar%2372!/:?]
	at com.google.gson.internal.bind.TreeTypeAdapter$GsonContextImpl.deserialize(TreeTypeAdapter.java:179) ~[gson-2.10.jar%2372!/:?]
	at net.minecraft.util.GsonHelper.m_13808_(GsonHelper.java:463) ~[server-1.20.1-20230612.114412-srg.jar%23424!/:?]
	at net.minecraft.util.GsonHelper.m_13845_(GsonHelper.java:481) ~[server-1.20.1-20230612.114412-srg.jar%23424!/:?]
	at net.minecraft.world.level.storage.loot.LootTable$Serializer.deserialize(LootTable.java:294) ~[server-1.20.1-20230612.114412-srg.jar%23424!/:?]
	at net.minecraft.world.level.storage.loot.LootTable$Serializer.deserialize(LootTable.java:291) ~[server-1.20.1-20230612.114412-srg.jar%23424!/:?]
	at com.google.gson.internal.bind.TreeTypeAdapter.read(TreeTypeAdapter.java:76) ~[gson-2.10.jar%2372!/:?]
	at com.google.gson.Gson.fromJson(Gson.java:1214) ~[gson-2.10.jar%2372!/:?]
	at com.google.gson.Gson.fromJson(Gson.java:1319) ~[gson-2.10.jar%2372!/:?]
	at com.google.gson.Gson.fromJson(Gson.java:1261) ~[gson-2.10.jar%2372!/:?]
	at net.minecraftforge.common.ForgeHooks.loadLootTable(ForgeHooks.java:871) ~[forge-1.20.1-47.4.4-universal.jar%23429!/:?]
	at net.minecraftforge.common.ForgeHooks.lambda$getLootTableDeserializer$3(ForgeHooks.java:848) ~[forge-1.20.1-47.4.4-universal.jar%23429!/:?]
	at net.minecraft.world.level.storage.loot.LootDataType.deserialize(LootDataType.java:45) ~[server-1.20.1-20230612.114412-srg.jar%23424!/:?]
	at net.minecraft.world.level.storage.loot.LootDataManager.lambda$scheduleElementParse$4(LootDataManager.java:56) ~[server-1.20.1-20230612.114412-srg.jar%23424!/:?]
	at java.util.HashMap.forEach(HashMap.java:1421) ~[?:?]
	at net.minecraft.world.level.storage.loot.LootDataManager.m_278660_(LootDataManager.java:55) ~[server-1.20.1-20230612.114412-srg.jar%23424!/:?]
	at java.util.concurrent.CompletableFuture$AsyncRun.run(CompletableFuture.java:1804) ~[?:?]
	at java.util.concurrent.CompletableFuture$AsyncRun.exec(CompletableFuture.java:1796) ~[?:?]
	at java.util.concurrent.ForkJoinTask.doExec(ForkJoinTask.java:373) ~[?:?]
	at java.util.concurrent.ForkJoinPool$WorkQueue.topLevelExec(ForkJoinPool.java:1182) ~[?:?]
	at java.util.concurrent.ForkJoinPool.scan(ForkJoinPool.java:1655) ~[?:?]
	at java.util.concurrent.ForkJoinPool.runWorker(ForkJoinPool.java:1622) ~[?:?]
	at java.util.concurrent.ForkJoinWorkerThread.run(ForkJoinWorkerThread.java:165) ~[?:?]
[27Aug2026 11:17:08.673] [Worker-Main-2/ERROR] [net.minecraftforge.common.ForgeHooks/]: Couldn't parse element loot_tables:bookofdragons:chests/mystery_burrow
com.google.gson.JsonSyntaxException: Expected name to be an item, was unknown string 'bookofdragons:hiddeouszippleback_egg'
	at net.minecraft.util.GsonHelper.m_13866_(GsonHelper.java:145) ~[server-1.20.1-20230612.114412-srg.jar%23424!/:?]
	at java.util.Optional.orElseThrow(Optional.java:403) ~[?:?]
	at net.minecraft.util.GsonHelper.m_13874_(GsonHelper.java:145) ~[server-1.20.1-20230612.114412-srg.jar%23424!/:?]
	at net.minecraft.util.GsonHelper.m_13909_(GsonHelper.java:153) ~[server-1.20.1-20230612.114412-srg.jar%23424!/:?]
	at net.minecraft.world.level.storage.loot.entries.LootItem$Serializer.m_7267_(LootItem.java:55) ~[server-1.20.1-20230612.114412-srg.jar%23424!/:?]
	at net.minecraft.world.level.storage.loot.entries.LootItem$Serializer.m_7267_(LootItem.java:40) ~[server-1.20.1-20230612.114412-srg.jar%23424!/:?]
	at net.minecraft.world.level.storage.loot.entries.LootPoolSingletonContainer$Serializer.m_5921_(LootPoolSingletonContainer.java:151) ~[server-1.20.1-20230612.114412-srg.jar%23424!/:?]
	at net.minecraft.world.level.storage.loot.entries.LootPoolSingletonContainer$Serializer.m_5921_(LootPoolSingletonContainer.java:129) ~[server-1.20.1-20230612.114412-srg.jar%23424!/:?]
	at net.minecraft.world.level.storage.loot.entries.LootPoolEntryContainer$Serializer.m_7561_(LootPoolEntryContainer.java:86) ~[server-1.20.1-20230612.114412-srg.jar%23424!/:?]
	at net.minecraft.world.level.storage.loot.entries.LootPoolEntryContainer$Serializer.m_7561_(LootPoolEntryContainer.java:74) ~[server-1.20.1-20230612.114412-srg.jar%23424!/:?]
	at net.minecraft.world.level.storage.loot.GsonAdapterFactory$JsonAdapter.deserialize(GsonAdapterFactory.java:102) ~[server-1.20.1-20230612.114412-srg.jar%23424!/:?]
	at com.google.gson.internal.bind.TreeTypeAdapter.read(TreeTypeAdapter.java:76) ~[gson-2.10.jar%2372!/:?]
	at com.google.gson.internal.bind.TypeAdapterRuntimeTypeWrapper.read(TypeAdapterRuntimeTypeWrapper.java:40) ~[gson-2.10.jar%2372!/:?]
	at com.google.gson.internal.bind.ArrayTypeAdapter.read(ArrayTypeAdapter.java:72) ~[gson-2.10.jar%2372!/:?]
	at com.google.gson.Gson.fromJson(Gson.java:1214) ~[gson-2.10.jar%2372!/:?]
	at com.google.gson.Gson.fromJson(Gson.java:1319) ~[gson-2.10.jar%2372!/:?]
	at com.google.gson.Gson.fromJson(Gson.java:1290) ~[gson-2.10.jar%2372!/:?]
	at com.google.gson.internal.bind.TreeTypeAdapter$GsonContextImpl.deserialize(TreeTypeAdapter.java:179) ~[gson-2.10.jar%2372!/:?]
	at net.minecraft.util.GsonHelper.m_13808_(GsonHelper.java:463) ~[server-1.20.1-20230612.114412-srg.jar%23424!/:?]
	at net.minecraft.util.GsonHelper.m_13836_(GsonHelper.java:471) ~[server-1.20.1-20230612.114412-srg.jar%23424!/:?]
	at net.minecraft.world.level.storage.loot.LootPool$Serializer.deserialize(LootPool.java:192) ~[server-1.20.1-20230612.114412-srg.jar%23424!/:?]
	at net.minecraft.world.level.storage.loot.LootPool$Serializer.deserialize(LootPool.java:189) ~[server-1.20.1-20230612.114412-srg.jar%23424!/:?]
	at com.google.gson.internal.bind.TreeTypeAdapter.read(TreeTypeAdapter.java:76) ~[gson-2.10.jar%2372!/:?]
	at com.google.gson.internal.bind.TypeAdapterRuntimeTypeWrapper.read(TypeAdapterRuntimeTypeWrapper.java:40) ~[gson-2.10.jar%2372!/:?]
	at com.google.gson.internal.bind.ArrayTypeAdapter.read(ArrayTypeAdapter.java:72) ~[gson-2.10.jar%2372!/:?]
	at com.google.gson.Gson.fromJson(Gson.java:1214) ~[gson-2.10.jar%2372!/:?]
	at com.google.gson.Gson.fromJson(Gson.java:1319) ~[gson-2.10.jar%2372!/:?]
	at com.google.gson.Gson.fromJson(Gson.java:1290) ~[gson-2.10.jar%2372!/:?]
	at com.google.gson.internal.bind.TreeTypeAdapter$GsonContextImpl.deserialize(TreeTypeAdapter.java:179) ~[gson-2.10.jar%2372!/:?]
	at net.minecraft.util.GsonHelper.m_13808_(GsonHelper.java:463) ~[server-1.20.1-20230612.114412-srg.jar%23424!/:?]
	at net.minecraft.util.GsonHelper.m_13845_(GsonHelper.java:481) ~[server-1.20.1-20230612.114412-srg.jar%23424!/:?]
	at net.minecraft.world.level.storage.loot.LootTable$Serializer.deserialize(LootTable.java:294) ~[server-1.20.1-20230612.114412-srg.jar%23424!/:?]
	at net.minecraft.world.level.storage.loot.LootTable$Serializer.deserialize(LootTable.java:291) ~[server-1.20.1-20230612.114412-srg.jar%23424!/:?]
	at com.google.gson.internal.bind.TreeTypeAdapter.read(TreeTypeAdapter.java:76) ~[gson-2.10.jar%2372!/:?]
	at com.google.gson.Gson.fromJson(Gson.java:1214) ~[gson-2.10.jar%2372!/:?]
	at com.google.gson.Gson.fromJson(Gson.java:1319) ~[gson-2.10.jar%2372!/:?]
	at com.google.gson.Gson.fromJson(Gson.java:1261) ~[gson-2.10.jar%2372!/:?]
	at net.minecraftforge.common.ForgeHooks.loadLootTable(ForgeHooks.java:871) ~[forge-1.20.1-47.4.4-universal.jar%23429!/:?]
	at net.minecraftforge.common.ForgeHooks.lambda$getLootTableDeserializer$3(ForgeHooks.java:848) ~[forge-1.20.1-47.4.4-universal.jar%23429!/:?]
	at net.minecraft.world.level.storage.loot.LootDataType.deserialize(LootDataType.java:45) ~[server-1.20.1-20230612.114412-srg.jar%23424!/:?]
	at net.minecraft.world.level.storage.loot.LootDataManager.lambda$scheduleElementParse$4(LootDataManager.java:56) ~[server-1.20.1-20230612.114412-srg.jar%23424!/:?]
	at java.util.HashMap.forEach(HashMap.java:1421) ~[?:?]
	at net.minecraft.world.level.storage.loot.LootDataManager.m_278660_(LootDataManager.java:55) ~[server-1.20.1-20230612.114412-srg.jar%23424!/:?]
	at java.util.concurrent.CompletableFuture$AsyncRun.run(CompletableFuture.java:1804) ~[?:?]
	at java.util.concurrent.CompletableFuture$AsyncRun.exec(CompletableFuture.java:1796) ~[?:?]
	at java.util.concurrent.ForkJoinTask.doExec(ForkJoinTask.java:373) ~[?:?]
	at java.util.concurrent.ForkJoinPool$WorkQueue.topLevelExec(ForkJoinPool.java:1182) ~[?:?]
	at java.util.concurrent.ForkJoinPool.scan(ForkJoinPool.java:1655) ~[?:?]
	at java.util.concurrent.ForkJoinPool.runWorker(ForkJoinPool.java:1622) ~[?:?]
	at java.util.concurrent.ForkJoinWorkerThread.run(ForkJoinWorkerThread.java:165) ~[?:?]
[27Aug2026 11:17:08.731] [Worker-Main-2/ERROR] [net.minecraftforge.common.ForgeHooks/]: Couldn't parse element loot_tables:beyonddimensions:blocks/rs_net_pathway
com.google.gson.JsonSyntaxException: Expected name to be an item, was unknown string 'beyonddimensions:rs_net_pathway'
	at net.minecraft.util.GsonHelper.m_13866_(GsonHelper.java:145) ~[server-1.20.1-20230612.114412-srg.jar%23424!/:?]
	at java.util.Optional.orElseThrow(Optional.java:403) ~[?:?]
	at net.minecraft.util.GsonHelper.m_13874_(GsonHelper.java:145) ~[server-1.20.1-20230612.114412-srg.jar%23424!/:?]
	at net.minecraft.util.GsonHelper.m_13909_(GsonHelper.java:153) ~[server-1.20.1-20230612.114412-srg.jar%23424!/:?]
	at net.minecraft.world.level.storage.loot.entries.LootItem$Serializer.m_7267_(LootItem.java:55) ~[server-1.20.1-20230612.114412-srg.jar%23424!/:?]
	at net.minecraft.world.level.storage.loot.entries.LootItem$Serializer.m_7267_(LootItem.java:40) ~[server-1.20.1-20230612.114412-srg.jar%23424!/:?]
	at net.minecraft.world.level.storage.loot.entries.LootPoolSingletonContainer$Serializer.m_5921_(LootPoolSingletonContainer.java:151) ~[server-1.20.1-20230612.114412-srg.jar%23424!/:?]
	at net.minecraft.world.level.storage.loot.entries.LootPoolSingletonContainer$Serializer.m_5921_(LootPoolSingletonContainer.java:129) ~[server-1.20.1-20230612.114412-srg.jar%23424!/:?]
	at net.minecraft.world.level.storage.loot.entries.LootPoolEntryContainer$Serializer.m_7561_(LootPoolEntryContainer.java:86) ~[server-1.20.1-20230612.114412-srg.jar%23424!/:?]
	at net.minecraft.world.level.storage.loot.entries.LootPoolEntryContainer$Serializer.m_7561_(LootPoolEntryContainer.java:74) ~[server-1.20.1-20230612.114412-srg.jar%23424!/:?]
	at net.minecraft.world.level.storage.loot.GsonAdapterFactory$JsonAdapter.deserialize(GsonAdapterFactory.java:102) ~[server-1.20.1-20230612.114412-srg.jar%23424!/:?]
	at com.google.gson.internal.bind.TreeTypeAdapter.read(TreeTypeAdapter.java:76) ~[gson-2.10.jar%2372!/:?]
	at com.google.gson.internal.bind.TypeAdapterRuntimeTypeWrapper.read(TypeAdapterRuntimeTypeWrapper.java:40) ~[gson-2.10.jar%2372!/:?]
	at com.google.gson.internal.bind.ArrayTypeAdapter.read(ArrayTypeAdapter.java:72) ~[gson-2.10.jar%2372!/:?]
	at com.google.gson.Gson.fromJson(Gson.java:1214) ~[gson-2.10.jar%2372!/:?]
	at com.google.gson.Gson.fromJson(Gson.java:1319) ~[gson-2.10.jar%2372!/:?]
	at com.google.gson.Gson.fromJson(Gson.java:1290) ~[gson-2.10.jar%2372!/:?]
	at com.google.gson.internal.bind.TreeTypeAdapter$GsonContextImpl.deserialize(TreeTypeAdapter.java:179) ~[gson-2.10.jar%2372!/:?]
	at net.minecraft.util.GsonHelper.m_13808_(GsonHelper.java:463) ~[server-1.20.1-20230612.114412-srg.jar%23424!/:?]
	at net.minecraft.util.GsonHelper.m_13836_(GsonHelper.java:471) ~[server-1.20.1-20230612.114412-srg.jar%23424!/:?]
	at net.minecraft.world.level.storage.loot.LootPool$Serializer.deserialize(LootPool.java:192) ~[server-1.20.1-20230612.114412-srg.jar%23424!/:?]
	at net.minecraft.world.level.storage.loot.LootPool$Serializer.deserialize(LootPool.java:189) ~[server-1.20.1-20230612.114412-srg.jar%23424!/:?]
	at com.google.gson.internal.bind.TreeTypeAdapter.read(TreeTypeAdapter.java:76) ~[gson-2.10.jar%2372!/:?]
	at com.google.gson.internal.bind.TypeAdapterRuntimeTypeWrapper.read(TypeAdapterRuntimeTypeWrapper.java:40) ~[gson-2.10.jar%2372!/:?]
	at com.google.gson.internal.bind.ArrayTypeAdapter.read(ArrayTypeAdapter.java:72) ~[gson-2.10.jar%2372!/:?]
	at com.google.gson.Gson.fromJson(Gson.java:1214) ~[gson-2.10.jar%2372!/:?]
	at com.google.gson.Gson.fromJson(Gson.java:1319) ~[gson-2.10.jar%2372!/:?]
	at com.google.gson.Gson.fromJson(Gson.java:1290) ~[gson-2.10.jar%2372!/:?]
	at com.google.gson.internal.bind.TreeTypeAdapter$GsonContextImpl.deserialize(TreeTypeAdapter.java:179) ~[gson-2.10.jar%2372!/:?]
	at net.minecraft.util.GsonHelper.m_13808_(GsonHelper.java:463) ~[server-1.20.1-20230612.114412-srg.jar%23424!/:?]
	at net.minecraft.util.GsonHelper.m_13845_(GsonHelper.java:481) ~[server-1.20.1-20230612.114412-srg.jar%23424!/:?]
	at net.minecraft.world.level.storage.loot.LootTable$Serializer.deserialize(LootTable.java:294) ~[server-1.20.1-20230612.114412-srg.jar%23424!/:?]
	at net.minecraft.world.level.storage.loot.LootTable$Serializer.deserialize(LootTable.java:291) ~[server-1.20.1-20230612.114412-srg.jar%23424!/:?]
	at com.google.gson.internal.bind.TreeTypeAdapter.read(TreeTypeAdapter.java:76) ~[gson-2.10.jar%2372!/:?]
	at com.google.gson.Gson.fromJson(Gson.java:1214) ~[gson-2.10.jar%2372!/:?]
	at com.google.gson.Gson.fromJson(Gson.java:1319) ~[gson-2.10.jar%2372!/:?]
	at com.google.gson.Gson.fromJson(Gson.java:1261) ~[gson-2.10.jar%2372!/:?]
	at net.minecraftforge.common.ForgeHooks.loadLootTable(ForgeHooks.java:871) ~[forge-1.20.1-47.4.4-universal.jar%23429!/:?]
	at net.minecraftforge.common.ForgeHooks.lambda$getLootTableDeserializer$3(ForgeHooks.java:848) ~[forge-1.20.1-47.4.4-universal.jar%23429!/:?]
	at net.minecraft.world.level.storage.loot.LootDataType.deserialize(LootDataType.java:45) ~[server-1.20.1-20230612.114412-srg.jar%23424!/:?]
	at net.minecraft.world.level.storage.loot.LootDataManager.lambda$scheduleElementParse$4(LootDataManager.java:56) ~[server-1.20.1-20230612.114412-srg.jar%23424!/:?]
	at java.util.HashMap.forEach(HashMap.java:1421) ~[?:?]
	at net.minecraft.world.level.storage.loot.LootDataManager.m_278660_(LootDataManager.java:55) ~[server-1.20.1-20230612.114412-srg.jar%23424!/:?]
	at java.util.concurrent.CompletableFuture$AsyncRun.run(CompletableFuture.java:1804) ~[?:?]
	at java.util.concurrent.CompletableFuture$AsyncRun.exec(CompletableFuture.java:1796) ~[?:?]
	at java.util.concurrent.ForkJoinTask.doExec(ForkJoinTask.java:373) ~[?:?]
	at java.util.concurrent.ForkJoinPool$WorkQueue.topLevelExec(ForkJoinPool.java:1182) ~[?:?]
	at java.util.concurrent.ForkJoinPool.scan(ForkJoinPool.java:1655) ~[?:?]
	at java.util.concurrent.ForkJoinPool.runWorker(ForkJoinPool.java:1622) ~[?:?]
	at java.util.concurrent.ForkJoinWorkerThread.run(ForkJoinWorkerThread.java:165) ~[?:?]
[27Aug2026 11:17:08.983] [Worker-Main-2/ERROR] [net.minecraftforge.common.ForgeHooks/]: Couldn't parse element loot_tables:beyonddimensions:blocks/ars_source_pathway
com.google.gson.JsonSyntaxException: Expected name to be an item, was unknown string 'beyonddimensions:ars_source_pathway'
	at net.minecraft.util.GsonHelper.m_13866_(GsonHelper.java:145) ~[server-1.20.1-20230612.114412-srg.jar%23424!/:?]
	at java.util.Optional.orElseThrow(Optional.java:403) ~[?:?]
	at net.minecraft.util.GsonHelper.m_13874_(GsonHelper.java:145) ~[server-1.20.1-20230612.114412-srg.jar%23424!/:?]
	at net.minecraft.util.GsonHelper.m_13909_(GsonHelper.java:153) ~[server-1.20.1-20230612.114412-srg.jar%23424!/:?]
	at net.minecraft.world.level.storage.loot.entries.LootItem$Serializer.m_7267_(LootItem.java:55) ~[server-1.20.1-20230612.114412-srg.jar%23424!/:?]
	at net.minecraft.world.level.storage.loot.entries.LootItem$Serializer.m_7267_(LootItem.java:40) ~[server-1.20.1-20230612.114412-srg.jar%23424!/:?]
	at net.minecraft.world.level.storage.loot.entries.LootPoolSingletonContainer$Serializer.m_5921_(LootPoolSingletonContainer.java:151) ~[server-1.20.1-20230612.114412-srg.jar%23424!/:?]
	at net.minecraft.world.level.storage.loot.entries.LootPoolSingletonContainer$Serializer.m_5921_(LootPoolSingletonContainer.java:129) ~[server-1.20.1-20230612.114412-srg.jar%23424!/:?]
	at net.minecraft.world.level.storage.loot.entries.LootPoolEntryContainer$Serializer.m_7561_(LootPoolEntryContainer.java:86) ~[server-1.20.1-20230612.114412-srg.jar%23424!/:?]
	at net.minecraft.world.level.storage.loot.entries.LootPoolEntryContainer$Serializer.m_7561_(LootPoolEntryContainer.java:74) ~[server-1.20.1-20230612.114412-srg.jar%23424!/:?]
	at net.minecraft.world.level.storage.loot.GsonAdapterFactory$JsonAdapter.deserialize(GsonAdapterFactory.java:102) ~[server-1.20.1-20230612.114412-srg.jar%23424!/:?]
	at com.google.gson.internal.bind.TreeTypeAdapter.read(TreeTypeAdapter.java:76) ~[gson-2.10.jar%2372!/:?]
	at com.google.gson.internal.bind.TypeAdapterRuntimeTypeWrapper.read(TypeAdapterRuntimeTypeWrapper.java:40) ~[gson-2.10.jar%2372!/:?]
	at com.google.gson.internal.bind.ArrayTypeAdapter.read(ArrayTypeAdapter.java:72) ~[gson-2.10.jar%2372!/:?]
	at com.google.gson.Gson.fromJson(Gson.java:1214) ~[gson-2.10.jar%2372!/:?]
	at com.google.gson.Gson.fromJson(Gson.java:1319) ~[gson-2.10.jar%2372!/:?]
	at com.google.gson.Gson.fromJson(Gson.java:1290) ~[gson-2.10.jar%2372!/:?]
	at com.google.gson.internal.bind.TreeTypeAdapter$GsonContextImpl.deserialize(TreeTypeAdapter.java:179) ~[gson-2.10.jar%2372!/:?]
	at net.minecraft.util.GsonHelper.m_13808_(GsonHelper.java:463) ~[server-1.20.1-20230612.114412-srg.jar%23424!/:?]
	at net.minecraft.util.GsonHelper.m_13836_(GsonHelper.java:471) ~[server-1.20.1-20230612.114412-srg.jar%23424!/:?]
	at net.minecraft.world.level.storage.loot.LootPool$Serializer.deserialize(LootPool.java:192) ~[server-1.20.1-20230612.114412-srg.jar%23424!/:?]
	at net.minecraft.world.level.storage.loot.LootPool$Serializer.deserialize(LootPool.java:189) ~[server-1.20.1-20230612.114412-srg.jar%23424!/:?]
	at com.google.gson.internal.bind.TreeTypeAdapter.read(TreeTypeAdapter.java:76) ~[gson-2.10.jar%2372!/:?]
	at com.google.gson.internal.bind.TypeAdapterRuntimeTypeWrapper.read(TypeAdapterRuntimeTypeWrapper.java:40) ~[gson-2.10.jar%2372!/:?]
	at com.google.gson.internal.bind.ArrayTypeAdapter.read(ArrayTypeAdapter.java:72) ~[gson-2.10.jar%2372!/:?]
	at com.google.gson.Gson.fromJson(Gson.java:1214) ~[gson-2.10.jar%2372!/:?]
	at com.google.gson.Gson.fromJson(Gson.java:1319) ~[gson-2.10.jar%2372!/:?]
	at com.google.gson.Gson.fromJson(Gson.java:1290) ~[gson-2.10.jar%2372!/:?]
	at com.google.gson.internal.bind.TreeTypeAdapter$GsonContextImpl.deserialize(TreeTypeAdapter.java:179) ~[gson-2.10.jar%2372!/:?]
	at net.minecraft.util.GsonHelper.m_13808_(GsonHelper.java:463) ~[server-1.20.1-20230612.114412-srg.jar%23424!/:?]
	at net.minecraft.util.GsonHelper.m_13845_(GsonHelper.java:481) ~[server-1.20.1-20230612.114412-srg.jar%23424!/:?]
	at net.minecraft.world.level.storage.loot.LootTable$Serializer.deserialize(LootTable.java:294) ~[server-1.20.1-20230612.114412-srg.jar%23424!/:?]
	at net.minecraft.world.level.storage.loot.LootTable$Serializer.deserialize(LootTable.java:291) ~[server-1.20.1-20230612.114412-srg.jar%23424!/:?]
	at com.google.gson.internal.bind.TreeTypeAdapter.read(TreeTypeAdapter.java:76) ~[gson-2.10.jar%2372!/:?]
	at com.google.gson.Gson.fromJson(Gson.java:1214) ~[gson-2.10.jar%2372!/:?]
	at com.google.gson.Gson.fromJson(Gson.java:1319) ~[gson-2.10.jar%2372!/:?]
	at com.google.gson.Gson.fromJson(Gson.java:1261) ~[gson-2.10.jar%2372!/:?]
	at net.minecraftforge.common.ForgeHooks.loadLootTable(ForgeHooks.java:871) ~[forge-1.20.1-47.4.4-universal.jar%23429!/:?]
	at net.minecraftforge.common.ForgeHooks.lambda$getLootTableDeserializer$3(ForgeHooks.java:848) ~[forge-1.20.1-47.4.4-universal.jar%23429!/:?]
	at net.minecraft.world.level.storage.loot.LootDataType.deserialize(LootDataType.java:45) ~[server-1.20.1-20230612.114412-srg.jar%23424!/:?]
	at net.minecraft.world.level.storage.loot.LootDataManager.lambda$scheduleElementParse$4(LootDataManager.java:56) ~[server-1.20.1-20230612.114412-srg.jar%23424!/:?]
	at java.util.HashMap.forEach(HashMap.java:1421) ~[?:?]
	at net.minecraft.world.level.storage.loot.LootDataManager.m_278660_(LootDataManager.java:55) ~[server-1.20.1-20230612.114412-srg.jar%23424!/:?]
	at java.util.concurrent.CompletableFuture$AsyncRun.run(CompletableFuture.java:1804) ~[?:?]
	at java.util.concurrent.CompletableFuture$AsyncRun.exec(CompletableFuture.java:1796) ~[?:?]
	at java.util.concurrent.ForkJoinTask.doExec(ForkJoinTask.java:373) ~[?:?]
	at java.util.concurrent.ForkJoinPool$WorkQueue.topLevelExec(ForkJoinPool.java:1182) ~[?:?]
	at java.util.concurrent.ForkJoinPool.scan(ForkJoinPool.java:1655) ~[?:?]
	at java.util.concurrent.ForkJoinPool.runWorker(ForkJoinPool.java:1622) ~[?:?]
	at java.util.concurrent.ForkJoinWorkerThread.run(ForkJoinWorkerThread.java:165) ~[?:?]
[27Aug2026 11:17:08.999] [Worker-Main-2/ERROR] [net.minecraftforge.common.ForgeHooks/]: Couldn't parse element loot_tables:beyonddimensions:blocks/schematicannon_pathway
com.google.gson.JsonSyntaxException: Expected name to be an item, was unknown string 'beyonddimensions:schematicannon_pathway'
	at net.minecraft.util.GsonHelper.m_13866_(GsonHelper.java:145) ~[server-1.20.1-20230612.114412-srg.jar%23424!/:?]
	at java.util.Optional.orElseThrow(Optional.java:403) ~[?:?]
	at net.minecraft.util.GsonHelper.m_13874_(GsonHelper.java:145) ~[server-1.20.1-20230612.114412-srg.jar%23424!/:?]
	at net.minecraft.util.GsonHelper.m_13909_(GsonHelper.java:153) ~[server-1.20.1-20230612.114412-srg.jar%23424!/:?]
	at net.minecraft.world.level.storage.loot.entries.LootItem$Serializer.m_7267_(LootItem.java:55) ~[server-1.20.1-20230612.114412-srg.jar%23424!/:?]
	at net.minecraft.world.level.storage.loot.entries.LootItem$Serializer.m_7267_(LootItem.java:40) ~[server-1.20.1-20230612.114412-srg.jar%23424!/:?]
	at net.minecraft.world.level.storage.loot.entries.LootPoolSingletonContainer$Serializer.m_5921_(LootPoolSingletonContainer.java:151) ~[server-1.20.1-20230612.114412-srg.jar%23424!/:?]
	at net.minecraft.world.level.storage.loot.entries.LootPoolSingletonContainer$Serializer.m_5921_(LootPoolSingletonContainer.java:129) ~[server-1.20.1-20230612.114412-srg.jar%23424!/:?]
	at net.minecraft.world.level.storage.loot.entries.LootPoolEntryContainer$Serializer.m_7561_(LootPoolEntryContainer.java:86) ~[server-1.20.1-20230612.114412-srg.jar%23424!/:?]
	at net.minecraft.world.level.storage.loot.entries.LootPoolEntryContainer$Serializer.m_7561_(LootPoolEntryContainer.java:74) ~[server-1.20.1-20230612.114412-srg.jar%23424!/:?]
	at net.minecraft.world.level.storage.loot.GsonAdapterFactory$JsonAdapter.deserialize(GsonAdapterFactory.java:102) ~[server-1.20.1-20230612.114412-srg.jar%23424!/:?]
	at com.google.gson.internal.bind.TreeTypeAdapter.read(TreeTypeAdapter.java:76) ~[gson-2.10.jar%2372!/:?]
	at com.google.gson.internal.bind.TypeAdapterRuntimeTypeWrapper.read(TypeAdapterRuntimeTypeWrapper.java:40) ~[gson-2.10.jar%2372!/:?]
	at com.google.gson.internal.bind.ArrayTypeAdapter.read(ArrayTypeAdapter.java:72) ~[gson-2.10.jar%2372!/:?]
	at com.google.gson.Gson.fromJson(Gson.java:1214) ~[gson-2.10.jar%2372!/:?]
	at com.google.gson.Gson.fromJson(Gson.java:1319) ~[gson-2.10.jar%2372!/:?]
	at com.google.gson.Gson.fromJson(Gson.java:1290) ~[gson-2.10.jar%2372!/:?]
	at com.google.gson.internal.bind.TreeTypeAdapter$GsonContextImpl.deserialize(TreeTypeAdapter.java:179) ~[gson-2.10.jar%2372!/:?]
	at net.minecraft.util.GsonHelper.m_13808_(GsonHelper.java:463) ~[server-1.20.1-20230612.114412-srg.jar%23424!/:?]
	at net.minecraft.util.GsonHelper.m_13836_(GsonHelper.java:471) ~[server-1.20.1-20230612.114412-srg.jar%23424!/:?]
	at net.minecraft.world.level.storage.loot.LootPool$Serializer.deserialize(LootPool.java:192) ~[server-1.20.1-20230612.114412-srg.jar%23424!/:?]
	at net.minecraft.world.level.storage.loot.LootPool$Serializer.deserialize(LootPool.java:189) ~[server-1.20.1-20230612.114412-srg.jar%23424!/:?]
	at com.google.gson.internal.bind.TreeTypeAdapter.read(TreeTypeAdapter.java:76) ~[gson-2.10.jar%2372!/:?]
	at com.google.gson.internal.bind.TypeAdapterRuntimeTypeWrapper.read(TypeAdapterRuntimeTypeWrapper.java:40) ~[gson-2.10.jar%2372!/:?]
	at com.google.gson.internal.bind.ArrayTypeAdapter.read(ArrayTypeAdapter.java:72) ~[gson-2.10.jar%2372!/:?]
	at com.google.gson.Gson.fromJson(Gson.java:1214) ~[gson-2.10.jar%2372!/:?]
	at com.google.gson.Gson.fromJson(Gson.java:1319) ~[gson-2.10.jar%2372!/:?]
	at com.google.gson.Gson.fromJson(Gson.java:1290) ~[gson-2.10.jar%2372!/:?]
	at com.google.gson.internal.bind.TreeTypeAdapter$GsonContextImpl.deserialize(TreeTypeAdapter.java:179) ~[gson-2.10.jar%2372!/:?]
	at net.minecraft.util.GsonHelper.m_13808_(GsonHelper.java:463) ~[server-1.20.1-20230612.114412-srg.jar%23424!/:?]
	at net.minecraft.util.GsonHelper.m_13845_(GsonHelper.java:481) ~[server-1.20.1-20230612.114412-srg.jar%23424!/:?]
	at net.minecraft.world.level.storage.loot.LootTable$Serializer.deserialize(LootTable.java:294) ~[server-1.20.1-20230612.114412-srg.jar%23424!/:?]
	at net.minecraft.world.level.storage.loot.LootTable$Serializer.deserialize(LootTable.java:291) ~[server-1.20.1-20230612.114412-srg.jar%23424!/:?]
	at com.google.gson.internal.bind.TreeTypeAdapter.read(TreeTypeAdapter.java:76) ~[gson-2.10.jar%2372!/:?]
	at com.google.gson.Gson.fromJson(Gson.java:1214) ~[gson-2.10.jar%2372!/:?]
	at com.google.gson.Gson.fromJson(Gson.java:1319) ~[gson-2.10.jar%2372!/:?]
	at com.google.gson.Gson.fromJson(Gson.java:1261) ~[gson-2.10.jar%2372!/:?]
	at net.minecraftforge.common.ForgeHooks.loadLootTable(ForgeHooks.java:871) ~[forge-1.20.1-47.4.4-universal.jar%23429!/:?]
	at net.minecraftforge.common.ForgeHooks.lambda$getLootTableDeserializer$3(ForgeHooks.java:848) ~[forge-1.20.1-47.4.4-universal.jar%23429!/:?]
	at net.minecraft.world.level.storage.loot.LootDataType.deserialize(LootDataType.java:45) ~[server-1.20.1-20230612.114412-srg.jar%23424!/:?]
	at net.minecraft.world.level.storage.loot.LootDataManager.lambda$scheduleElementParse$4(LootDataManager.java:56) ~[server-1.20.1-20230612.114412-srg.jar%23424!/:?]
	at java.util.HashMap.forEach(HashMap.java:1421) ~[?:?]
	at net.minecraft.world.level.storage.loot.LootDataManager.m_278660_(LootDataManager.java:55) ~[server-1.20.1-20230612.114412-srg.jar%23424!/:?]
	at java.util.concurrent.CompletableFuture$AsyncRun.run(CompletableFuture.java:1804) ~[?:?]
	at java.util.concurrent.CompletableFuture$AsyncRun.exec(CompletableFuture.java:1796) ~[?:?]
	at java.util.concurrent.ForkJoinTask.doExec(ForkJoinTask.java:373) ~[?:?]
	at java.util.concurrent.ForkJoinPool$WorkQueue.topLevelExec(ForkJoinPool.java:1182) ~[?:?]
	at java.util.concurrent.ForkJoinPool.scan(ForkJoinPool.java:1655) ~[?:?]
	at java.util.concurrent.ForkJoinPool.runWorker(ForkJoinPool.java:1622) ~[?:?]
	at java.util.concurrent.ForkJoinWorkerThread.run(ForkJoinWorkerThread.java:165) ~[?:?]
[27Aug2026 11:17:10.293] [Worker-Main-2/ERROR] [net.minecraftforge.common.ForgeHooks/]: Couldn't parse element loot_tables:aquamirae:entities/captain_cornelia
com.google.gson.JsonSyntaxException: Expected name to be an item, was unknown string 'aquamirae:coral_lance'
	at net.minecraft.util.GsonHelper.m_13866_(GsonHelper.java:145) ~[server-1.20.1-20230612.114412-srg.jar%23424!/:?]
	at java.util.Optional.orElseThrow(Optional.java:403) ~[?:?]
	at net.minecraft.util.GsonHelper.m_13874_(GsonHelper.java:145) ~[server-1.20.1-20230612.114412-srg.jar%23424!/:?]
	at net.minecraft.util.GsonHelper.m_13909_(GsonHelper.java:153) ~[server-1.20.1-20230612.114412-srg.jar%23424!/:?]
	at net.minecraft.world.level.storage.loot.entries.LootItem$Serializer.m_7267_(LootItem.java:55) ~[server-1.20.1-20230612.114412-srg.jar%23424!/:?]
	at net.minecraft.world.level.storage.loot.entries.LootItem$Serializer.m_7267_(LootItem.java:40) ~[server-1.20.1-20230612.114412-srg.jar%23424!/:?]
	at net.minecraft.world.level.storage.loot.entries.LootPoolSingletonContainer$Serializer.m_5921_(LootPoolSingletonContainer.java:151) ~[server-1.20.1-20230612.114412-srg.jar%23424!/:?]
	at net.minecraft.world.level.storage.loot.entries.LootPoolSingletonContainer$Serializer.m_5921_(LootPoolSingletonContainer.java:129) ~[server-1.20.1-20230612.114412-srg.jar%23424!/:?]
	at net.minecraft.world.level.storage.loot.entries.LootPoolEntryContainer$Serializer.m_7561_(LootPoolEntryContainer.java:86) ~[server-1.20.1-20230612.114412-srg.jar%23424!/:?]
	at net.minecraft.world.level.storage.loot.entries.LootPoolEntryContainer$Serializer.m_7561_(LootPoolEntryContainer.java:74) ~[server-1.20.1-20230612.114412-srg.jar%23424!/:?]
	at net.minecraft.world.level.storage.loot.GsonAdapterFactory$JsonAdapter.deserialize(GsonAdapterFactory.java:102) ~[server-1.20.1-20230612.114412-srg.jar%23424!/:?]
	at com.google.gson.internal.bind.TreeTypeAdapter.read(TreeTypeAdapter.java:76) ~[gson-2.10.jar%2372!/:?]
	at com.google.gson.internal.bind.TypeAdapterRuntimeTypeWrapper.read(TypeAdapterRuntimeTypeWrapper.java:40) ~[gson-2.10.jar%2372!/:?]
	at com.google.gson.internal.bind.ArrayTypeAdapter.read(ArrayTypeAdapter.java:72) ~[gson-2.10.jar%2372!/:?]
	at com.google.gson.Gson.fromJson(Gson.java:1214) ~[gson-2.10.jar%2372!/:?]
	at com.google.gson.Gson.fromJson(Gson.java:1319) ~[gson-2.10.jar%2372!/:?]
	at com.google.gson.Gson.fromJson(Gson.java:1290) ~[gson-2.10.jar%2372!/:?]
	at com.google.gson.internal.bind.TreeTypeAdapter$GsonContextImpl.deserialize(TreeTypeAdapter.java:179) ~[gson-2.10.jar%2372!/:?]
	at net.minecraft.util.GsonHelper.m_13808_(GsonHelper.java:463) ~[server-1.20.1-20230612.114412-srg.jar%23424!/:?]
	at net.minecraft.util.GsonHelper.m_13836_(GsonHelper.java:471) ~[server-1.20.1-20230612.114412-srg.jar%23424!/:?]
	at net.minecraft.world.level.storage.loot.LootPool$Serializer.deserialize(LootPool.java:192) ~[server-1.20.1-20230612.114412-srg.jar%23424!/:?]
	at net.minecraft.world.level.storage.loot.LootPool$Serializer.deserialize(LootPool.java:189) ~[server-1.20.1-20230612.114412-srg.jar%23424!/:?]
	at com.google.gson.internal.bind.TreeTypeAdapter.read(TreeTypeAdapter.java:76) ~[gson-2.10.jar%2372!/:?]
	at com.google.gson.internal.bind.TypeAdapterRuntimeTypeWrapper.read(TypeAdapterRuntimeTypeWrapper.java:40) ~[gson-2.10.jar%2372!/:?]
	at com.google.gson.internal.bind.ArrayTypeAdapter.read(ArrayTypeAdapter.java:72) ~[gson-2.10.jar%2372!/:?]
	at com.google.gson.Gson.fromJson(Gson.java:1214) ~[gson-2.10.jar%2372!/:?]
	at com.google.gson.Gson.fromJson(Gson.java:1319) ~[gson-2.10.jar%2372!/:?]
	at com.google.gson.Gson.fromJson(Gson.java:1290) ~[gson-2.10.jar%2372!/:?]
	at com.google.gson.internal.bind.TreeTypeAdapter$GsonContextImpl.deserialize(TreeTypeAdapter.java:179) ~[gson-2.10.jar%2372!/:?]
	at net.minecraft.util.GsonHelper.m_13808_(GsonHelper.java:463) ~[server-1.20.1-20230612.114412-srg.jar%23424!/:?]
	at net.minecraft.util.GsonHelper.m_13845_(GsonHelper.java:481) ~[server-1.20.1-20230612.114412-srg.jar%23424!/:?]
	at net.minecraft.world.level.storage.loot.LootTable$Serializer.deserialize(LootTable.java:294) ~[server-1.20.1-20230612.114412-srg.jar%23424!/:?]
	at net.minecraft.world.level.storage.loot.LootTable$Serializer.deserialize(LootTable.java:291) ~[server-1.20.1-20230612.114412-srg.jar%23424!/:?]
	at com.google.gson.internal.bind.TreeTypeAdapter.read(TreeTypeAdapter.java:76) ~[gson-2.10.jar%2372!/:?]
	at com.google.gson.Gson.fromJson(Gson.java:1214) ~[gson-2.10.jar%2372!/:?]
	at com.google.gson.Gson.fromJson(Gson.java:1319) ~[gson-2.10.jar%2372!/:?]
	at com.google.gson.Gson.fromJson(Gson.java:1261) ~[gson-2.10.jar%2372!/:?]
	at net.minecraftforge.common.ForgeHooks.loadLootTable(ForgeHooks.java:871) ~[forge-1.20.1-47.4.4-universal.jar%23429!/:?]
	at net.minecraftforge.common.ForgeHooks.lambda$getLootTableDeserializer$3(ForgeHooks.java:848) ~[forge-1.20.1-47.4.4-universal.jar%23429!/:?]
	at net.minecraft.world.level.storage.loot.LootDataType.deserialize(LootDataType.java:45) ~[server-1.20.1-20230612.114412-srg.jar%23424!/:?]
	at net.minecraft.world.level.storage.loot.LootDataManager.lambda$scheduleElementParse$4(LootDataManager.java:56) ~[server-1.20.1-20230612.114412-srg.jar%23424!/:?]
	at java.util.HashMap.forEach(HashMap.java:1421) ~[?:?]
	at net.minecraft.world.level.storage.loot.LootDataManager.m_278660_(LootDataManager.java:55) ~[server-1.20.1-20230612.114412-srg.jar%23424!/:?]
	at java.util.concurrent.CompletableFuture$AsyncRun.run(CompletableFuture.java:1804) ~[?:?]
	at java.util.concurrent.CompletableFuture$AsyncRun.exec(CompletableFuture.java:1796) ~[?:?]
	at java.util.concurrent.ForkJoinTask.doExec(ForkJoinTask.java:373) ~[?:?]
	at java.util.concurrent.ForkJoinPool$WorkQueue.topLevelExec(ForkJoinPool.java:1182) ~[?:?]
	at java.util.concurrent.ForkJoinPool.scan(ForkJoinPool.java:1655) ~[?:?]
	at java.util.concurrent.ForkJoinPool.runWorker(ForkJoinPool.java:1622) ~[?:?]
	at java.util.concurrent.ForkJoinWorkerThread.run(ForkJoinWorkerThread.java:165) ~[?:?]
[27Aug2026 11:17:11.307] [Worker-Main-2/ERROR] [net.minecraftforge.common.ForgeHooks/]: Couldn't parse element loot_tables:irons_spellbooks:chests/citadel/citadel_tomes
com.google.gson.JsonSyntaxException: Unknown type 'minecraft:set_written_book_pages'
	at net.minecraft.world.level.storage.loot.GsonAdapterFactory$JsonAdapter.deserialize(GsonAdapterFactory.java:99) ~[server-1.20.1-20230612.114412-srg.jar%23424!/:?]
	at com.google.gson.internal.bind.TreeTypeAdapter.read(TreeTypeAdapter.java:76) ~[gson-2.10.jar%2372!/:?]
	at com.google.gson.internal.bind.TypeAdapterRuntimeTypeWrapper.read(TypeAdapterRuntimeTypeWrapper.java:40) ~[gson-2.10.jar%2372!/:?]
	at com.google.gson.internal.bind.ArrayTypeAdapter.read(ArrayTypeAdapter.java:72) ~[gson-2.10.jar%2372!/:?]
	at com.google.gson.Gson.fromJson(Gson.java:1214) ~[gson-2.10.jar%2372!/:?]
	at com.google.gson.Gson.fromJson(Gson.java:1319) ~[gson-2.10.jar%2372!/:?]
	at com.google.gson.Gson.fromJson(Gson.java:1290) ~[gson-2.10.jar%2372!/:?]
	at com.google.gson.internal.bind.TreeTypeAdapter$GsonContextImpl.deserialize(TreeTypeAdapter.java:179) ~[gson-2.10.jar%2372!/:?]
	at net.minecraft.util.GsonHelper.m_13808_(GsonHelper.java:463) ~[server-1.20.1-20230612.114412-srg.jar%23424!/:?]
	at net.minecraft.util.GsonHelper.m_13845_(GsonHelper.java:481) ~[server-1.20.1-20230612.114412-srg.jar%23424!/:?]
	at net.minecraft.world.level.storage.loot.entries.LootPoolSingletonContainer$Serializer.m_5921_(LootPoolSingletonContainer.java:149) ~[server-1.20.1-20230612.114412-srg.jar%23424!/:?]
	at net.minecraft.world.level.storage.loot.entries.LootPoolSingletonContainer$Serializer.m_5921_(LootPoolSingletonContainer.java:129) ~[server-1.20.1-20230612.114412-srg.jar%23424!/:?]
	at net.minecraft.world.level.storage.loot.entries.LootPoolEntryContainer$Serializer.m_7561_(LootPoolEntryContainer.java:86) ~[server-1.20.1-20230612.114412-srg.jar%23424!/:?]
	at net.minecraft.world.level.storage.loot.entries.LootPoolEntryContainer$Serializer.m_7561_(LootPoolEntryContainer.java:74) ~[server-1.20.1-20230612.114412-srg.jar%23424!/:?]
	at net.minecraft.world.level.storage.loot.GsonAdapterFactory$JsonAdapter.deserialize(GsonAdapterFactory.java:102) ~[server-1.20.1-20230612.114412-srg.jar%23424!/:?]
	at com.google.gson.internal.bind.TreeTypeAdapter.read(TreeTypeAdapter.java:76) ~[gson-2.10.jar%2372!/:?]
	at com.google.gson.internal.bind.TypeAdapterRuntimeTypeWrapper.read(TypeAdapterRuntimeTypeWrapper.java:40) ~[gson-2.10.jar%2372!/:?]
	at com.google.gson.internal.bind.ArrayTypeAdapter.read(ArrayTypeAdapter.java:72) ~[gson-2.10.jar%2372!/:?]
	at com.google.gson.Gson.fromJson(Gson.java:1214) ~[gson-2.10.jar%2372!/:?]
	at com.google.gson.Gson.fromJson(Gson.java:1319) ~[gson-2.10.jar%2372!/:?]
	at com.google.gson.Gson.fromJson(Gson.java:1290) ~[gson-2.10.jar%2372!/:?]
	at com.google.gson.internal.bind.TreeTypeAdapter$GsonContextImpl.deserialize(TreeTypeAdapter.java:179) ~[gson-2.10.jar%2372!/:?]
	at net.minecraft.util.GsonHelper.m_13808_(GsonHelper.java:463) ~[server-1.20.1-20230612.114412-srg.jar%23424!/:?]
	at net.minecraft.util.GsonHelper.m_13836_(GsonHelper.java:471) ~[server-1.20.1-20230612.114412-srg.jar%23424!/:?]
	at net.minecraft.world.level.storage.loot.LootPool$Serializer.deserialize(LootPool.java:192) ~[server-1.20.1-20230612.114412-srg.jar%23424!/:?]
	at net.minecraft.world.level.storage.loot.LootPool$Serializer.deserialize(LootPool.java:189) ~[server-1.20.1-20230612.114412-srg.jar%23424!/:?]
	at com.google.gson.internal.bind.TreeTypeAdapter.read(TreeTypeAdapter.java:76) ~[gson-2.10.jar%2372!/:?]
	at com.google.gson.internal.bind.TypeAdapterRuntimeTypeWrapper.read(TypeAdapterRuntimeTypeWrapper.java:40) ~[gson-2.10.jar%2372!/:?]
	at com.google.gson.internal.bind.ArrayTypeAdapter.read(ArrayTypeAdapter.java:72) ~[gson-2.10.jar%2372!/:?]
	at com.google.gson.Gson.fromJson(Gson.java:1214) ~[gson-2.10.jar%2372!/:?]
	at com.google.gson.Gson.fromJson(Gson.java:1319) ~[gson-2.10.jar%2372!/:?]
	at com.google.gson.Gson.fromJson(Gson.java:1290) ~[gson-2.10.jar%2372!/:?]
	at com.google.gson.internal.bind.TreeTypeAdapter$GsonContextImpl.deserialize(TreeTypeAdapter.java:179) ~[gson-2.10.jar%2372!/:?]
	at net.minecraft.util.GsonHelper.m_13808_(GsonHelper.java:463) ~[server-1.20.1-20230612.114412-srg.jar%23424!/:?]
	at net.minecraft.util.GsonHelper.m_13845_(GsonHelper.java:481) ~[server-1.20.1-20230612.114412-srg.jar%23424!/:?]
	at net.minecraft.world.level.storage.loot.LootTable$Serializer.deserialize(LootTable.java:294) ~[server-1.20.1-20230612.114412-srg.jar%23424!/:?]
	at net.minecraft.world.level.storage.loot.LootTable$Serializer.deserialize(LootTable.java:291) ~[server-1.20.1-20230612.114412-srg.jar%23424!/:?]
	at com.google.gson.internal.bind.TreeTypeAdapter.read(TreeTypeAdapter.java:76) ~[gson-2.10.jar%2372!/:?]
	at com.google.gson.Gson.fromJson(Gson.java:1214) ~[gson-2.10.jar%2372!/:?]
	at com.google.gson.Gson.fromJson(Gson.java:1319) ~[gson-2.10.jar%2372!/:?]
	at com.google.gson.Gson.fromJson(Gson.java:1261) ~[gson-2.10.jar%2372!/:?]
	at net.minecraftforge.common.ForgeHooks.loadLootTable(ForgeHooks.java:871) ~[forge-1.20.1-47.4.4-universal.jar%23429!/:?]
	at net.minecraftforge.common.ForgeHooks.lambda$getLootTableDeserializer$3(ForgeHooks.java:848) ~[forge-1.20.1-47.4.4-universal.jar%23429!/:?]
	at net.minecraft.world.level.storage.loot.LootDataType.deserialize(LootDataType.java:45) ~[server-1.20.1-20230612.114412-srg.jar%23424!/:?]
	at net.minecraft.world.level.storage.loot.LootDataManager.lambda$scheduleElementParse$4(LootDataManager.java:56) ~[server-1.20.1-20230612.114412-srg.jar%23424!/:?]
	at java.util.HashMap.forEach(HashMap.java:1421) ~[?:?]
	at net.minecraft.world.level.storage.loot.LootDataManager.m_278660_(LootDataManager.java:55) ~[server-1.20.1-20230612.114412-srg.jar%23424!/:?]
	at java.util.concurrent.CompletableFuture$AsyncRun.run(CompletableFuture.java:1804) ~[?:?]
	at java.util.concurrent.CompletableFuture$AsyncRun.exec(CompletableFuture.java:1796) ~[?:?]
	at java.util.concurrent.ForkJoinTask.doExec(ForkJoinTask.java:373) ~[?:?]
	at java.util.concurrent.ForkJoinPool$WorkQueue.topLevelExec(ForkJoinPool.java:1182) ~[?:?]
	at java.util.concurrent.ForkJoinPool.scan(ForkJoinPool.java:1655) ~[?:?]
	at java.util.concurrent.ForkJoinPool.runWorker(ForkJoinPool.java:1622) ~[?:?]
	at java.util.concurrent.ForkJoinWorkerThread.run(ForkJoinWorkerThread.java:165) ~[?:?]
[27Aug2026 11:17:11.876] [main/WARN] [net.minecraft.world.level.storage.loot.LootDataManager/]: Found loot table element validation problem in {loot_tables:irons_spellbooks:chests/citadel/citadel_bookshelf}.pools[7].entries[0]: Unknown loot table called irons_spellbooks:chests/citadel/citadel_tomes
[27Aug2026 11:17:11.876] [main/WARN] [net.minecraft.world.level.storage.loot.LootDataManager/]: Found loot table element validation problem in {loot_tables:irons_spellbooks:entities/archevoker}.pools[2].entries[0]: Unknown loot table called irons_spellbooks:entities/additional_evoker_loot
[27Aug2026 11:17:11.934] [main/ERROR] [net.minecraft.world.item.crafting.RecipeManager/]: Parsing error loading recipe super_golem:golem_heart: com.google.gson.JsonSyntaxException: Missing type, expected to find a string
[27Aug2026 11:17:11.938] [main/ERROR] [net.minecraft.world.item.crafting.RecipeManager/]: Parsing error loading recipe cataclysm:storm_eye: com.google.gson.JsonSyntaxException: Missing type, expected to find a string
[27Aug2026 11:17:11.939] [main/ERROR] [net.minecraft.world.item.crafting.RecipeManager/]: Parsing error loading recipe cataclysm:monstrous_eye: com.google.gson.JsonSyntaxException: Missing type, expected to find a string
[27Aug2026 11:17:11.950] [main/INFO] [net.minecraft.world.item.crafting.RecipeManager/]: Skipping loading recipe supplementaries:inspirations/blackboard_clear as it's serializer returned null
[27Aug2026 11:17:11.952] [main/INFO] [net.minecraft.world.item.crafting.RecipeManager/]: Skipping loading recipe beyonddimensions:schematicannon_pathway as it's serializer returned null
[27Aug2026 11:17:11.954] [main/ERROR] [net.minecraft.world.item.crafting.RecipeManager/]: Parsing error loading recipe efn:duskfire_ingot: com.google.gson.JsonSyntaxException: Missing type, expected to find a string
[27Aug2026 11:17:11.958] [main/ERROR] [net.minecraft.world.item.crafting.RecipeManager/]: Parsing error loading recipe aquamirae:divider: com.google.gson.JsonSyntaxException: Missing type, expected to find a string
[27Aug2026 11:17:11.966] [main/ERROR] [net.minecraft.world.item.crafting.RecipeManager/]: Parsing error loading recipe efn:stomp: com.google.gson.JsonSyntaxException: Missing type, expected to find a string
[27Aug2026 11:17:11.968] [main/INFO] [net.minecraft.world.item.crafting.RecipeManager/]: Skipping loading recipe beyonddimensions:net_ae_storage_cell as it's serializer returned null
[27Aug2026 11:17:11.969] [main/ERROR] [net.minecraft.world.item.crafting.RecipeManager/]: Parsing error loading recipe wraithon:showdown_edict: com.google.gson.JsonSyntaxException: Missing type, expected to find a string
[27Aug2026 11:17:11.969] [main/ERROR] [net.minecraft.world.item.crafting.RecipeManager/]: Parsing error loading recipe fromtheshadows:smithing/crystallized_dagger: com.google.gson.JsonSyntaxException: Unknown item 'fromtheshadows:crystallized_blood'
[27Aug2026 11:17:11.970] [main/ERROR] [net.minecraft.world.item.crafting.RecipeManager/]: Parsing error loading recipe cataclysm:the_incinerator: com.google.gson.JsonSyntaxException: Missing type, expected to find a string
[27Aug2026 11:17:11.970] [main/INFO] [net.minecraft.world.item.crafting.RecipeManager/]: Skipping loading recipe beyonddimensions:rs_net_pathway as it's serializer returned null
[27Aug2026 11:17:11.972] [main/INFO] [net.minecraft.world.item.crafting.RecipeManager/]: Skipping loading recipe supplementaries:inspirations/flag_dye as it's serializer returned null
[27Aug2026 11:17:11.975] [main/ERROR] [net.minecraft.world.item.crafting.RecipeManager/]: Parsing error loading recipe cataclysm:the_annihilator: com.google.gson.JsonSyntaxException: Missing type, expected to find a string
[27Aug2026 11:17:11.976] [main/ERROR] [net.minecraft.world.item.crafting.RecipeManager/]: Parsing error loading recipe fromtheshadows:smithing/thirst_for_blood: com.google.gson.JsonSyntaxException: Unknown item 'fromtheshadows:corrupted_heart'
[27Aug2026 11:17:11.977] [main/ERROR] [net.minecraft.world.item.crafting.RecipeManager/]: Parsing error loading recipe cataclysm:abyss_eye: com.google.gson.JsonSyntaxException: Missing type, expected to find a string
[27Aug2026 11:17:11.988] [main/ERROR] [net.minecraft.world.item.crafting.RecipeManager/]: Parsing error loading recipe cataclysm:desert_eye: com.google.gson.JsonSyntaxException: Missing type, expected to find a string
[27Aug2026 11:17:11.991] [main/ERROR] [net.minecraft.world.item.crafting.RecipeManager/]: Parsing error loading recipe cataclysm:mech_eye: com.google.gson.JsonSyntaxException: Missing type, expected to find a string
[27Aug2026 11:17:11.992] [main/ERROR] [net.minecraft.world.item.crafting.RecipeManager/]: Parsing error loading recipe cataclysm:cursed_eye: com.google.gson.JsonSyntaxException: Missing type, expected to find a string
[27Aug2026 11:17:11.999] [main/ERROR] [net.minecraft.world.item.crafting.RecipeManager/]: Parsing error loading recipe beyonddimensions:net_feeder_item: com.google.gson.JsonSyntaxException: Missing type, expected to find a string
[27Aug2026 11:17:12.000] [main/ERROR] [net.minecraft.world.item.crafting.RecipeManager/]: Parsing error loading recipe efn:efn_parry: com.google.gson.JsonSyntaxException: Missing type, expected to find a string
[27Aug2026 11:17:12.001] [main/INFO] [net.minecraft.world.item.crafting.RecipeManager/]: Skipping loading recipe supplementaries:inspirations/flag_clear as it's serializer returned null
[27Aug2026 11:17:12.006] [main/ERROR] [net.minecraft.world.item.crafting.RecipeManager/]: Parsing error loading recipe fantasy_armor:moon_crystal: com.google.gson.JsonSyntaxException: Missing type, expected to find a string
[27Aug2026 11:17:12.006] [main/INFO] [net.minecraft.world.item.crafting.RecipeManager/]: Skipping loading recipe beyonddimensions:ars_source_pathway as it's serializer returned null
[27Aug2026 11:17:12.010] [main/ERROR] [net.minecraft.world.item.crafting.RecipeManager/]: Parsing error loading recipe cataclysm:flame_eye: com.google.gson.JsonSyntaxException: Missing type, expected to find a string
[27Aug2026 11:17:12.012] [main/ERROR] [net.minecraft.world.item.crafting.RecipeManager/]: Parsing error loading recipe efn:smithing/thornwheel: com.google.gson.JsonSyntaxException: Unknown item 'create:cogwheel'
[27Aug2026 11:17:12.013] [main/INFO] [net.minecraft.world.item.crafting.RecipeManager/]: Skipping loading recipe beyonddimensions:mana_pool_pathway as it's serializer returned null
[27Aug2026 11:17:12.013] [main/ERROR] [net.minecraft.world.item.crafting.RecipeManager/]: Parsing error loading recipe cataclysm:void_eye: com.google.gson.JsonSyntaxException: Missing type, expected to find a string
[27Aug2026 11:17:12.016] [main/ERROR] [net.minecraft.world.item.crafting.RecipeManager/]: Parsing error loading recipe fromtheshadows:smithing/devil_splitter: com.google.gson.JsonSyntaxException: Unknown item 'fromtheshadows:crystallized_blood'
[27Aug2026 11:17:12.023] [main/ERROR] [net.minecraft.world.item.crafting.RecipeManager/]: Parsing error loading recipe cataclysm:ceraunus: com.google.gson.JsonSyntaxException: Missing type, expected to find a string
[27Aug2026 11:17:12.029] [main/ERROR] [net.minecraft.world.item.crafting.RecipeManager/]: Parsing error loading recipe efn:execution: com.google.gson.JsonSyntaxException: Missing type, expected to find a string
[27Aug2026 11:17:12.032] [main/INFO] [net.minecraft.world.item.crafting.RecipeManager/]: Loaded 24 recipes
[27Aug2026 11:17:12.098] [main/ERROR] [net.minecraft.server.ServerAdvancementManager/]: Parsing error loading custom advancement supplementaries:recipes/planter_rich: Unknown item id 'farmersdelight:rich_soil'
[27Aug2026 11:17:12.108] [main/ERROR] [net.minecraft.server.ServerAdvancementManager/]: Parsing error loading custom advancement bookofdragons:dragon_hunter: Unknown item id 'bookofdragons:tracker_roost_map'
[27Aug2026 11:17:12.147] [main/INFO] [quark/]: [Automatic Recipe Unlock] Removed 2555 recipe advancements
[27Aug2026 11:17:12.159] [main/INFO] [net.minecraft.advancements.AdvancementList/]: Loaded 469 advancements
[27Aug2026 11:17:12.168] [main/INFO] [placebo/]: Registered 0 additional recipes.
[27Aug2026 11:17:34.936] [main/INFO] [top.theillusivec4.curios.Curios/]: Loaded 16 curio slots
[27Aug2026 11:17:34.952] [main/INFO] [top.theillusivec4.curios.Curios/]: Loaded 11 curio entities
[27Aug2026 11:17:34.954] [main/WARN] [epicfight/]: Skill efn:example doesn't exist in the registry.
[27Aug2026 11:17:34.955] [main/WARN] [epicfight/]: Skill tcrcore:step doesn't exist in the registry.
[27Aug2026 11:17:34.957] [main/WARN] [epicfight/]: Skill p1nero_ec:step doesn't exist in the registry.
[27Aug2026 11:17:34.957] [main/INFO] [com.asanginxst.epicfightx.EpicFightExtraMod/]: EFX: Replacing Epic Fight Weapon Types...
[27Aug2026 11:17:34.974] [main/WARN] [epicfight/]: Item Capability Exception: No item named aquamirae:poisoned_chakra
[27Aug2026 11:17:34.974] [main/WARN] [epicfight/]: Item Capability Exception: No item named farmersdelight:diamond_knife
[27Aug2026 11:17:34.974] [main/WARN] [epicfight/]: Item Capability Exception: No item named aquamirae:sweet_lance
[27Aug2026 11:17:34.975] [main/WARN] [epicfight/]: epicfight:cut is not a hit particle type in magistuarmory:pike
[27Aug2026 11:17:34.979] [main/WARN] [epicfight/]: Item Capability Exception: No item named aquamirae:coral_lance
[27Aug2026 11:17:34.980] [main/WARN] [epicfight/]: epicfight:cut is not a hit particle type in magistuarmory:pike
[27Aug2026 11:17:34.981] [main/WARN] [epicfight/]: Item Capability Exception: No item named magistuarmory:rusted_ranseur
[27Aug2026 11:17:34.982] [main/WARN] [epicfight/]: epicfight:cut is not a hit particle type in magistuarmory:pike
[27Aug2026 11:17:34.982] [main/WARN] [epicfight/]: Item Capability Exception: No item named dungeons_gear:venom_glaive
[27Aug2026 11:17:34.982] [main/WARN] [epicfight/]: Item Capability Exception: No item named farmersdelight:netherite_knife
[27Aug2026 11:17:34.984] [main/WARN] [epicfight/]: Item Capability Exception: No item named magistuarmory:rusted_morgenstern
[27Aug2026 11:17:34.985] [main/WARN] [epicfight/]: epicfight:cut is not a hit particle type in magistuarmory:pike
[27Aug2026 11:17:34.986] [main/WARN] [epicfight/]: epicfight:cut is not a hit particle type in magistuarmory:pike
[27Aug2026 11:17:34.986] [main/WARN] [epicfight/]: epicfight:cut is not a hit particle type in magistuarmory:pike
[27Aug2026 11:17:34.986] [main/WARN] [epicfight/]: epicfight:cut is not a hit particle type in magistuarmory:pike
[27Aug2026 11:17:34.986] [main/WARN] [epicfight/]: Item Capability Exception: No item named fromtheshadows:devil_splitter
[27Aug2026 11:17:34.987] [main/WARN] [epicfight/]: epicfight:cut is not a hit particle type in magistuarmory:pike
[27Aug2026 11:17:34.990] [main/WARN] [epicfight/]: epicfight:cut is not a hit particle type in magistuarmory:pike
[27Aug2026 11:17:34.995] [main/WARN] [epicfight/]: Item Capability Exception: No item named aquamirae:fin_cutter
[27Aug2026 11:17:34.995] [main/WARN] [epicfight/]: Item Capability Exception: No item named magistuarmory:rusted_guisarme
[27Aug2026 11:17:34.997] [main/WARN] [epicfight/]: Item Capability Exception: No item named magistuarmory:rusted_pike
[27Aug2026 11:17:34.997] [main/WARN] [epicfight/]: epicfight:cut is not a hit particle type in magistuarmory:pike
[27Aug2026 11:17:34.998] [main/WARN] [epicfight/]: epicfight:cut is not a hit particle type in magistuarmory:pike
[27Aug2026 11:17:34.998] [main/WARN] [epicfight/]: epicfight:cut is not a hit particle type in magistuarmory:pike
[27Aug2026 11:17:34.999] [main/WARN] [epicfight/]: Item Capability Exception: No item named magistuarmory:rusted_claymore
[27Aug2026 11:17:34.999] [main/WARN] [epicfight/]: Item Capability Exception: No item named aquamirae:dagger_of_greed
[27Aug2026 11:17:34.999] [main/WARN] [epicfight/]: Item Capability Exception: No item named aquamirae:poisoned_blade
[27Aug2026 11:17:34.999] [main/WARN] [epicfight/]: epicfight:cut is not a hit particle type in magistuarmory:pike
[27Aug2026 11:17:34.999] [main/WARN] [epicfight/]: Item Capability Exception: No item named efn:scythe
[27Aug2026 11:17:35.000] [main/WARN] [epicfight/]: epicfight:cut is not a hit particle type in magistuarmory:pike
[27Aug2026 11:17:35.000] [main/WARN] [epicfight/]: epicfight:cut is not a hit particle type in magistuarmory:pike
[27Aug2026 11:17:35.000] [main/WARN] [epicfight/]: Item Capability Exception: No item named magistuarmory:rusted_chivalrylance
[27Aug2026 11:17:35.000] [main/WARN] [epicfight/]: Item Capability Exception: No item named magistuarmory:rusted_zweihander
[27Aug2026 11:17:35.001] [main/WARN] [epicfight/]: Item Capability Exception: No item named farmersdelight:skillet
[27Aug2026 11:17:35.001] [main/WARN] [epicfight/]: Item Capability Exception: No item named magistuarmory:rusted_concavehalberd
[27Aug2026 11:17:35.002] [main/WARN] [epicfight/]: epicfight:cut is not a hit particle type in magistuarmory:pike
[27Aug2026 11:17:35.002] [main/WARN] [epicfight/]: Item Capability Exception: No item named dungeons_gear:grave_bane
[27Aug2026 11:17:35.002] [main/WARN] [epicfight/]: Item Capability Exception: No item named magistuarmory:rusted_flamebladedsword
[27Aug2026 11:17:35.003] [main/WARN] [epicfight/]: Item Capability Exception: No item named epicfight:_diamond_greatsword
[27Aug2026 11:17:35.003] [main/WARN] [epicfight/]: epicfight:cut is not a hit particle type in magistuarmory:pike
[27Aug2026 11:17:35.003] [main/WARN] [epicfight/]: Item Capability Exception: No item named magistuarmory:rusted_lucernhammer
[27Aug2026 11:17:35.005] [main/WARN] [epicfight/]: Item Capability Exception: No item named magistuarmory:rusted_heavywarhammer
[27Aug2026 11:17:35.007] [main/WARN] [epicfight/]: epicfight:cut is not a hit particle type in magistuarmory:pike
[27Aug2026 11:17:35.008] [main/WARN] [epicfight/]: Item Capability Exception: No item named aquamirae:whisper_of_the_abyss
[27Aug2026 11:17:35.008] [main/WARN] [epicfight/]: epicfight:cut is not a hit particle type in magistuarmory:pike
[27Aug2026 11:17:35.009] [main/WARN] [epicfight/]: epicfight:cut is not a hit particle type in magistuarmory:pike
[27Aug2026 11:17:35.010] [main/WARN] [epicfight/]: epicfight:cut is not a hit particle type in magistuarmory:pike
[27Aug2026 11:17:35.010] [main/WARN] [epicfight/]: Item Capability Exception: No item named magistuarmory:rusted_lochaberaxe
[27Aug2026 11:17:35.011] [main/WARN] [epicfight/]: Item Capability Exception: No item named cataclysm:_brontes
[27Aug2026 11:17:35.011] [main/WARN] [epicfight/]: Item Capability Exception: No item named dungeons_gear:glaive
[27Aug2026 11:17:35.011] [main/WARN] [epicfight/]: Item Capability Exception: No item named magistuarmory:rusted_katzbalger
[27Aug2026 11:17:35.011] [main/WARN] [epicfight/]: epicfight:cut is not a hit particle type in magistuarmory:pike
[27Aug2026 11:17:35.011] [main/WARN] [epicfight/]: epicfight:cut is not a hit particle type in magistuarmory:pike
[27Aug2026 11:17:35.013] [main/WARN] [epicfight/]: epicfight:cut is not a hit particle type in magistuarmory:pike
[27Aug2026 11:17:35.013] [main/WARN] [epicfight/]: Item Capability Exception: No item named fromtheshadows:thirst_for_blood
[27Aug2026 11:17:35.014] [main/WARN] [epicfight/]: epicfight:cut is not a hit particle type in magistuarmory:pike
[27Aug2026 11:17:35.018] [main/WARN] [epicfight/]: epicfight:cut is not a hit particle type in magistuarmory:pike
[27Aug2026 11:17:35.019] [main/WARN] [epicfight/]: Can't find a particle type epicfight:entity.hit.blunt in invincible:custom_combo_demo
[27Aug2026 11:17:35.019] [main/WARN] [epicfight/]: epicfight:cut is not a hit particle type in magistuarmory:pike
[27Aug2026 11:17:35.019] [main/WARN] [epicfight/]: epicfight:cut is not a hit particle type in magistuarmory:pike
[27Aug2026 11:17:35.020] [main/WARN] [epicfight/]: epicfight:cut is not a hit particle type in magistuarmory:pike
[27Aug2026 11:17:35.021] [main/WARN] [epicfight/]: Item Capability Exception: No item named farmersdelight:iron_knife
[27Aug2026 11:17:35.021] [main/WARN] [epicfight/]: epicfight:cut is not a hit particle type in magistuarmory:pike
[27Aug2026 11:17:35.022] [main/WARN] [epicfight/]: Item Capability Exception: No item named magistuarmory:rusted_estoc
[27Aug2026 11:17:35.023] [main/WARN] [epicfight/]: Item Capability Exception: No item named magistuarmory:rusted_chainmorgenstern
[27Aug2026 11:17:35.024] [main/WARN] [epicfight/]: epicfight:cut is not a hit particle type in magistuarmory:pike
[27Aug2026 11:17:35.024] [main/WARN] [epicfight/]: Item Capability Exception: No item named farmersdelight:flint_knife
[27Aug2026 11:17:35.024] [main/WARN] [epicfight/]: epicfight:cut is not a hit particle type in magistuarmory:pike
[27Aug2026 11:17:35.025] [main/WARN] [epicfight/]: Item Capability Exception: No item named magistuarmory:rusted_stylet
[27Aug2026 11:17:35.025] [main/WARN] [epicfight/]: epicfight:cut is not a hit particle type in magistuarmory:pike
[27Aug2026 11:17:35.026] [main/WARN] [epicfight/]: Item Capability Exception: No item named aquamirae:maze_rose
[27Aug2026 11:17:35.027] [main/WARN] [epicfight/]: Item Capability Exception: No item named farmersdelight:golden_knife
[27Aug2026 11:17:35.027] [main/WARN] [epicfight/]: epicfight:cut is not a hit particle type in magistuarmory:pike
[27Aug2026 11:17:35.028] [main/WARN] [epicfight/]: Error while deserializing datapack for magistuarmory:silver_morgenstern: Can't find weapon type: minecraft:axe
[27Aug2026 11:17:35.028] [main/WARN] [epicfight/]: Item Capability Exception: No item named magistuarmory:rusted_ahlspiess
[27Aug2026 11:17:35.029] [main/WARN] [epicfight/]: Item Capability Exception: No item named cataclysm:_meat_shredder
[27Aug2026 11:17:35.080] [main/WARN] [net.minecraftforge.common.loot.LootModifierManager/]: Could not decode GlobalLootModifier with json id uniqueaccessories:chest/waist_warmer_in_village_tqiga_house - error: Not a JSON object: null
[27Aug2026 11:17:35.081] [main/WARN] [net.minecraftforge.common.loot.LootModifierManager/]: Could not decode GlobalLootModifier with json id aether:gloves_loot_gold - error: Not a JSON object: null
[27Aug2026 11:17:35.081] [main/WARN] [net.minecraftforge.common.loot.LootModifierManager/]: Could not decode GlobalLootModifier with json id aether:gloves_loot_chain - error: Not a JSON object: null
[27Aug2026 11:17:35.082] [main/WARN] [net.minecraftforge.common.loot.LootModifierManager/]: Could not decode GlobalLootModifier with json id aether:gloves_loot_diamond - error: Not a JSON object: null
[27Aug2026 11:17:35.082] [main/WARN] [net.minecraftforge.common.loot.LootModifierManager/]: Could not decode GlobalLootModifier with json id aether:gloves_loot_leather - error: Not a JSON object: null
[27Aug2026 11:17:35.082] [main/WARN] [net.minecraftforge.common.loot.LootModifierManager/]: Could not decode GlobalLootModifier with json id aether:gloves_loot_iron - error: Not a JSON object: null
[27Aug2026 11:17:35.082] [main/WARN] [net.minecraftforge.common.loot.LootModifierManager/]: Could not decode GlobalLootModifier with json id aether:gloves_loot_netherite - error: Not a JSON object: null
[27Aug2026 11:17:35.082] [main/WARN] [net.minecraftforge.common.loot.LootModifierManager/]: Could not decode GlobalLootModifier with json id domesticationinnovation:blazing_enchanted_book - error: Not a JSON object: null
[27Aug2026 11:17:35.101] [main/INFO] [DragonGeneticsLoader/]: [DragonGenetics] Loaded species=8 taxonomy_entries=108 (across data packs)
[27Aug2026 11:17:35.120] [main/INFO] [net.magister.bookofdragons.entity.component.ranged.data.DragonAttackManager/]: Loaded 9 dragon attack definitions
[27Aug2026 11:17:35.124] [main/INFO] [SpeciesStatLoader/]: Loaded 8 species stat configs from datapacks
[27Aug2026 11:17:35.217] [main/INFO] [bountiful/]: Trying to load unloaded files from: config/bountiful/bounty_pools
[27Aug2026 11:17:35.225] [main/INFO] [bountiful/]: Trying to load unloaded files from: config/bountiful/bounty_decrees
[27Aug2026 11:17:35.236] [main/INFO] [com.p1nero.entityrespawner.data.RespawnableEntityManager/]: Loaded 1 respawnable entity definitions
[27Aug2026 11:17:35.238] [main/INFO] [quark-zeta/]: Modified advancement minecraft:husbandry/wax_on with 2 patches
[27Aug2026 11:17:35.239] [main/INFO] [quark-zeta/]: Modified advancement minecraft:adventure/kill_a_mob with 3 patches
[27Aug2026 11:17:35.239] [main/INFO] [quark-zeta/]: Modified advancement minecraft:husbandry/bred_all_animals with 3 patches
[27Aug2026 11:17:35.239] [main/INFO] [quark-zeta/]: Modified advancement minecraft:adventure/kill_all_mobs with 3 patches
[27Aug2026 11:17:35.239] [main/INFO] [quark-zeta/]: Modified advancement minecraft:husbandry/balanced_diet with 3 patches
[27Aug2026 11:17:35.240] [main/INFO] [quark-zeta/]: Modified advancement minecraft:husbandry/plant_seed with 1 patches
[27Aug2026 11:17:35.240] [main/INFO] [quark-zeta/]: Modified advancement minecraft:nether/all_effects with 2 patches
[27Aug2026 11:17:35.240] [main/INFO] [quark-zeta/]: Modified advancement minecraft:husbandry/wax_off with 2 patches
[27Aug2026 11:17:35.240] [main/INFO] [quark-zeta/]: Modified advancement minecraft:adventure/adventuring_time with 1 patches
[27Aug2026 11:17:35.240] [main/INFO] [quark-zeta/]: Modified advancement minecraft:nether/all_potions with 1 patches
[27Aug2026 11:17:35.256] [main/INFO] [Supplementaries/]: Loaded 27 flute songs
[27Aug2026 11:17:35.272] [main/INFO] [placebo/]: Registered 0 gear_sets.
[27Aug2026 11:17:35.305] [main/WARN] [indestructible/]: efn:biped/yamato/biped_hitback_1 can't be recognized
[27Aug2026 11:17:35.305] [main/WARN] [indestructible/]: epicfightx:biped/skill/revelation_normal can't be recognized
[27Aug2026 11:17:35.306] [main/WARN] [indestructible/]: efn:biped/yamato/biped_hitback_1 can't be recognized
[27Aug2026 11:17:35.306] [main/WARN] [indestructible/]: efn:biped/yamato/biped_hitback_1 can't be recognized
[27Aug2026 11:17:35.306] [main/WARN] [indestructible/]: efn:biped/yamato/biped_hitback_1 can't be recognized
[27Aug2026 11:17:35.306] [main/WARN] [indestructible/]: efn:biped/yamato/biped_hitback_1 can't be recognized
[27Aug2026 11:17:35.307] [main/WARN] [indestructible/]: efn:biped/yamato/biped_hitback_1 can't be recognized
[27Aug2026 11:17:35.307] [main/WARN] [indestructible/]: efn:biped/yamato/biped_hitback_1 can't be recognized
[27Aug2026 11:17:35.307] [main/WARN] [indestructible/]: efn:biped/yamato/biped_hitback_1 can't be recognized
[27Aug2026 11:17:35.307] [main/WARN] [indestructible/]: efn:biped/yamato/biped_hitback_1 can't be recognized
[27Aug2026 11:17:35.307] [main/WARN] [indestructible/]: efn:biped/ng_greatsword/ng_great_skill_clash can't be recognized
[27Aug2026 11:17:35.308] [main/WARN] [indestructible/]: efn:biped/yamato/biped_hitback_1 can't be recognized
[27Aug2026 11:17:35.308] [main/WARN] [indestructible/]: efn:biped/yamato/biped_hitback_1 can't be recognized
[27Aug2026 11:17:35.308] [main/WARN] [indestructible/]: efn:biped/yamato/biped_hitback_1 can't be recognized
[27Aug2026 11:17:35.308] [main/WARN] [indestructible/]: efn:biped/yamato/biped_hitback_1 can't be recognized
[27Aug2026 11:17:35.308] [main/WARN] [indestructible/]: efn:biped/yamato/biped_hitback_1 can't be recognized
[27Aug2026 11:17:35.308] [main/WARN] [indestructible/]: efn:biped/yamato/biped_hitback_1 can't be recognized
[27Aug2026 11:17:35.308] [main/WARN] [indestructible/]: efn:biped/yamato/biped_hitback_1 can't be recognized
[27Aug2026 11:17:35.309] [main/WARN] [indestructible/]: efn:biped/yamato/biped_hitback_1 can't be recognized
[27Aug2026 11:17:35.309] [main/WARN] [indestructible/]: efn:biped/nf_meen/nf_meen_auto4 can't be recognized
[27Aug2026 11:17:35.309] [main/WARN] [indestructible/]: efn:biped/yamato/biped_hitback_1 can't be recognized
[27Aug2026 11:17:35.309] [main/WARN] [indestructible/]: efn:biped/yamato/biped_hitback_1 can't be recognized
[27Aug2026 11:17:35.309] [main/WARN] [indestructible/]: efn:biped/yamato/biped_hitback_1 can't be recognized
[27Aug2026 11:17:35.309] [main/WARN] [indestructible/]: efn:biped/yamato/biped_hitback_1 can't be recognized
[27Aug2026 11:17:35.310] [main/WARN] [indestructible/]: efn:biped/yamato/biped_hitback_1 can't be recognized
[27Aug2026 11:17:35.310] [main/WARN] [indestructible/]: efn:biped/yamato/biped_hitback_1 can't be recognized
[27Aug2026 11:17:35.310] [main/WARN] [indestructible/]: efn:biped/yamato/biped_hitback_1 can't be recognized
[27Aug2026 11:17:35.310] [main/WARN] [indestructible/]: efn:biped/yamato/biped_hitback_1 can't be recognized
[27Aug2026 11:17:35.310] [main/WARN] [indestructible/]: efn:biped/nf_tachi/nf_tachi_bloodlust_end can't be recognized
[27Aug2026 11:17:35.310] [main/WARN] [indestructible/]: efn:biped/yamato/biped_hitback_1 can't be recognized
[27Aug2026 11:17:35.311] [main/WARN] [indestructible/]: efn:biped/yamato/biped_hitback_1 can't be recognized
[27Aug2026 11:17:35.311] [main/WARN] [indestructible/]: efn:biped/yamato/biped_hitback_1 can't be recognized
[27Aug2026 11:17:35.311] [main/WARN] [indestructible/]: efn:biped/yamato/biped_hitback_1 can't be recognized
[27Aug2026 11:17:35.311] [main/WARN] [indestructible/]: efn:biped/yamato/biped_hitback_1 can't be recognized
[27Aug2026 11:17:35.311] [main/WARN] [indestructible/]: efn:biped/yamato/biped_hitback_1 can't be recognized
[27Aug2026 11:17:35.311] [main/WARN] [indestructible/]: efn:biped/yamato/biped_hitback_1 can't be recognized
[27Aug2026 11:17:35.311] [main/WARN] [indestructible/]: epicfightx:biped/combat/uchigatana_sheath_dash can't be recognized
[27Aug2026 11:17:35.312] [main/WARN] [indestructible/]: efn:biped/yamato/biped_hitback_1 can't be recognized
[27Aug2026 11:17:35.312] [main/WARN] [indestructible/]: efn:biped/yamato/biped_hitback_1 can't be recognized
[27Aug2026 11:17:35.312] [main/WARN] [indestructible/]: efn:biped/yamato/biped_hitback_1 can't be recognized
[27Aug2026 11:17:35.312] [main/WARN] [indestructible/]: efn:biped/yamato/biped_hitback_1 can't be recognized
[27Aug2026 11:17:35.312] [main/WARN] [indestructible/]: efn:biped/yamato/biped_hitback_1 can't be recognized
[27Aug2026 11:17:35.312] [main/WARN] [indestructible/]: efn:biped/yamato/biped_hitback_1 can't be recognized
[27Aug2026 11:17:35.312] [main/WARN] [indestructible/]: efn:biped/yamato/biped_hitback_1 can't be recognized
[27Aug2026 11:17:35.315] [main/WARN] [indestructible/]: efn:biped/yamato/biped_hitback_1 can't be recognized
[27Aug2026 11:17:35.315] [main/WARN] [indestructible/]: epicfightx:biped/combat/dagger_airslash can't be recognized
[27Aug2026 11:17:35.315] [main/WARN] [indestructible/]: efn:biped/yamato/biped_hitback_1 can't be recognized
[27Aug2026 11:17:35.315] [main/WARN] [indestructible/]: efn:biped/yamato/biped_hitback_1 can't be recognized
[27Aug2026 11:17:35.315] [main/WARN] [indestructible/]: efn:biped/yamato/biped_hitback_1 can't be recognized
[27Aug2026 11:17:35.315] [main/WARN] [indestructible/]: efn:biped/yamato/biped_hitback_1 can't be recognized
[27Aug2026 11:17:35.315] [main/WARN] [indestructible/]: efn:biped/yamato/biped_hitback_1 can't be recognized
[27Aug2026 11:17:35.316] [main/WARN] [indestructible/]: efn:biped/yamato/biped_hitback_1 can't be recognized
[27Aug2026 11:17:35.316] [main/WARN] [indestructible/]: efn:biped/yamato/biped_hitback_1 can't be recognized
[27Aug2026 11:17:35.316] [main/WARN] [indestructible/]: epicfightx:biped/combat/dagger_dual_dash can't be recognized
[27Aug2026 11:17:35.316] [main/WARN] [indestructible/]: efn:biped/yamato/biped_hitback_1 can't be recognized
[27Aug2026 11:17:35.316] [main/WARN] [indestructible/]: efn:biped/yamato/biped_hitback_1 can't be recognized
[27Aug2026 11:17:35.316] [main/WARN] [indestructible/]: efn:biped/yamato/biped_hitback_1 can't be recognized
[27Aug2026 11:17:35.317] [main/WARN] [indestructible/]: efn:biped/yamato/biped_hitback_1 can't be recognized
[27Aug2026 11:17:35.317] [main/WARN] [indestructible/]: efn:biped/yamato/biped_hitback_1 can't be recognized
[27Aug2026 11:17:35.317] [main/WARN] [indestructible/]: efn:biped/yamato/biped_hitback_1 can't be recognized
[27Aug2026 11:17:35.317] [main/WARN] [indestructible/]: efn:biped/yamato/biped_hitback_1 can't be recognized
[27Aug2026 11:17:35.317] [main/WARN] [indestructible/]: epicfightx:biped/skill/dancing_edge can't be recognized
[27Aug2026 11:17:35.317] [main/WARN] [indestructible/]: efn:biped/yamato/biped_hitback_1 can't be recognized
[27Aug2026 11:17:35.318] [main/WARN] [indestructible/]: efn:biped/yamato/biped_hitback_1 can't be recognized
[27Aug2026 11:17:35.318] [main/WARN] [indestructible/]: efn:biped/yamato/biped_hitback_1 can't be recognized
[27Aug2026 11:17:35.318] [main/WARN] [indestructible/]: efn:biped/yamato/biped_hitback_1 can't be recognized
[27Aug2026 11:17:35.318] [main/WARN] [indestructible/]: efn:biped/yamato/biped_hitback_1 can't be recognized
[27Aug2026 11:17:35.318] [main/WARN] [indestructible/]: efn:biped/yamato/biped_hitback_1 can't be recognized
[27Aug2026 11:17:35.319] [main/WARN] [indestructible/]: efn:biped/yamato/biped_hitback_1 can't be recognized
[27Aug2026 11:17:35.319] [main/WARN] [indestructible/]: efn:biped/yamato/biped_hitback_air can't be recognized
[27Aug2026 11:17:35.319] [main/WARN] [indestructible/]: efn:biped/nf_claw/nf_claw_auto3 can't be recognized
[27Aug2026 11:17:35.319] [main/WARN] [indestructible/]: efn:biped/yamato/biped_hitback_1 can't be recognized
[27Aug2026 11:17:35.319] [main/WARN] [indestructible/]: efn:biped/yamato/biped_hitback_1 can't be recognized
[27Aug2026 11:17:35.320] [main/WARN] [indestructible/]: efn:biped/yamato/biped_hitback_1 can't be recognized
[27Aug2026 11:17:35.320] [main/WARN] [indestructible/]: efn:biped/yamato/biped_hitback_1 can't be recognized
[27Aug2026 11:17:35.320] [main/WARN] [indestructible/]: efn:biped/yamato/biped_hitback_1 can't be recognized
[27Aug2026 11:17:35.320] [main/WARN] [indestructible/]: efn:biped/yamato/biped_hitback_1 can't be recognized
[27Aug2026 11:17:35.320] [main/WARN] [indestructible/]: efn:biped/yamato/biped_hitback_1 can't be recognized
[27Aug2026 11:17:35.321] [main/WARN] [indestructible/]: efn:biped/yamato/biped_hitback_1 can't be recognized
[27Aug2026 11:17:35.321] [main/WARN] [indestructible/]: efn:biped/nf_sword/nf_sword_skill can't be recognized
[27Aug2026 11:17:35.321] [main/WARN] [indestructible/]: efn:biped/yamato/biped_hitback_1 can't be recognized
[27Aug2026 11:17:35.321] [main/WARN] [indestructible/]: efn:biped/yamato/biped_hitback_1 can't be recognized
[27Aug2026 11:17:35.321] [main/WARN] [indestructible/]: efn:biped/yamato/biped_hitback_1 can't be recognized
[27Aug2026 11:17:35.321] [main/WARN] [indestructible/]: efn:biped/yamato/biped_hitback_1 can't be recognized
[27Aug2026 11:17:35.321] [main/WARN] [indestructible/]: efn:biped/yamato/biped_hitback_1 can't be recognized
[27Aug2026 11:17:35.321] [main/WARN] [indestructible/]: efn:biped/yamato/biped_hitback_1 can't be recognized
[27Aug2026 11:17:35.321] [main/WARN] [indestructible/]: efn:biped/yamato/biped_hitback_1 can't be recognized
[27Aug2026 11:17:35.322] [main/WARN] [indestructible/]: efn:biped/yamato/biped_hitback_1 can't be recognized
[27Aug2026 11:17:35.322] [main/WARN] [indestructible/]: efn:biped/yamato/biped_hitback_1 can't be recognized
[27Aug2026 11:17:35.322] [main/WARN] [indestructible/]: efn:biped/yamato/biped_hitback_1 can't be recognized
[27Aug2026 11:17:35.322] [main/WARN] [indestructible/]: efn:biped/yamato/biped_hitback_1 can't be recognized
[27Aug2026 11:17:35.322] [main/WARN] [indestructible/]: efn:biped/yamato/biped_hitback_1 can't be recognized
[27Aug2026 11:17:35.322] [main/WARN] [indestructible/]: efn:biped/yamato/biped_hitback_1 can't be recognized
[27Aug2026 11:17:35.322] [main/WARN] [indestructible/]: efn:biped/yamato/biped_hitback_1 can't be recognized
[27Aug2026 11:17:35.322] [main/WARN] [indestructible/]: efn:biped/yamato/biped_hitback_1 can't be recognized
[27Aug2026 11:17:35.336] [main/WARN] [indestructible/]: epicfight:biped/skill/guard_sword_hit_active1 can't be recognized
[27Aug2026 11:17:35.336] [main/WARN] [indestructible/]: epicfight:biped/skill/guard_sword_hit_active2 can't be recognized
[27Aug2026 11:17:35.336] [main/WARN] [indestructible/]: epicfight:biped/skill/guard_sword_hit_active1 can't be recognized
[27Aug2026 11:17:35.361] [main/WARN] [indestructible/]: efn:biped/yamato/biped_hitback_1 can't be recognized
[27Aug2026 11:17:35.361] [main/WARN] [indestructible/]: epicfightx:biped/skill/revelation_normal can't be recognized
[27Aug2026 11:17:35.361] [main/WARN] [indestructible/]: efn:biped/yamato/biped_hitback_1 can't be recognized
[27Aug2026 11:17:35.361] [main/WARN] [indestructible/]: efn:biped/yamato/biped_hitback_1 can't be recognized
[27Aug2026 11:17:35.361] [main/WARN] [indestructible/]: efn:biped/yamato/biped_hitback_1 can't be recognized
[27Aug2026 11:17:35.361] [main/WARN] [indestructible/]: efn:biped/yamato/biped_hitback_1 can't be recognized
[27Aug2026 11:17:35.361] [main/WARN] [indestructible/]: efn:biped/yamato/biped_hitback_1 can't be recognized
[27Aug2026 11:17:35.362] [main/WARN] [indestructible/]: efn:biped/yamato/biped_hitback_1 can't be recognized
[27Aug2026 11:17:35.362] [main/WARN] [indestructible/]: efn:biped/yamato/biped_hitback_1 can't be recognized
[27Aug2026 11:17:35.362] [main/WARN] [indestructible/]: efn:biped/yamato/biped_hitback_1 can't be recognized
[27Aug2026 11:17:35.362] [main/WARN] [indestructible/]: efn:biped/ng_greatsword/ng_great_skill_clash can't be recognized
[27Aug2026 11:17:35.362] [main/WARN] [indestructible/]: efn:biped/yamato/biped_hitback_1 can't be recognized
[27Aug2026 11:17:35.362] [main/WARN] [indestructible/]: efn:biped/yamato/biped_hitback_1 can't be recognized
[27Aug2026 11:17:35.362] [main/WARN] [indestructible/]: efn:biped/yamato/biped_hitback_1 can't be recognized
[27Aug2026 11:17:35.363] [main/WARN] [indestructible/]: efn:biped/yamato/biped_hitback_1 can't be recognized
[27Aug2026 11:17:35.363] [main/WARN] [indestructible/]: efn:biped/yamato/biped_hitback_1 can't be recognized
[27Aug2026 11:17:35.363] [main/WARN] [indestructible/]: efn:biped/yamato/biped_hitback_1 can't be recognized
[27Aug2026 11:17:35.363] [main/WARN] [indestructible/]: efn:biped/yamato/biped_hitback_1 can't be recognized
[27Aug2026 11:17:35.363] [main/WARN] [indestructible/]: efn:biped/yamato/biped_hitback_1 can't be recognized
[27Aug2026 11:17:35.363] [main/WARN] [indestructible/]: efn:biped/nf_meen/nf_meen_auto4 can't be recognized
[27Aug2026 11:17:35.363] [main/WARN] [indestructible/]: efn:biped/yamato/biped_hitback_1 can't be recognized
[27Aug2026 11:17:35.364] [main/WARN] [indestructible/]: efn:biped/yamato/biped_hitback_1 can't be recognized
[27Aug2026 11:17:35.364] [main/WARN] [indestructible/]: efn:biped/yamato/biped_hitback_1 can't be recognized
[27Aug2026 11:17:35.364] [main/WARN] [indestructible/]: efn:biped/yamato/biped_hitback_1 can't be recognized
[27Aug2026 11:17:35.364] [main/WARN] [indestructible/]: efn:biped/yamato/biped_hitback_1 can't be recognized
[27Aug2026 11:17:35.364] [main/WARN] [indestructible/]: efn:biped/yamato/biped_hitback_1 can't be recognized
[27Aug2026 11:17:35.364] [main/WARN] [indestructible/]: efn:biped/yamato/biped_hitback_1 can't be recognized
[27Aug2026 11:17:35.364] [main/WARN] [indestructible/]: efn:biped/yamato/biped_hitback_1 can't be recognized
[27Aug2026 11:17:35.364] [main/WARN] [indestructible/]: efn:biped/nf_tachi/nf_tachi_bloodlust_end can't be recognized
[27Aug2026 11:17:35.364] [main/WARN] [indestructible/]: efn:biped/yamato/biped_hitback_1 can't be recognized
[27Aug2026 11:17:35.364] [main/WARN] [indestructible/]: efn:biped/yamato/biped_hitback_1 can't be recognized
[27Aug2026 11:17:35.364] [main/WARN] [indestructible/]: efn:biped/yamato/biped_hitback_1 can't be recognized
[27Aug2026 11:17:35.365] [main/WARN] [indestructible/]: efn:biped/yamato/biped_hitback_1 can't be recognized
[27Aug2026 11:17:35.365] [main/WARN] [indestructible/]: efn:biped/yamato/biped_hitback_1 can't be recognized
[27Aug2026 11:17:35.365] [main/WARN] [indestructible/]: efn:biped/yamato/biped_hitback_1 can't be recognized
[27Aug2026 11:17:35.365] [main/WARN] [indestructible/]: efn:biped/yamato/biped_hitback_1 can't be recognized
[27Aug2026 11:17:35.365] [main/WARN] [indestructible/]: epicfightx:biped/combat/uchigatana_sheath_dash can't be recognized
[27Aug2026 11:17:35.365] [main/WARN] [indestructible/]: efn:biped/yamato/biped_hitback_1 can't be recognized
[27Aug2026 11:17:35.366] [main/WARN] [indestructible/]: efn:biped/yamato/biped_hitback_1 can't be recognized
[27Aug2026 11:17:35.366] [main/WARN] [indestructible/]: efn:biped/yamato/biped_hitback_1 can't be recognized
[27Aug2026 11:17:35.366] [main/WARN] [indestructible/]: efn:biped/yamato/biped_hitback_1 can't be recognized
[27Aug2026 11:17:35.366] [main/WARN] [indestructible/]: efn:biped/yamato/biped_hitback_1 can't be recognized
[27Aug2026 11:17:35.366] [main/WARN] [indestructible/]: efn:biped/yamato/biped_hitback_1 can't be recognized
[27Aug2026 11:17:35.366] [main/WARN] [indestructible/]: efn:biped/yamato/biped_hitback_1 can't be recognized
[27Aug2026 11:17:35.366] [main/WARN] [indestructible/]: efn:biped/yamato/biped_hitback_1 can't be recognized
[27Aug2026 11:17:35.367] [main/WARN] [indestructible/]: epicfightx:biped/combat/dagger_airslash can't be recognized
[27Aug2026 11:17:35.367] [main/WARN] [indestructible/]: efn:biped/yamato/biped_hitback_1 can't be recognized
[27Aug2026 11:17:35.367] [main/WARN] [indestructible/]: efn:biped/yamato/biped_hitback_1 can't be recognized
[27Aug2026 11:17:35.367] [main/WARN] [indestructible/]: efn:biped/yamato/biped_hitback_1 can't be recognized
[27Aug2026 11:17:35.367] [main/WARN] [indestructible/]: efn:biped/yamato/biped_hitback_1 can't be recognized
[27Aug2026 11:17:35.367] [main/WARN] [indestructible/]: efn:biped/yamato/biped_hitback_1 can't be recognized
[27Aug2026 11:17:35.367] [main/WARN] [indestructible/]: efn:biped/yamato/biped_hitback_1 can't be recognized
[27Aug2026 11:17:35.367] [main/WARN] [indestructible/]: efn:biped/yamato/biped_hitback_1 can't be recognized
[27Aug2026 11:17:35.368] [main/WARN] [indestructible/]: epicfightx:biped/combat/dagger_dual_dash can't be recognized
[27Aug2026 11:17:35.368] [main/WARN] [indestructible/]: efn:biped/yamato/biped_hitback_1 can't be recognized
[27Aug2026 11:17:35.368] [main/WARN] [indestructible/]: efn:biped/yamato/biped_hitback_1 can't be recognized
[27Aug2026 11:17:35.368] [main/WARN] [indestructible/]: efn:biped/yamato/biped_hitback_1 can't be recognized
[27Aug2026 11:17:35.368] [main/WARN] [indestructible/]: efn:biped/yamato/biped_hitback_1 can't be recognized
[27Aug2026 11:17:35.368] [main/WARN] [indestructible/]: efn:biped/yamato/biped_hitback_1 can't be recognized
[27Aug2026 11:17:35.369] [main/WARN] [indestructible/]: efn:biped/yamato/biped_hitback_1 can't be recognized
[27Aug2026 11:17:35.369] [main/WARN] [indestructible/]: efn:biped/yamato/biped_hitback_1 can't be recognized
[27Aug2026 11:17:35.369] [main/WARN] [indestructible/]: epicfightx:biped/skill/dancing_edge can't be recognized
[27Aug2026 11:17:35.369] [main/WARN] [indestructible/]: efn:biped/yamato/biped_hitback_1 can't be recognized
[27Aug2026 11:17:35.369] [main/WARN] [indestructible/]: efn:biped/yamato/biped_hitback_1 can't be recognized
[27Aug2026 11:17:35.369] [main/WARN] [indestructible/]: efn:biped/yamato/biped_hitback_1 can't be recognized
[27Aug2026 11:17:35.369] [main/WARN] [indestructible/]: efn:biped/yamato/biped_hitback_1 can't be recognized
[27Aug2026 11:17:35.369] [main/WARN] [indestructible/]: efn:biped/yamato/biped_hitback_1 can't be recognized
[27Aug2026 11:17:35.370] [main/WARN] [indestructible/]: efn:biped/yamato/biped_hitback_1 can't be recognized
[27Aug2026 11:17:35.370] [main/WARN] [indestructible/]: efn:biped/yamato/biped_hitback_1 can't be recognized
[27Aug2026 11:17:35.370] [main/WARN] [indestructible/]: efn:biped/yamato/biped_hitback_air can't be recognized
[27Aug2026 11:17:35.370] [main/WARN] [indestructible/]: efn:biped/nf_claw/nf_claw_auto3 can't be recognized
[27Aug2026 11:17:35.371] [main/WARN] [indestructible/]: efn:biped/yamato/biped_hitback_1 can't be recognized
[27Aug2026 11:17:35.371] [main/WARN] [indestructible/]: efn:biped/yamato/biped_hitback_1 can't be recognized
[27Aug2026 11:17:35.371] [main/WARN] [indestructible/]: efn:biped/yamato/biped_hitback_1 can't be recognized
[27Aug2026 11:17:35.372] [main/WARN] [indestructible/]: efn:biped/yamato/biped_hitback_1 can't be recognized
[27Aug2026 11:17:35.372] [main/WARN] [indestructible/]: efn:biped/yamato/biped_hitback_1 can't be recognized
[27Aug2026 11:17:35.372] [main/WARN] [indestructible/]: efn:biped/yamato/biped_hitback_1 can't be recognized
[27Aug2026 11:17:35.372] [main/WARN] [indestructible/]: efn:biped/yamato/biped_hitback_1 can't be recognized
[27Aug2026 11:17:35.372] [main/WARN] [indestructible/]: efn:biped/yamato/biped_hitback_1 can't be recognized
[27Aug2026 11:17:35.373] [main/WARN] [indestructible/]: efn:biped/nf_sword/nf_sword_skill can't be recognized
[27Aug2026 11:17:35.373] [main/WARN] [indestructible/]: efn:biped/yamato/biped_hitback_1 can't be recognized
[27Aug2026 11:17:35.373] [main/WARN] [indestructible/]: efn:biped/yamato/biped_hitback_1 can't be recognized
[27Aug2026 11:17:35.373] [main/WARN] [indestructible/]: efn:biped/yamato/biped_hitback_1 can't be recognized
[27Aug2026 11:17:35.373] [main/WARN] [indestructible/]: efn:biped/yamato/biped_hitback_1 can't be recognized
[27Aug2026 11:17:35.373] [main/WARN] [indestructible/]: efn:biped/yamato/biped_hitback_1 can't be recognized
[27Aug2026 11:17:35.373] [main/WARN] [indestructible/]: efn:biped/yamato/biped_hitback_1 can't be recognized
[27Aug2026 11:17:35.373] [main/WARN] [indestructible/]: efn:biped/yamato/biped_hitback_1 can't be recognized
[27Aug2026 11:17:35.373] [main/WARN] [indestructible/]: efn:biped/yamato/biped_hitback_1 can't be recognized
[27Aug2026 11:17:35.374] [main/WARN] [indestructible/]: efn:biped/yamato/biped_hitback_1 can't be recognized
[27Aug2026 11:17:35.374] [main/WARN] [indestructible/]: efn:biped/yamato/biped_hitback_1 can't be recognized
[27Aug2026 11:17:35.374] [main/WARN] [indestructible/]: efn:biped/yamato/biped_hitback_1 can't be recognized
[27Aug2026 11:17:35.374] [main/WARN] [indestructible/]: efn:biped/yamato/biped_hitback_1 can't be recognized
[27Aug2026 11:17:35.374] [main/WARN] [indestructible/]: efn:biped/yamato/biped_hitback_1 can't be recognized
[27Aug2026 11:17:35.374] [main/WARN] [indestructible/]: efn:biped/yamato/biped_hitback_1 can't be recognized
[27Aug2026 11:17:35.374] [main/WARN] [indestructible/]: efn:biped/yamato/biped_hitback_1 can't be recognized
[27Aug2026 11:17:35.388] [main/WARN] [indestructible/]: efn:biped/yamato/biped_hitback_1 can't be recognized
[27Aug2026 11:17:35.388] [main/WARN] [indestructible/]: epicfightx:biped/skill/revelation_normal can't be recognized
[27Aug2026 11:17:35.389] [main/WARN] [indestructible/]: efn:biped/yamato/biped_hitback_1 can't be recognized
[27Aug2026 11:17:35.389] [main/WARN] [indestructible/]: efn:biped/yamato/biped_hitback_1 can't be recognized
[27Aug2026 11:17:35.389] [main/WARN] [indestructible/]: efn:biped/yamato/biped_hitback_1 can't be recognized
[27Aug2026 11:17:35.389] [main/WARN] [indestructible/]: efn:biped/yamato/biped_hitback_1 can't be recognized
[27Aug2026 11:17:35.389] [main/WARN] [indestructible/]: efn:biped/yamato/biped_hitback_1 can't be recognized
[27Aug2026 11:17:35.389] [main/WARN] [indestructible/]: efn:biped/yamato/biped_hitback_1 can't be recognized
[27Aug2026 11:17:35.390] [main/WARN] [indestructible/]: efn:biped/yamato/biped_hitback_1 can't be recognized
[27Aug2026 11:17:35.390] [main/WARN] [indestructible/]: efn:biped/yamato/biped_hitback_1 can't be recognized
[27Aug2026 11:17:35.390] [main/WARN] [indestructible/]: efn:biped/ng_greatsword/ng_great_skill_clash can't be recognized
[27Aug2026 11:17:35.390] [main/WARN] [indestructible/]: efn:biped/yamato/biped_hitback_1 can't be recognized
[27Aug2026 11:17:35.390] [main/WARN] [indestructible/]: efn:biped/yamato/biped_hitback_1 can't be recognized
[27Aug2026 11:17:35.390] [main/WARN] [indestructible/]: efn:biped/yamato/biped_hitback_1 can't be recognized
[27Aug2026 11:17:35.390] [main/WARN] [indestructible/]: efn:biped/yamato/biped_hitback_1 can't be recognized
[27Aug2026 11:17:35.391] [main/WARN] [indestructible/]: efn:biped/yamato/biped_hitback_1 can't be recognized
[27Aug2026 11:17:35.391] [main/WARN] [indestructible/]: efn:biped/yamato/biped_hitback_1 can't be recognized
[27Aug2026 11:17:35.391] [main/WARN] [indestructible/]: efn:biped/yamato/biped_hitback_1 can't be recognized
[27Aug2026 11:17:35.391] [main/WARN] [indestructible/]: efn:biped/yamato/biped_hitback_1 can't be recognized
[27Aug2026 11:17:35.391] [main/WARN] [indestructible/]: efn:biped/nf_meen/nf_meen_auto4 can't be recognized
[27Aug2026 11:17:35.391] [main/WARN] [indestructible/]: efn:biped/yamato/biped_hitback_1 can't be recognized
[27Aug2026 11:17:35.391] [main/WARN] [indestructible/]: efn:biped/yamato/biped_hitback_1 can't be recognized
[27Aug2026 11:17:35.391] [main/WARN] [indestructible/]: efn:biped/yamato/biped_hitback_1 can't be recognized
[27Aug2026 11:17:35.391] [main/WARN] [indestructible/]: efn:biped/yamato/biped_hitback_1 can't be recognized
[27Aug2026 11:17:35.391] [main/WARN] [indestructible/]: efn:biped/yamato/biped_hitback_1 can't be recognized
[27Aug2026 11:17:35.391] [main/WARN] [indestructible/]: efn:biped/yamato/biped_hitback_1 can't be recognized
[27Aug2026 11:17:35.392] [main/WARN] [indestructible/]: efn:biped/yamato/biped_hitback_1 can't be recognized
[27Aug2026 11:17:35.392] [main/WARN] [indestructible/]: efn:biped/yamato/biped_hitback_1 can't be recognized
[27Aug2026 11:17:35.392] [main/WARN] [indestructible/]: efn:biped/nf_tachi/nf_tachi_bloodlust_end can't be recognized
[27Aug2026 11:17:35.392] [main/WARN] [indestructible/]: efn:biped/yamato/biped_hitback_1 can't be recognized
[27Aug2026 11:17:35.393] [main/WARN] [indestructible/]: efn:biped/yamato/biped_hitback_1 can't be recognized
[27Aug2026 11:17:35.393] [main/WARN] [indestructible/]: efn:biped/yamato/biped_hitback_1 can't be recognized
[27Aug2026 11:17:35.393] [main/WARN] [indestructible/]: efn:biped/yamato/biped_hitback_1 can't be recognized
[27Aug2026 11:17:35.393] [main/WARN] [indestructible/]: efn:biped/yamato/biped_hitback_1 can't be recognized
[27Aug2026 11:17:35.393] [main/WARN] [indestructible/]: efn:biped/yamato/biped_hitback_1 can't be recognized
[27Aug2026 11:17:35.393] [main/WARN] [indestructible/]: efn:biped/yamato/biped_hitback_1 can't be recognized
[27Aug2026 11:17:35.393] [main/WARN] [indestructible/]: epicfightx:biped/combat/uchigatana_sheath_dash can't be recognized
[27Aug2026 11:17:35.394] [main/WARN] [indestructible/]: efn:biped/yamato/biped_hitback_1 can't be recognized
[27Aug2026 11:17:35.394] [main/WARN] [indestructible/]: efn:biped/yamato/biped_hitback_1 can't be recognized
[27Aug2026 11:17:35.394] [main/WARN] [indestructible/]: efn:biped/yamato/biped_hitback_1 can't be recognized
[27Aug2026 11:17:35.394] [main/WARN] [indestructible/]: efn:biped/yamato/biped_hitback_1 can't be recognized
[27Aug2026 11:17:35.394] [main/WARN] [indestructible/]: efn:biped/yamato/biped_hitback_1 can't be recognized
[27Aug2026 11:17:35.394] [main/WARN] [indestructible/]: efn:biped/yamato/biped_hitback_1 can't be recognized
[27Aug2026 11:17:35.394] [main/WARN] [indestructible/]: efn:biped/yamato/biped_hitback_1 can't be recognized
[27Aug2026 11:17:35.395] [main/WARN] [indestructible/]: efn:biped/yamato/biped_hitback_1 can't be recognized
[27Aug2026 11:17:35.395] [main/WARN] [indestructible/]: epicfightx:biped/combat/dagger_airslash can't be recognized
[27Aug2026 11:17:35.395] [main/WARN] [indestructible/]: efn:biped/yamato/biped_hitback_1 can't be recognized
[27Aug2026 11:17:35.395] [main/WARN] [indestructible/]: efn:biped/yamato/biped_hitback_1 can't be recognized
[27Aug2026 11:17:35.395] [main/WARN] [indestructible/]: efn:biped/yamato/biped_hitback_1 can't be recognized
[27Aug2026 11:17:35.395] [main/WARN] [indestructible/]: efn:biped/yamato/biped_hitback_1 can't be recognized
[27Aug2026 11:17:35.395] [main/WARN] [indestructible/]: efn:biped/yamato/biped_hitback_1 can't be recognized
[27Aug2026 11:17:35.395] [main/WARN] [indestructible/]: efn:biped/yamato/biped_hitback_1 can't be recognized
[27Aug2026 11:17:35.395] [main/WARN] [indestructible/]: efn:biped/yamato/biped_hitback_1 can't be recognized
[27Aug2026 11:17:35.395] [main/WARN] [indestructible/]: epicfightx:biped/combat/dagger_dual_dash can't be recognized
[27Aug2026 11:17:35.396] [main/WARN] [indestructible/]: efn:biped/yamato/biped_hitback_1 can't be recognized
[27Aug2026 11:17:35.396] [main/WARN] [indestructible/]: efn:biped/yamato/biped_hitback_1 can't be recognized
[27Aug2026 11:17:35.396] [main/WARN] [indestructible/]: efn:biped/yamato/biped_hitback_1 can't be recognized
[27Aug2026 11:17:35.396] [main/WARN] [indestructible/]: efn:biped/yamato/biped_hitback_1 can't be recognized
[27Aug2026 11:17:35.396] [main/WARN] [indestructible/]: efn:biped/yamato/biped_hitback_1 can't be recognized
[27Aug2026 11:17:35.397] [main/WARN] [indestructible/]: efn:biped/yamato/biped_hitback_1 can't be recognized
[27Aug2026 11:17:35.397] [main/WARN] [indestructible/]: efn:biped/yamato/biped_hitback_1 can't be recognized
[27Aug2026 11:17:35.397] [main/WARN] [indestructible/]: epicfightx:biped/skill/dancing_edge can't be recognized
[27Aug2026 11:17:35.397] [main/WARN] [indestructible/]: efn:biped/yamato/biped_hitback_1 can't be recognized
[27Aug2026 11:17:35.397] [main/WARN] [indestructible/]: efn:biped/yamato/biped_hitback_1 can't be recognized
[27Aug2026 11:17:35.398] [main/WARN] [indestructible/]: efn:biped/yamato/biped_hitback_1 can't be recognized
[27Aug2026 11:17:35.398] [main/WARN] [indestructible/]: efn:biped/yamato/biped_hitback_1 can't be recognized
[27Aug2026 11:17:35.398] [main/WARN] [indestructible/]: efn:biped/yamato/biped_hitback_1 can't be recognized
[27Aug2026 11:17:35.398] [main/WARN] [indestructible/]: efn:biped/yamato/biped_hitback_1 can't be recognized
[27Aug2026 11:17:35.398] [main/WARN] [indestructible/]: efn:biped/yamato/biped_hitback_1 can't be recognized
[27Aug2026 11:17:35.399] [main/WARN] [indestructible/]: efn:biped/yamato/biped_hitback_air can't be recognized
[27Aug2026 11:17:35.399] [main/WARN] [indestructible/]: efn:biped/nf_claw/nf_claw_auto3 can't be recognized
[27Aug2026 11:17:35.399] [main/WARN] [indestructible/]: efn:biped/yamato/biped_hitback_1 can't be recognized
[27Aug2026 11:17:35.399] [main/WARN] [indestructible/]: efn:biped/yamato/biped_hitback_1 can't be recognized
[27Aug2026 11:17:35.400] [main/WARN] [indestructible/]: efn:biped/yamato/biped_hitback_1 can't be recognized
[27Aug2026 11:17:35.400] [main/WARN] [indestructible/]: efn:biped/yamato/biped_hitback_1 can't be recognized
[27Aug2026 11:17:35.400] [main/WARN] [indestructible/]: efn:biped/yamato/biped_hitback_1 can't be recognized
[27Aug2026 11:17:35.400] [main/WARN] [indestructible/]: efn:biped/yamato/biped_hitback_1 can't be recognized
[27Aug2026 11:17:35.400] [main/WARN] [indestructible/]: efn:biped/yamato/biped_hitback_1 can't be recognized
[27Aug2026 11:17:35.400] [main/WARN] [indestructible/]: efn:biped/yamato/biped_hitback_1 can't be recognized
[27Aug2026 11:17:35.400] [main/WARN] [indestructible/]: efn:biped/nf_sword/nf_sword_skill can't be recognized
[27Aug2026 11:17:35.400] [main/WARN] [indestructible/]: efn:biped/yamato/biped_hitback_1 can't be recognized
[27Aug2026 11:17:35.400] [main/WARN] [indestructible/]: efn:biped/yamato/biped_hitback_1 can't be recognized
[27Aug2026 11:17:35.400] [main/WARN] [indestructible/]: efn:biped/yamato/biped_hitback_1 can't be recognized
[27Aug2026 11:17:35.400] [main/WARN] [indestructible/]: efn:biped/yamato/biped_hitback_1 can't be recognized
[27Aug2026 11:17:35.401] [main/WARN] [indestructible/]: efn:biped/yamato/biped_hitback_1 can't be recognized
[27Aug2026 11:17:35.401] [main/WARN] [indestructible/]: efn:biped/yamato/biped_hitback_1 can't be recognized
[27Aug2026 11:17:35.401] [main/WARN] [indestructible/]: efn:biped/yamato/biped_hitback_1 can't be recognized
[27Aug2026 11:17:35.401] [main/WARN] [indestructible/]: efn:biped/yamato/biped_hitback_1 can't be recognized
[27Aug2026 11:17:35.401] [main/WARN] [indestructible/]: efn:biped/yamato/biped_hitback_1 can't be recognized
[27Aug2026 11:17:35.401] [main/WARN] [indestructible/]: efn:biped/yamato/biped_hitback_1 can't be recognized
[27Aug2026 11:17:35.401] [main/WARN] [indestructible/]: efn:biped/yamato/biped_hitback_1 can't be recognized
[27Aug2026 11:17:35.401] [main/WARN] [indestructible/]: efn:biped/yamato/biped_hitback_1 can't be recognized
[27Aug2026 11:17:35.401] [main/WARN] [indestructible/]: efn:biped/yamato/biped_hitback_1 can't be recognized
[27Aug2026 11:17:35.401] [main/WARN] [indestructible/]: efn:biped/yamato/biped_hitback_1 can't be recognized
[27Aug2026 11:17:35.401] [main/WARN] [indestructible/]: efn:biped/yamato/biped_hitback_1 can't be recognized
[27Aug2026 11:17:35.417] [main/WARN] [indestructible/]: efn:biped/yamato/biped_hitback_1 can't be recognized
[27Aug2026 11:17:35.417] [main/WARN] [indestructible/]: epicfightx:biped/skill/revelation_normal can't be recognized
[27Aug2026 11:17:35.418] [main/WARN] [indestructible/]: efn:biped/yamato/biped_hitback_1 can't be recognized
[27Aug2026 11:17:35.418] [main/WARN] [indestructible/]: efn:biped/yamato/biped_hitback_1 can't be recognized
[27Aug2026 11:17:35.418] [main/WARN] [indestructible/]: efn:biped/yamato/biped_hitback_1 can't be recognized
[27Aug2026 11:17:35.418] [main/WARN] [indestructible/]: efn:biped/yamato/biped_hitback_1 can't be recognized
[27Aug2026 11:17:35.418] [main/WARN] [indestructible/]: efn:biped/yamato/biped_hitback_1 can't be recognized
[27Aug2026 11:17:35.418] [main/WARN] [indestructible/]: efn:biped/yamato/biped_hitback_1 can't be recognized
[27Aug2026 11:17:35.418] [main/WARN] [indestructible/]: efn:biped/yamato/biped_hitback_1 can't be recognized
[27Aug2026 11:17:35.418] [main/WARN] [indestructible/]: efn:biped/yamato/biped_hitback_1 can't be recognized
[27Aug2026 11:17:35.418] [main/WARN] [indestructible/]: efn:biped/ng_greatsword/ng_great_skill_clash can't be recognized
[27Aug2026 11:17:35.418] [main/WARN] [indestructible/]: efn:biped/yamato/biped_hitback_1 can't be recognized
[27Aug2026 11:17:35.419] [main/WARN] [indestructible/]: efn:biped/yamato/biped_hitback_1 can't be recognized
[27Aug2026 11:17:35.419] [main/WARN] [indestructible/]: efn:biped/yamato/biped_hitback_1 can't be recognized
[27Aug2026 11:17:35.419] [main/WARN] [indestructible/]: efn:biped/yamato/biped_hitback_1 can't be recognized
[27Aug2026 11:17:35.419] [main/WARN] [indestructible/]: efn:biped/yamato/biped_hitback_1 can't be recognized
[27Aug2026 11:17:35.419] [main/WARN] [indestructible/]: efn:biped/yamato/biped_hitback_1 can't be recognized
[27Aug2026 11:17:35.419] [main/WARN] [indestructible/]: efn:biped/yamato/biped_hitback_1 can't be recognized
[27Aug2026 11:17:35.419] [main/WARN] [indestructible/]: efn:biped/yamato/biped_hitback_1 can't be recognized
[27Aug2026 11:17:35.419] [main/WARN] [indestructible/]: efn:biped/nf_meen/nf_meen_auto4 can't be recognized
[27Aug2026 11:17:35.419] [main/WARN] [indestructible/]: efn:biped/yamato/biped_hitback_1 can't be recognized
[27Aug2026 11:17:35.419] [main/WARN] [indestructible/]: efn:biped/yamato/biped_hitback_1 can't be recognized
[27Aug2026 11:17:35.419] [main/WARN] [indestructible/]: efn:biped/yamato/biped_hitback_1 can't be recognized
[27Aug2026 11:17:35.420] [main/WARN] [indestructible/]: efn:biped/yamato/biped_hitback_1 can't be recognized
[27Aug2026 11:17:35.420] [main/WARN] [indestructible/]: efn:biped/yamato/biped_hitback_1 can't be recognized
[27Aug2026 11:17:35.420] [main/WARN] [indestructible/]: efn:biped/yamato/biped_hitback_1 can't be recognized
[27Aug2026 11:17:35.420] [main/WARN] [indestructible/]: efn:biped/yamato/biped_hitback_1 can't be recognized
[27Aug2026 11:17:35.420] [main/WARN] [indestructible/]: efn:biped/yamato/biped_hitback_1 can't be recognized
[27Aug2026 11:17:35.420] [main/WARN] [indestructible/]: efn:biped/nf_tachi/nf_tachi_bloodlust_end can't be recognized
[27Aug2026 11:17:35.420] [main/WARN] [indestructible/]: efn:biped/yamato/biped_hitback_1 can't be recognized
[27Aug2026 11:17:35.420] [main/WARN] [indestructible/]: efn:biped/yamato/biped_hitback_1 can't be recognized
[27Aug2026 11:17:35.420] [main/WARN] [indestructible/]: efn:biped/yamato/biped_hitback_1 can't be recognized
[27Aug2026 11:17:35.420] [main/WARN] [indestructible/]: efn:biped/yamato/biped_hitback_1 can't be recognized
[27Aug2026 11:17:35.420] [main/WARN] [indestructible/]: efn:biped/yamato/biped_hitback_1 can't be recognized
[27Aug2026 11:17:35.421] [main/WARN] [indestructible/]: efn:biped/yamato/biped_hitback_1 can't be recognized
[27Aug2026 11:17:35.421] [main/WARN] [indestructible/]: efn:biped/yamato/biped_hitback_1 can't be recognized
[27Aug2026 11:17:35.421] [main/WARN] [indestructible/]: epicfightx:biped/combat/uchigatana_sheath_dash can't be recognized
[27Aug2026 11:17:35.421] [main/WARN] [indestructible/]: efn:biped/yamato/biped_hitback_1 can't be recognized
[27Aug2026 11:17:35.421] [main/WARN] [indestructible/]: efn:biped/yamato/biped_hitback_1 can't be recognized
[27Aug2026 11:17:35.421] [main/WARN] [indestructible/]: efn:biped/yamato/biped_hitback_1 can't be recognized
[27Aug2026 11:17:35.421] [main/WARN] [indestructible/]: efn:biped/yamato/biped_hitback_1 can't be recognized
[27Aug2026 11:17:35.421] [main/WARN] [indestructible/]: efn:biped/yamato/biped_hitback_1 can't be recognized
[27Aug2026 11:17:35.421] [main/WARN] [indestructible/]: efn:biped/yamato/biped_hitback_1 can't be recognized
[27Aug2026 11:17:35.421] [main/WARN] [indestructible/]: efn:biped/yamato/biped_hitback_1 can't be recognized
[27Aug2026 11:17:35.422] [main/WARN] [indestructible/]: efn:biped/yamato/biped_hitback_1 can't be recognized
[27Aug2026 11:17:35.422] [main/WARN] [indestructible/]: epicfightx:biped/combat/dagger_airslash can't be recognized
[27Aug2026 11:17:35.422] [main/WARN] [indestructible/]: efn:biped/yamato/biped_hitback_1 can't be recognized
[27Aug2026 11:17:35.422] [main/WARN] [indestructible/]: efn:biped/yamato/biped_hitback_1 can't be recognized
[27Aug2026 11:17:35.422] [main/WARN] [indestructible/]: efn:biped/yamato/biped_hitback_1 can't be recognized
[27Aug2026 11:17:35.422] [main/WARN] [indestructible/]: efn:biped/yamato/biped_hitback_1 can't be recognized
[27Aug2026 11:17:35.422] [main/WARN] [indestructible/]: efn:biped/yamato/biped_hitback_1 can't be recognized
[27Aug2026 11:17:35.422] [main/WARN] [indestructible/]: efn:biped/yamato/biped_hitback_1 can't be recognized
[27Aug2026 11:17:35.422] [main/WARN] [indestructible/]: efn:biped/yamato/biped_hitback_1 can't be recognized
[27Aug2026 11:17:35.422] [main/WARN] [indestructible/]: epicfightx:biped/combat/dagger_dual_dash can't be recognized
[27Aug2026 11:17:35.423] [main/WARN] [indestructible/]: efn:biped/yamato/biped_hitback_1 can't be recognized
[27Aug2026 11:17:35.423] [main/WARN] [indestructible/]: efn:biped/yamato/biped_hitback_1 can't be recognized
[27Aug2026 11:17:35.423] [main/WARN] [indestructible/]: efn:biped/yamato/biped_hitback_1 can't be recognized
[27Aug2026 11:17:35.423] [main/WARN] [indestructible/]: efn:biped/yamato/biped_hitback_1 can't be recognized
[27Aug2026 11:17:35.423] [main/WARN] [indestructible/]: efn:biped/yamato/biped_hitback_1 can't be recognized
[27Aug2026 11:17:35.423] [main/WARN] [indestructible/]: efn:biped/yamato/biped_hitback_1 can't be recognized
[27Aug2026 11:17:35.423] [main/WARN] [indestructible/]: efn:biped/yamato/biped_hitback_1 can't be recognized
[27Aug2026 11:17:35.423] [main/WARN] [indestructible/]: epicfightx:biped/skill/dancing_edge can't be recognized
[27Aug2026 11:17:35.424] [main/WARN] [indestructible/]: efn:biped/yamato/biped_hitback_1 can't be recognized
[27Aug2026 11:17:35.424] [main/WARN] [indestructible/]: efn:biped/yamato/biped_hitback_1 can't be recognized
[27Aug2026 11:17:35.424] [main/WARN] [indestructible/]: efn:biped/yamato/biped_hitback_1 can't be recognized
[27Aug2026 11:17:35.424] [main/WARN] [indestructible/]: efn:biped/yamato/biped_hitback_1 can't be recognized
[27Aug2026 11:17:35.424] [main/WARN] [indestructible/]: efn:biped/yamato/biped_hitback_1 can't be recognized
[27Aug2026 11:17:35.424] [main/WARN] [indestructible/]: efn:biped/yamato/biped_hitback_1 can't be recognized
[27Aug2026 11:17:35.424] [main/WARN] [indestructible/]: efn:biped/yamato/biped_hitback_1 can't be recognized
[27Aug2026 11:17:35.424] [main/WARN] [indestructible/]: efn:biped/yamato/biped_hitback_air can't be recognized
[27Aug2026 11:17:35.424] [main/WARN] [indestructible/]: efn:biped/nf_claw/nf_claw_auto3 can't be recognized
[27Aug2026 11:17:35.426] [main/WARN] [indestructible/]: efn:biped/yamato/biped_hitback_1 can't be recognized
[27Aug2026 11:17:35.426] [main/WARN] [indestructible/]: efn:biped/yamato/biped_hitback_1 can't be recognized
[27Aug2026 11:17:35.427] [main/WARN] [indestructible/]: efn:biped/yamato/biped_hitback_1 can't be recognized
[27Aug2026 11:17:35.427] [main/WARN] [indestructible/]: efn:biped/yamato/biped_hitback_1 can't be recognized
[27Aug2026 11:17:35.427] [main/WARN] [indestructible/]: efn:biped/yamato/biped_hitback_1 can't be recognized
[27Aug2026 11:17:35.427] [main/WARN] [indestructible/]: efn:biped/yamato/biped_hitback_1 can't be recognized
[27Aug2026 11:17:35.427] [main/WARN] [indestructible/]: efn:biped/yamato/biped_hitback_1 can't be recognized
[27Aug2026 11:17:35.427] [main/WARN] [indestructible/]: efn:biped/yamato/biped_hitback_1 can't be recognized
[27Aug2026 11:17:35.427] [main/WARN] [indestructible/]: efn:biped/nf_sword/nf_sword_skill can't be recognized
[27Aug2026 11:17:35.427] [main/WARN] [indestructible/]: efn:biped/yamato/biped_hitback_1 can't be recognized
[27Aug2026 11:17:35.427] [main/WARN] [indestructible/]: efn:biped/yamato/biped_hitback_1 can't be recognized
[27Aug2026 11:17:35.427] [main/WARN] [indestructible/]: efn:biped/yamato/biped_hitback_1 can't be recognized
[27Aug2026 11:17:35.428] [main/WARN] [indestructible/]: efn:biped/yamato/biped_hitback_1 can't be recognized
[27Aug2026 11:17:35.428] [main/WARN] [indestructible/]: efn:biped/yamato/biped_hitback_1 can't be recognized
[27Aug2026 11:17:35.428] [main/WARN] [indestructible/]: efn:biped/yamato/biped_hitback_1 can't be recognized
[27Aug2026 11:17:35.428] [main/WARN] [indestructible/]: efn:biped/yamato/biped_hitback_1 can't be recognized
[27Aug2026 11:17:35.428] [main/WARN] [indestructible/]: efn:biped/yamato/biped_hitback_1 can't be recognized
[27Aug2026 11:17:35.428] [main/WARN] [indestructible/]: efn:biped/yamato/biped_hitback_1 can't be recognized
[27Aug2026 11:17:35.428] [main/WARN] [indestructible/]: efn:biped/yamato/biped_hitback_1 can't be recognized
[27Aug2026 11:17:35.428] [main/WARN] [indestructible/]: efn:biped/yamato/biped_hitback_1 can't be recognized
[27Aug2026 11:17:35.428] [main/WARN] [indestructible/]: efn:biped/yamato/biped_hitback_1 can't be recognized
[27Aug2026 11:17:35.428] [main/WARN] [indestructible/]: efn:biped/yamato/biped_hitback_1 can't be recognized
[27Aug2026 11:17:35.428] [main/WARN] [indestructible/]: efn:biped/yamato/biped_hitback_1 can't be recognized
[27Aug2026 11:17:35.428] [main/WARN] [indestructible/]: efn:biped/yamato/biped_hitback_1 can't be recognized
[27Aug2026 11:17:35.431] [main/WARN] [indestructible/]: efn:biped/yamato/biped_hitback_1 can't be recognized
[27Aug2026 11:17:35.431] [main/WARN] [indestructible/]: efn:biped/nf_sword/nf_sword_skill can't be recognized
[27Aug2026 11:17:35.431] [main/WARN] [indestructible/]: efn:biped/yamato/biped_hitback_1 can't be recognized
[27Aug2026 11:17:35.454] [main/WARN] [indestructible/]: efn:biped/yamato/biped_hitback_1 can't be recognized
[27Aug2026 11:17:35.455] [main/WARN] [indestructible/]: epicfightx:biped/skill/revelation_normal can't be recognized
[27Aug2026 11:17:35.455] [main/WARN] [indestructible/]: efn:biped/yamato/biped_hitback_1 can't be recognized
[27Aug2026 11:17:35.455] [main/WARN] [indestructible/]: efn:biped/yamato/biped_hitback_1 can't be recognized
[27Aug2026 11:17:35.455] [main/WARN] [indestructible/]: efn:biped/yamato/biped_hitback_1 can't be recognized
[27Aug2026 11:17:35.455] [main/WARN] [indestructible/]: efn:biped/yamato/biped_hitback_1 can't be recognized
[27Aug2026 11:17:35.455] [main/WARN] [indestructible/]: efn:biped/yamato/biped_hitback_1 can't be recognized
[27Aug2026 11:17:35.455] [main/WARN] [indestructible/]: efn:biped/yamato/biped_hitback_1 can't be recognized
[27Aug2026 11:17:35.455] [main/WARN] [indestructible/]: efn:biped/yamato/biped_hitback_1 can't be recognized
[27Aug2026 11:17:35.455] [main/WARN] [indestructible/]: efn:biped/yamato/biped_hitback_1 can't be recognized
[27Aug2026 11:17:35.455] [main/WARN] [indestructible/]: efn:biped/ng_greatsword/ng_great_skill_clash can't be recognized
[27Aug2026 11:17:35.456] [main/WARN] [indestructible/]: efn:biped/yamato/biped_hitback_1 can't be recognized
[27Aug2026 11:17:35.456] [main/WARN] [indestructible/]: efn:biped/yamato/biped_hitback_1 can't be recognized
[27Aug2026 11:17:35.456] [main/WARN] [indestructible/]: efn:biped/yamato/biped_hitback_1 can't be recognized
[27Aug2026 11:17:35.456] [main/WARN] [indestructible/]: efn:biped/yamato/biped_hitback_1 can't be recognized
[27Aug2026 11:17:35.456] [main/WARN] [indestructible/]: efn:biped/yamato/biped_hitback_1 can't be recognized
[27Aug2026 11:17:35.456] [main/WARN] [indestructible/]: efn:biped/yamato/biped_hitback_1 can't be recognized
[27Aug2026 11:17:35.456] [main/WARN] [indestructible/]: efn:biped/yamato/biped_hitback_1 can't be recognized
[27Aug2026 11:17:35.456] [main/WARN] [indestructible/]: efn:biped/yamato/biped_hitback_1 can't be recognized
[27Aug2026 11:17:35.456] [main/WARN] [indestructible/]: efn:biped/nf_meen/nf_meen_auto4 can't be recognized
[27Aug2026 11:17:35.457] [main/WARN] [indestructible/]: efn:biped/yamato/biped_hitback_1 can't be recognized
[27Aug2026 11:17:35.457] [main/WARN] [indestructible/]: efn:biped/yamato/biped_hitback_1 can't be recognized
[27Aug2026 11:17:35.457] [main/WARN] [indestructible/]: efn:biped/yamato/biped_hitback_1 can't be recognized
[27Aug2026 11:17:35.457] [main/WARN] [indestructible/]: efn:biped/yamato/biped_hitback_1 can't be recognized
[27Aug2026 11:17:35.457] [main/WARN] [indestructible/]: efn:biped/yamato/biped_hitback_1 can't be recognized
[27Aug2026 11:17:35.457] [main/WARN] [indestructible/]: efn:biped/yamato/biped_hitback_1 can't be recognized
[27Aug2026 11:17:35.457] [main/WARN] [indestructible/]: efn:biped/yamato/biped_hitback_1 can't be recognized
[27Aug2026 11:17:35.457] [main/WARN] [indestructible/]: efn:biped/yamato/biped_hitback_1 can't be recognized
[27Aug2026 11:17:35.457] [main/WARN] [indestructible/]: efn:biped/nf_tachi/nf_tachi_bloodlust_end can't be recognized
[27Aug2026 11:17:35.457] [main/WARN] [indestructible/]: efn:biped/yamato/biped_hitback_1 can't be recognized
[27Aug2026 11:17:35.458] [main/WARN] [indestructible/]: efn:biped/yamato/biped_hitback_1 can't be recognized
[27Aug2026 11:17:35.458] [main/WARN] [indestructible/]: efn:biped/yamato/biped_hitback_1 can't be recognized
[27Aug2026 11:17:35.458] [main/WARN] [indestructible/]: efn:biped/yamato/biped_hitback_1 can't be recognized
[27Aug2026 11:17:35.458] [main/WARN] [indestructible/]: efn:biped/yamato/biped_hitback_1 can't be recognized
[27Aug2026 11:17:35.458] [main/WARN] [indestructible/]: efn:biped/yamato/biped_hitback_1 can't be recognized
[27Aug2026 11:17:35.458] [main/WARN] [indestructible/]: efn:biped/yamato/biped_hitback_1 can't be recognized
[27Aug2026 11:17:35.458] [main/WARN] [indestructible/]: epicfightx:biped/combat/uchigatana_sheath_dash can't be recognized
[27Aug2026 11:17:35.458] [main/WARN] [indestructible/]: efn:biped/yamato/biped_hitback_1 can't be recognized
[27Aug2026 11:17:35.458] [main/WARN] [indestructible/]: efn:biped/yamato/biped_hitback_1 can't be recognized
[27Aug2026 11:17:35.458] [main/WARN] [indestructible/]: efn:biped/yamato/biped_hitback_1 can't be recognized
[27Aug2026 11:17:35.458] [main/WARN] [indestructible/]: efn:biped/yamato/biped_hitback_1 can't be recognized
[27Aug2026 11:17:35.459] [main/WARN] [indestructible/]: efn:biped/yamato/biped_hitback_1 can't be recognized
[27Aug2026 11:17:35.459] [main/WARN] [indestructible/]: efn:biped/yamato/biped_hitback_1 can't be recognized
[27Aug2026 11:17:35.459] [main/WARN] [indestructible/]: efn:biped/yamato/biped_hitback_1 can't be recognized
[27Aug2026 11:17:35.459] [main/WARN] [indestructible/]: efn:biped/yamato/biped_hitback_1 can't be recognized
[27Aug2026 11:17:35.459] [main/WARN] [indestructible/]: epicfightx:biped/combat/dagger_airslash can't be recognized
[27Aug2026 11:17:35.459] [main/WARN] [indestructible/]: efn:biped/yamato/biped_hitback_1 can't be recognized
[27Aug2026 11:17:35.459] [main/WARN] [indestructible/]: efn:biped/yamato/biped_hitback_1 can't be recognized
[27Aug2026 11:17:35.459] [main/WARN] [indestructible/]: efn:biped/yamato/biped_hitback_1 can't be recognized
[27Aug2026 11:17:35.459] [main/WARN] [indestructible/]: efn:biped/yamato/biped_hitback_1 can't be recognized
[27Aug2026 11:17:35.459] [main/WARN] [indestructible/]: efn:biped/yamato/biped_hitback_1 can't be recognized
[27Aug2026 11:17:35.459] [main/WARN] [indestructible/]: efn:biped/yamato/biped_hitback_1 can't be recognized
[27Aug2026 11:17:35.460] [main/WARN] [indestructible/]: efn:biped/yamato/biped_hitback_1 can't be recognized
[27Aug2026 11:17:35.460] [main/WARN] [indestructible/]: epicfightx:biped/combat/dagger_dual_dash can't be recognized
[27Aug2026 11:17:35.460] [main/WARN] [indestructible/]: efn:biped/yamato/biped_hitback_1 can't be recognized
[27Aug2026 11:17:35.460] [main/WARN] [indestructible/]: efn:biped/yamato/biped_hitback_1 can't be recognized
[27Aug2026 11:17:35.460] [main/WARN] [indestructible/]: efn:biped/yamato/biped_hitback_1 can't be recognized
[27Aug2026 11:17:35.460] [main/WARN] [indestructible/]: efn:biped/yamato/biped_hitback_1 can't be recognized
[27Aug2026 11:17:35.460] [main/WARN] [indestructible/]: efn:biped/yamato/biped_hitback_1 can't be recognized
[27Aug2026 11:17:35.460] [main/WARN] [indestructible/]: efn:biped/yamato/biped_hitback_1 can't be recognized
[27Aug2026 11:17:35.460] [main/WARN] [indestructible/]: efn:biped/yamato/biped_hitback_1 can't be recognized
[27Aug2026 11:17:35.461] [main/WARN] [indestructible/]: epicfightx:biped/skill/dancing_edge can't be recognized
[27Aug2026 11:17:35.461] [main/WARN] [indestructible/]: efn:biped/yamato/biped_hitback_1 can't be recognized
[27Aug2026 11:17:35.461] [main/WARN] [indestructible/]: efn:biped/yamato/biped_hitback_1 can't be recognized
[27Aug2026 11:17:35.461] [main/WARN] [indestructible/]: efn:biped/yamato/biped_hitback_1 can't be recognized
[27Aug2026 11:17:35.461] [main/WARN] [indestructible/]: efn:biped/yamato/biped_hitback_1 can't be recognized
[27Aug2026 11:17:35.461] [main/WARN] [indestructible/]: efn:biped/yamato/biped_hitback_1 can't be recognized
[27Aug2026 11:17:35.461] [main/WARN] [indestructible/]: efn:biped/yamato/biped_hitback_1 can't be recognized
[27Aug2026 11:17:35.461] [main/WARN] [indestructible/]: efn:biped/yamato/biped_hitback_1 can't be recognized
[27Aug2026 11:17:35.462] [main/WARN] [indestructible/]: efn:biped/yamato/biped_hitback_air can't be recognized
[27Aug2026 11:17:35.462] [main/WARN] [indestructible/]: efn:biped/nf_claw/nf_claw_auto3 can't be recognized
[27Aug2026 11:17:35.462] [main/WARN] [indestructible/]: efn:biped/yamato/biped_hitback_1 can't be recognized
[27Aug2026 11:17:35.462] [main/WARN] [indestructible/]: efn:biped/yamato/biped_hitback_1 can't be recognized
[27Aug2026 11:17:35.462] [main/WARN] [indestructible/]: efn:biped/yamato/biped_hitback_1 can't be recognized
[27Aug2026 11:17:35.462] [main/WARN] [indestructible/]: efn:biped/yamato/biped_hitback_1 can't be recognized
[27Aug2026 11:17:35.462] [main/WARN] [indestructible/]: efn:biped/yamato/biped_hitback_1 can't be recognized
[27Aug2026 11:17:35.462] [main/WARN] [indestructible/]: efn:biped/yamato/biped_hitback_1 can't be recognized
[27Aug2026 11:17:35.463] [main/WARN] [indestructible/]: efn:biped/yamato/biped_hitback_1 can't be recognized
[27Aug2026 11:17:35.463] [main/WARN] [indestructible/]: efn:biped/yamato/biped_hitback_1 can't be recognized
[27Aug2026 11:17:35.463] [main/WARN] [indestructible/]: efn:biped/nf_sword/nf_sword_skill can't be recognized
[27Aug2026 11:17:35.463] [main/WARN] [indestructible/]: efn:biped/yamato/biped_hitback_1 can't be recognized
[27Aug2026 11:17:35.463] [main/WARN] [indestructible/]: efn:biped/yamato/biped_hitback_1 can't be recognized
[27Aug2026 11:17:35.463] [main/WARN] [indestructible/]: efn:biped/yamato/biped_hitback_1 can't be recognized
[27Aug2026 11:17:35.463] [main/WARN] [indestructible/]: efn:biped/yamato/biped_hitback_1 can't be recognized
[27Aug2026 11:17:35.463] [main/WARN] [indestructible/]: efn:biped/yamato/biped_hitback_1 can't be recognized
[27Aug2026 11:17:35.464] [main/WARN] [indestructible/]: efn:biped/yamato/biped_hitback_1 can't be recognized
[27Aug2026 11:17:35.464] [main/WARN] [indestructible/]: efn:biped/yamato/biped_hitback_1 can't be recognized
[27Aug2026 11:17:35.464] [main/WARN] [indestructible/]: efn:biped/yamato/biped_hitback_1 can't be recognized
[27Aug2026 11:17:35.464] [main/WARN] [indestructible/]: efn:biped/yamato/biped_hitback_1 can't be recognized
[27Aug2026 11:17:35.464] [main/WARN] [indestructible/]: efn:biped/yamato/biped_hitback_1 can't be recognized
[27Aug2026 11:17:35.464] [main/WARN] [indestructible/]: efn:biped/yamato/biped_hitback_1 can't be recognized
[27Aug2026 11:17:35.464] [main/WARN] [indestructible/]: efn:biped/yamato/biped_hitback_1 can't be recognized
[27Aug2026 11:17:35.464] [main/WARN] [indestructible/]: efn:biped/yamato/biped_hitback_1 can't be recognized
[27Aug2026 11:17:35.464] [main/WARN] [indestructible/]: efn:biped/yamato/biped_hitback_1 can't be recognized
[27Aug2026 11:17:35.464] [main/WARN] [indestructible/]: efn:biped/yamato/biped_hitback_1 can't be recognized
[27Aug2026 11:17:35.466] [main/WARN] [indestructible/]: efn:biped/yamato/biped_hitback_air can't be recognized
[27Aug2026 11:17:35.466] [main/WARN] [indestructible/]: efn:biped/nf_claw/nf_claw_auto3 can't be recognized
[27Aug2026 11:17:35.466] [main/WARN] [indestructible/]: efn:biped/yamato/biped_hitback_1 can't be recognized
[27Aug2026 11:17:35.466] [main/WARN] [indestructible/]: efn:biped/yamato/biped_hitback_1 can't be recognized
[27Aug2026 11:17:35.466] [main/WARN] [indestructible/]: efn:biped/yamato/biped_hitback_1 can't be recognized
[27Aug2026 11:17:35.466] [main/WARN] [indestructible/]: efn:biped/yamato/biped_hitback_1 can't be recognized
[27Aug2026 11:17:35.467] [main/WARN] [indestructible/]: efn:biped/yamato/biped_hitback_1 can't be recognized
[27Aug2026 11:17:35.467] [main/WARN] [indestructible/]: efn:biped/yamato/biped_hitback_1 can't be recognized
[27Aug2026 11:17:35.467] [main/WARN] [indestructible/]: efn:biped/yamato/biped_hitback_1 can't be recognized
[27Aug2026 11:17:35.478] [main/WARN] [indestructible/]: efn:biped/yamato/biped_hitback_1 can't be recognized
[27Aug2026 11:17:35.478] [main/WARN] [indestructible/]: epicfightx:biped/skill/revelation_normal can't be recognized
[27Aug2026 11:17:35.478] [main/WARN] [indestructible/]: efn:biped/yamato/biped_hitback_1 can't be recognized
[27Aug2026 11:17:35.478] [main/WARN] [indestructible/]: efn:biped/yamato/biped_hitback_1 can't be recognized
[27Aug2026 11:17:35.478] [main/WARN] [indestructible/]: efn:biped/yamato/biped_hitback_1 can't be recognized
[27Aug2026 11:17:35.478] [main/WARN] [indestructible/]: efn:biped/yamato/biped_hitback_1 can't be recognized
[27Aug2026 11:17:35.478] [main/WARN] [indestructible/]: efn:biped/yamato/biped_hitback_1 can't be recognized
[27Aug2026 11:17:35.478] [main/WARN] [indestructible/]: efn:biped/yamato/biped_hitback_1 can't be recognized
[27Aug2026 11:17:35.478] [main/WARN] [indestructible/]: efn:biped/yamato/biped_hitback_1 can't be recognized
[27Aug2026 11:17:35.479] [main/WARN] [indestructible/]: efn:biped/yamato/biped_hitback_1 can't be recognized
[27Aug2026 11:17:35.479] [main/WARN] [indestructible/]: efn:biped/ng_greatsword/ng_great_skill_clash can't be recognized
[27Aug2026 11:17:35.479] [main/WARN] [indestructible/]: efn:biped/yamato/biped_hitback_1 can't be recognized
[27Aug2026 11:17:35.479] [main/WARN] [indestructible/]: efn:biped/yamato/biped_hitback_1 can't be recognized
[27Aug2026 11:17:35.479] [main/WARN] [indestructible/]: efn:biped/yamato/biped_hitback_1 can't be recognized
[27Aug2026 11:17:35.479] [main/WARN] [indestructible/]: efn:biped/yamato/biped_hitback_1 can't be recognized
[27Aug2026 11:17:35.479] [main/WARN] [indestructible/]: efn:biped/yamato/biped_hitback_1 can't be recognized
[27Aug2026 11:17:35.479] [main/WARN] [indestructible/]: efn:biped/yamato/biped_hitback_1 can't be recognized
[27Aug2026 11:17:35.479] [main/WARN] [indestructible/]: efn:biped/yamato/biped_hitback_1 can't be recognized
[27Aug2026 11:17:35.479] [main/WARN] [indestructible/]: efn:biped/yamato/biped_hitback_1 can't be recognized
[27Aug2026 11:17:35.479] [main/WARN] [indestructible/]: efn:biped/nf_meen/nf_meen_auto4 can't be recognized
[27Aug2026 11:17:35.480] [main/WARN] [indestructible/]: efn:biped/yamato/biped_hitback_1 can't be recognized
[27Aug2026 11:17:35.480] [main/WARN] [indestructible/]: efn:biped/yamato/biped_hitback_1 can't be recognized
[27Aug2026 11:17:35.480] [main/WARN] [indestructible/]: efn:biped/yamato/biped_hitback_1 can't be recognized
[27Aug2026 11:17:35.480] [main/WARN] [indestructible/]: efn:biped/yamato/biped_hitback_1 can't be recognized
[27Aug2026 11:17:35.480] [main/WARN] [indestructible/]: efn:biped/yamato/biped_hitback_1 can't be recognized
[27Aug2026 11:17:35.480] [main/WARN] [indestructible/]: efn:biped/yamato/biped_hitback_1 can't be recognized
[27Aug2026 11:17:35.480] [main/WARN] [indestructible/]: efn:biped/yamato/biped_hitback_1 can't be recognized
[27Aug2026 11:17:35.480] [main/WARN] [indestructible/]: efn:biped/yamato/biped_hitback_1 can't be recognized
[27Aug2026 11:17:35.480] [main/WARN] [indestructible/]: efn:biped/nf_tachi/nf_tachi_bloodlust_end can't be recognized
[27Aug2026 11:17:35.480] [main/WARN] [indestructible/]: efn:biped/yamato/biped_hitback_1 can't be recognized
[27Aug2026 11:17:35.480] [main/WARN] [indestructible/]: efn:biped/yamato/biped_hitback_1 can't be recognized
[27Aug2026 11:17:35.480] [main/WARN] [indestructible/]: efn:biped/yamato/biped_hitback_1 can't be recognized
[27Aug2026 11:17:35.481] [main/WARN] [indestructible/]: efn:biped/yamato/biped_hitback_1 can't be recognized
[27Aug2026 11:17:35.481] [main/WARN] [indestructible/]: efn:biped/yamato/biped_hitback_1 can't be recognized
[27Aug2026 11:17:35.481] [main/WARN] [indestructible/]: efn:biped/yamato/biped_hitback_1 can't be recognized
[27Aug2026 11:17:35.481] [main/WARN] [indestructible/]: efn:biped/yamato/biped_hitback_1 can't be recognized
[27Aug2026 11:17:35.481] [main/WARN] [indestructible/]: epicfightx:biped/combat/uchigatana_sheath_dash can't be recognized
[27Aug2026 11:17:35.481] [main/WARN] [indestructible/]: efn:biped/yamato/biped_hitback_1 can't be recognized
[27Aug2026 11:17:35.481] [main/WARN] [indestructible/]: efn:biped/yamato/biped_hitback_1 can't be recognized
[27Aug2026 11:17:35.481] [main/WARN] [indestructible/]: efn:biped/yamato/biped_hitback_1 can't be recognized
[27Aug2026 11:17:35.481] [main/WARN] [indestructible/]: efn:biped/yamato/biped_hitback_1 can't be recognized
[27Aug2026 11:17:35.481] [main/WARN] [indestructible/]: efn:biped/yamato/biped_hitback_1 can't be recognized
[27Aug2026 11:17:35.481] [main/WARN] [indestructible/]: efn:biped/yamato/biped_hitback_1 can't be recognized
[27Aug2026 11:17:35.482] [main/WARN] [indestructible/]: efn:biped/yamato/biped_hitback_1 can't be recognized
[27Aug2026 11:17:35.482] [main/WARN] [indestructible/]: efn:biped/yamato/biped_hitback_1 can't be recognized
[27Aug2026 11:17:35.482] [main/WARN] [indestructible/]: epicfightx:biped/combat/dagger_airslash can't be recognized
[27Aug2026 11:17:35.482] [main/WARN] [indestructible/]: efn:biped/yamato/biped_hitback_1 can't be recognized
[27Aug2026 11:17:35.482] [main/WARN] [indestructible/]: efn:biped/yamato/biped_hitback_1 can't be recognized
[27Aug2026 11:17:35.482] [main/WARN] [indestructible/]: efn:biped/yamato/biped_hitback_1 can't be recognized
[27Aug2026 11:17:35.482] [main/WARN] [indestructible/]: efn:biped/yamato/biped_hitback_1 can't be recognized
[27Aug2026 11:17:35.482] [main/WARN] [indestructible/]: efn:biped/yamato/biped_hitback_1 can't be recognized
[27Aug2026 11:17:35.482] [main/WARN] [indestructible/]: efn:biped/yamato/biped_hitback_1 can't be recognized
[27Aug2026 11:17:35.483] [main/WARN] [indestructible/]: efn:biped/yamato/biped_hitback_1 can't be recognized
[27Aug2026 11:17:35.483] [main/WARN] [indestructible/]: epicfightx:biped/combat/dagger_dual_dash can't be recognized
[27Aug2026 11:17:35.483] [main/WARN] [indestructible/]: efn:biped/yamato/biped_hitback_1 can't be recognized
[27Aug2026 11:17:35.483] [main/WARN] [indestructible/]: efn:biped/yamato/biped_hitback_1 can't be recognized
[27Aug2026 11:17:35.483] [main/WARN] [indestructible/]: efn:biped/yamato/biped_hitback_1 can't be recognized
[27Aug2026 11:17:35.483] [main/WARN] [indestructible/]: efn:biped/yamato/biped_hitback_1 can't be recognized
[27Aug2026 11:17:35.483] [main/WARN] [indestructible/]: efn:biped/yamato/biped_hitback_1 can't be recognized
[27Aug2026 11:17:35.483] [main/WARN] [indestructible/]: efn:biped/yamato/biped_hitback_1 can't be recognized
[27Aug2026 11:17:35.483] [main/WARN] [indestructible/]: efn:biped/yamato/biped_hitback_1 can't be recognized
[27Aug2026 11:17:35.484] [main/WARN] [indestructible/]: epicfightx:biped/skill/dancing_edge can't be recognized
[27Aug2026 11:17:35.484] [main/WARN] [indestructible/]: efn:biped/yamato/biped_hitback_1 can't be recognized
[27Aug2026 11:17:35.484] [main/WARN] [indestructible/]: efn:biped/yamato/biped_hitback_1 can't be recognized
[27Aug2026 11:17:35.484] [main/WARN] [indestructible/]: efn:biped/yamato/biped_hitback_1 can't be recognized
[27Aug2026 11:17:35.484] [main/WARN] [indestructible/]: efn:biped/yamato/biped_hitback_1 can't be recognized
[27Aug2026 11:17:35.484] [main/WARN] [indestructible/]: efn:biped/yamato/biped_hitback_1 can't be recognized
[27Aug2026 11:17:35.484] [main/WARN] [indestructible/]: efn:biped/yamato/biped_hitback_1 can't be recognized
[27Aug2026 11:17:35.484] [main/WARN] [indestructible/]: efn:biped/yamato/biped_hitback_1 can't be recognized
[27Aug2026 11:17:35.485] [main/WARN] [indestructible/]: efn:biped/yamato/biped_hitback_air can't be recognized
[27Aug2026 11:17:35.485] [main/WARN] [indestructible/]: efn:biped/nf_claw/nf_claw_auto3 can't be recognized
[27Aug2026 11:17:35.485] [main/WARN] [indestructible/]: efn:biped/yamato/biped_hitback_1 can't be recognized
[27Aug2026 11:17:35.485] [main/WARN] [indestructible/]: efn:biped/yamato/biped_hitback_1 can't be recognized
[27Aug2026 11:17:35.485] [main/WARN] [indestructible/]: efn:biped/yamato/biped_hitback_1 can't be recognized
[27Aug2026 11:17:35.485] [main/WARN] [indestructible/]: efn:biped/yamato/biped_hitback_1 can't be recognized
[27Aug2026 11:17:35.485] [main/WARN] [indestructible/]: efn:biped/yamato/biped_hitback_1 can't be recognized
[27Aug2026 11:17:35.485] [main/WARN] [indestructible/]: efn:biped/yamato/biped_hitback_1 can't be recognized
[27Aug2026 11:17:35.485] [main/WARN] [indestructible/]: efn:biped/yamato/biped_hitback_1 can't be recognized
[27Aug2026 11:17:35.486] [main/WARN] [indestructible/]: efn:biped/yamato/biped_hitback_1 can't be recognized
[27Aug2026 11:17:35.486] [main/WARN] [indestructible/]: efn:biped/nf_sword/nf_sword_skill can't be recognized
[27Aug2026 11:17:35.486] [main/WARN] [indestructible/]: efn:biped/yamato/biped_hitback_1 can't be recognized
[27Aug2026 11:17:35.486] [main/WARN] [indestructible/]: efn:biped/yamato/biped_hitback_1 can't be recognized
[27Aug2026 11:17:35.486] [main/WARN] [indestructible/]: efn:biped/yamato/biped_hitback_1 can't be recognized
[27Aug2026 11:17:35.486] [main/WARN] [indestructible/]: efn:biped/yamato/biped_hitback_1 can't be recognized
[27Aug2026 11:17:35.486] [main/WARN] [indestructible/]: efn:biped/yamato/biped_hitback_1 can't be recognized
[27Aug2026 11:17:35.486] [main/WARN] [indestructible/]: efn:biped/yamato/biped_hitback_1 can't be recognized
[27Aug2026 11:17:35.486] [main/WARN] [indestructible/]: efn:biped/yamato/biped_hitback_1 can't be recognized
[27Aug2026 11:17:35.486] [main/WARN] [indestructible/]: efn:biped/yamato/biped_hitback_1 can't be recognized
[27Aug2026 11:17:35.486] [main/WARN] [indestructible/]: efn:biped/yamato/biped_hitback_1 can't be recognized
[27Aug2026 11:17:35.487] [main/WARN] [indestructible/]: efn:biped/yamato/biped_hitback_1 can't be recognized
[27Aug2026 11:17:35.487] [main/WARN] [indestructible/]: efn:biped/yamato/biped_hitback_1 can't be recognized
[27Aug2026 11:17:35.487] [main/WARN] [indestructible/]: efn:biped/yamato/biped_hitback_1 can't be recognized
[27Aug2026 11:17:35.487] [main/WARN] [indestructible/]: efn:biped/yamato/biped_hitback_1 can't be recognized
[27Aug2026 11:17:35.487] [main/WARN] [indestructible/]: efn:biped/yamato/biped_hitback_1 can't be recognized
[27Aug2026 11:17:35.487] [main/WARN] [indestructible/]: efn:biped/yamato/biped_hitback_1 can't be recognized
[27Aug2026 11:17:35.489] [main/WARN] [indestructible/]: efn:biped/yamato/biped_hitback_air can't be recognized
[27Aug2026 11:17:35.490] [main/WARN] [indestructible/]: epicfightx:biped/combat/trident_auto3 can't be recognized
[27Aug2026 11:17:35.490] [main/WARN] [indestructible/]: efn:biped/yamato/biped_hitback_air can't be recognized
[27Aug2026 11:17:35.490] [main/WARN] [indestructible/]: efn:biped/nf_claw/nf_claw_auto3 can't be recognized
[27Aug2026 11:17:35.490] [main/WARN] [indestructible/]: efn:biped/yamato/biped_hitback_1 can't be recognized
[27Aug2026 11:17:35.490] [main/WARN] [indestructible/]: efn:biped/nf_sword/nf_sword_skill can't be recognized
[27Aug2026 11:17:35.490] [main/WARN] [indestructible/]: efn:biped/yamato/biped_hitback_1 can't be recognized
[27Aug2026 11:17:35.501] [main/WARN] [indestructible/]: efn:biped/yamato/biped_hitback_1 can't be recognized
[27Aug2026 11:17:35.501] [main/WARN] [indestructible/]: epicfightx:biped/skill/revelation_normal can't be recognized
[27Aug2026 11:17:35.501] [main/WARN] [indestructible/]: efn:biped/yamato/biped_hitback_1 can't be recognized
[27Aug2026 11:17:35.501] [main/WARN] [indestructible/]: efn:biped/yamato/biped_hitback_1 can't be recognized
[27Aug2026 11:17:35.501] [main/WARN] [indestructible/]: efn:biped/yamato/biped_hitback_1 can't be recognized
[27Aug2026 11:17:35.501] [main/WARN] [indestructible/]: efn:biped/yamato/biped_hitback_1 can't be recognized
[27Aug2026 11:17:35.501] [main/WARN] [indestructible/]: efn:biped/yamato/biped_hitback_1 can't be recognized
[27Aug2026 11:17:35.501] [main/WARN] [indestructible/]: efn:biped/yamato/biped_hitback_1 can't be recognized
[27Aug2026 11:17:35.501] [main/WARN] [indestructible/]: efn:biped/yamato/biped_hitback_1 can't be recognized
[27Aug2026 11:17:35.501] [main/WARN] [indestructible/]: efn:biped/yamato/biped_hitback_1 can't be recognized
[27Aug2026 11:17:35.502] [main/WARN] [indestructible/]: efn:biped/ng_greatsword/ng_great_skill_clash can't be recognized
[27Aug2026 11:17:35.502] [main/WARN] [indestructible/]: efn:biped/yamato/biped_hitback_1 can't be recognized
[27Aug2026 11:17:35.502] [main/WARN] [indestructible/]: efn:biped/yamato/biped_hitback_1 can't be recognized
[27Aug2026 11:17:35.502] [main/WARN] [indestructible/]: efn:biped/yamato/biped_hitback_1 can't be recognized
[27Aug2026 11:17:35.502] [main/WARN] [indestructible/]: efn:biped/yamato/biped_hitback_1 can't be recognized
[27Aug2026 11:17:35.502] [main/WARN] [indestructible/]: efn:biped/yamato/biped_hitback_1 can't be recognized
[27Aug2026 11:17:35.502] [main/WARN] [indestructible/]: efn:biped/yamato/biped_hitback_1 can't be recognized
[27Aug2026 11:17:35.502] [main/WARN] [indestructible/]: efn:biped/yamato/biped_hitback_1 can't be recognized
[27Aug2026 11:17:35.502] [main/WARN] [indestructible/]: efn:biped/yamato/biped_hitback_1 can't be recognized
[27Aug2026 11:17:35.502] [main/WARN] [indestructible/]: efn:biped/nf_meen/nf_meen_auto4 can't be recognized
[27Aug2026 11:17:35.502] [main/WARN] [indestructible/]: efn:biped/yamato/biped_hitback_1 can't be recognized
[27Aug2026 11:17:35.503] [main/WARN] [indestructible/]: efn:biped/yamato/biped_hitback_1 can't be recognized
[27Aug2026 11:17:35.503] [main/WARN] [indestructible/]: efn:biped/yamato/biped_hitback_1 can't be recognized
[27Aug2026 11:17:35.503] [main/WARN] [indestructible/]: efn:biped/yamato/biped_hitback_1 can't be recognized
[27Aug2026 11:17:35.503] [main/WARN] [indestructible/]: efn:biped/yamato/biped_hitback_1 can't be recognized
[27Aug2026 11:17:35.503] [main/WARN] [indestructible/]: efn:biped/yamato/biped_hitback_1 can't be recognized
[27Aug2026 11:17:35.503] [main/WARN] [indestructible/]: efn:biped/yamato/biped_hitback_1 can't be recognized
[27Aug2026 11:17:35.503] [main/WARN] [indestructible/]: efn:biped/yamato/biped_hitback_1 can't be recognized
[27Aug2026 11:17:35.503] [main/WARN] [indestructible/]: efn:biped/nf_tachi/nf_tachi_bloodlust_end can't be recognized
[27Aug2026 11:17:35.503] [main/WARN] [indestructible/]: efn:biped/yamato/biped_hitback_1 can't be recognized
[27Aug2026 11:17:35.503] [main/WARN] [indestructible/]: efn:biped/yamato/biped_hitback_1 can't be recognized
[27Aug2026 11:17:35.503] [main/WARN] [indestructible/]: efn:biped/yamato/biped_hitback_1 can't be recognized
[27Aug2026 11:17:35.503] [main/WARN] [indestructible/]: efn:biped/yamato/biped_hitback_1 can't be recognized
[27Aug2026 11:17:35.504] [main/WARN] [indestructible/]: efn:biped/yamato/biped_hitback_1 can't be recognized
[27Aug2026 11:17:35.504] [main/WARN] [indestructible/]: efn:biped/yamato/biped_hitback_1 can't be recognized
[27Aug2026 11:17:35.504] [main/WARN] [indestructible/]: efn:biped/yamato/biped_hitback_1 can't be recognized
[27Aug2026 11:17:35.504] [main/WARN] [indestructible/]: epicfightx:biped/combat/uchigatana_sheath_dash can't be recognized
[27Aug2026 11:17:35.504] [main/WARN] [indestructible/]: efn:biped/yamato/biped_hitback_1 can't be recognized
[27Aug2026 11:17:35.504] [main/WARN] [indestructible/]: efn:biped/yamato/biped_hitback_1 can't be recognized
[27Aug2026 11:17:35.504] [main/WARN] [indestructible/]: efn:biped/yamato/biped_hitback_1 can't be recognized
[27Aug2026 11:17:35.504] [main/WARN] [indestructible/]: efn:biped/yamato/biped_hitback_1 can't be recognized
[27Aug2026 11:17:35.504] [main/WARN] [indestructible/]: efn:biped/yamato/biped_hitback_1 can't be recognized
[27Aug2026 11:17:35.504] [main/WARN] [indestructible/]: efn:biped/yamato/biped_hitback_1 can't be recognized
[27Aug2026 11:17:35.504] [main/WARN] [indestructible/]: efn:biped/yamato/biped_hitback_1 can't be recognized
[27Aug2026 11:17:35.505] [main/WARN] [indestructible/]: efn:biped/yamato/biped_hitback_1 can't be recognized
[27Aug2026 11:17:35.505] [main/WARN] [indestructible/]: epicfightx:biped/combat/dagger_airslash can't be recognized
[27Aug2026 11:17:35.505] [main/WARN] [indestructible/]: efn:biped/yamato/biped_hitback_1 can't be recognized
[27Aug2026 11:17:35.505] [main/WARN] [indestructible/]: efn:biped/yamato/biped_hitback_1 can't be recognized
[27Aug2026 11:17:35.505] [main/WARN] [indestructible/]: efn:biped/yamato/biped_hitback_1 can't be recognized
[27Aug2026 11:17:35.505] [main/WARN] [indestructible/]: efn:biped/yamato/biped_hitback_1 can't be recognized
[27Aug2026 11:17:35.505] [main/WARN] [indestructible/]: efn:biped/yamato/biped_hitback_1 can't be recognized
[27Aug2026 11:17:35.505] [main/WARN] [indestructible/]: efn:biped/yamato/biped_hitback_1 can't be recognized
[27Aug2026 11:17:35.505] [main/WARN] [indestructible/]: efn:biped/yamato/biped_hitback_1 can't be recognized
[27Aug2026 11:17:35.505] [main/WARN] [indestructible/]: epicfightx:biped/combat/dagger_dual_dash can't be recognized
[27Aug2026 11:17:35.505] [main/WARN] [indestructible/]: efn:biped/yamato/biped_hitback_1 can't be recognized
[27Aug2026 11:17:35.506] [main/WARN] [indestructible/]: efn:biped/yamato/biped_hitback_1 can't be recognized
[27Aug2026 11:17:35.506] [main/WARN] [indestructible/]: efn:biped/yamato/biped_hitback_1 can't be recognized
[27Aug2026 11:17:35.506] [main/WARN] [indestructible/]: efn:biped/yamato/biped_hitback_1 can't be recognized
[27Aug2026 11:17:35.506] [main/WARN] [indestructible/]: efn:biped/yamato/biped_hitback_1 can't be recognized
[27Aug2026 11:17:35.506] [main/WARN] [indestructible/]: efn:biped/yamato/biped_hitback_1 can't be recognized
[27Aug2026 11:17:35.506] [main/WARN] [indestructible/]: efn:biped/yamato/biped_hitback_1 can't be recognized
[27Aug2026 11:17:35.506] [main/WARN] [indestructible/]: epicfightx:biped/skill/dancing_edge can't be recognized
[27Aug2026 11:17:35.506] [main/WARN] [indestructible/]: efn:biped/yamato/biped_hitback_1 can't be recognized
[27Aug2026 11:17:35.506] [main/WARN] [indestructible/]: efn:biped/yamato/biped_hitback_1 can't be recognized
[27Aug2026 11:17:35.507] [main/WARN] [indestructible/]: efn:biped/yamato/biped_hitback_1 can't be recognized
[27Aug2026 11:17:35.507] [main/WARN] [indestructible/]: efn:biped/yamato/biped_hitback_1 can't be recognized
[27Aug2026 11:17:35.507] [main/WARN] [indestructible/]: efn:biped/yamato/biped_hitback_1 can't be recognized
[27Aug2026 11:17:35.507] [main/WARN] [indestructible/]: efn:biped/yamato/biped_hitback_1 can't be recognized
[27Aug2026 11:17:35.507] [main/WARN] [indestructible/]: efn:biped/yamato/biped_hitback_1 can't be recognized
[27Aug2026 11:17:35.507] [main/WARN] [indestructible/]: efn:biped/yamato/biped_hitback_air can't be recognized
[27Aug2026 11:17:35.507] [main/WARN] [indestructible/]: efn:biped/nf_claw/nf_claw_auto3 can't be recognized
[27Aug2026 11:17:35.507] [main/WARN] [indestructible/]: efn:biped/yamato/biped_hitback_1 can't be recognized
[27Aug2026 11:17:35.508] [main/WARN] [indestructible/]: efn:biped/yamato/biped_hitback_1 can't be recognized
[27Aug2026 11:17:35.508] [main/WARN] [indestructible/]: efn:biped/yamato/biped_hitback_1 can't be recognized
[27Aug2026 11:17:35.508] [main/WARN] [indestructible/]: efn:biped/yamato/biped_hitback_1 can't be recognized
[27Aug2026 11:17:35.508] [main/WARN] [indestructible/]: efn:biped/yamato/biped_hitback_1 can't be recognized
[27Aug2026 11:17:35.508] [main/WARN] [indestructible/]: efn:biped/yamato/biped_hitback_1 can't be recognized
[27Aug2026 11:17:35.508] [main/WARN] [indestructible/]: efn:biped/yamato/biped_hitback_1 can't be recognized
[27Aug2026 11:17:35.508] [main/WARN] [indestructible/]: efn:biped/yamato/biped_hitback_1 can't be recognized
[27Aug2026 11:17:35.508] [main/WARN] [indestructible/]: efn:biped/nf_sword/nf_sword_skill can't be recognized
[27Aug2026 11:17:35.508] [main/WARN] [indestructible/]: efn:biped/yamato/biped_hitback_1 can't be recognized
[27Aug2026 11:17:35.508] [main/WARN] [indestructible/]: efn:biped/yamato/biped_hitback_1 can't be recognized
[27Aug2026 11:17:35.508] [main/WARN] [indestructible/]: efn:biped/yamato/biped_hitback_1 can't be recognized
[27Aug2026 11:17:35.509] [main/WARN] [indestructible/]: efn:biped/yamato/biped_hitback_1 can't be recognized
[27Aug2026 11:17:35.509] [main/WARN] [indestructible/]: efn:biped/yamato/biped_hitback_1 can't be recognized
[27Aug2026 11:17:35.509] [main/WARN] [indestructible/]: efn:biped/yamato/biped_hitback_1 can't be recognized
[27Aug2026 11:17:35.509] [main/WARN] [indestructible/]: efn:biped/yamato/biped_hitback_1 can't be recognized
[27Aug2026 11:17:35.509] [main/WARN] [indestructible/]: efn:biped/yamato/biped_hitback_1 can't be recognized
[27Aug2026 11:17:35.509] [main/WARN] [indestructible/]: efn:biped/yamato/biped_hitback_1 can't be recognized
[27Aug2026 11:17:35.509] [main/WARN] [indestructible/]: efn:biped/yamato/biped_hitback_1 can't be recognized
[27Aug2026 11:17:35.509] [main/WARN] [indestructible/]: efn:biped/yamato/biped_hitback_1 can't be recognized
[27Aug2026 11:17:35.509] [main/WARN] [indestructible/]: efn:biped/yamato/biped_hitback_1 can't be recognized
[27Aug2026 11:17:35.509] [main/WARN] [indestructible/]: efn:biped/yamato/biped_hitback_1 can't be recognized
[27Aug2026 11:17:35.509] [main/WARN] [indestructible/]: efn:biped/yamato/biped_hitback_1 can't be recognized
[27Aug2026 11:17:35.509] [main/WARN] [indestructible/]: efn:biped/yamato/biped_hitback_1 can't be recognized
[27Aug2026 11:17:35.521] [main/WARN] [indestructible/]: efn:biped/yamato/biped_hitback_1 can't be recognized
[27Aug2026 11:17:35.521] [main/WARN] [indestructible/]: epicfightx:biped/skill/revelation_normal can't be recognized
[27Aug2026 11:17:35.521] [main/WARN] [indestructible/]: efn:biped/yamato/biped_hitback_1 can't be recognized
[27Aug2026 11:17:35.521] [main/WARN] [indestructible/]: efn:biped/yamato/biped_hitback_1 can't be recognized
[27Aug2026 11:17:35.521] [main/WARN] [indestructible/]: efn:biped/yamato/biped_hitback_1 can't be recognized
[27Aug2026 11:17:35.521] [main/WARN] [indestructible/]: efn:biped/yamato/biped_hitback_1 can't be recognized
[27Aug2026 11:17:35.522] [main/WARN] [indestructible/]: efn:biped/yamato/biped_hitback_1 can't be recognized
[27Aug2026 11:17:35.522] [main/WARN] [indestructible/]: efn:biped/yamato/biped_hitback_1 can't be recognized
[27Aug2026 11:17:35.522] [main/WARN] [indestructible/]: efn:biped/yamato/biped_hitback_1 can't be recognized
[27Aug2026 11:17:35.522] [main/WARN] [indestructible/]: efn:biped/yamato/biped_hitback_1 can't be recognized
[27Aug2026 11:17:35.522] [main/WARN] [indestructible/]: efn:biped/ng_greatsword/ng_great_skill_clash can't be recognized
[27Aug2026 11:17:35.522] [main/WARN] [indestructible/]: efn:biped/yamato/biped_hitback_1 can't be recognized
[27Aug2026 11:17:35.522] [main/WARN] [indestructible/]: efn:biped/yamato/biped_hitback_1 can't be recognized
[27Aug2026 11:17:35.522] [main/WARN] [indestructible/]: efn:biped/yamato/biped_hitback_1 can't be recognized
[27Aug2026 11:17:35.522] [main/WARN] [indestructible/]: efn:biped/yamato/biped_hitback_1 can't be recognized
[27Aug2026 11:17:35.522] [main/WARN] [indestructible/]: efn:biped/yamato/biped_hitback_1 can't be recognized
[27Aug2026 11:17:35.522] [main/WARN] [indestructible/]: efn:biped/yamato/biped_hitback_1 can't be recognized
[27Aug2026 11:17:35.522] [main/WARN] [indestructible/]: efn:biped/yamato/biped_hitback_1 can't be recognized
[27Aug2026 11:17:35.523] [main/WARN] [indestructible/]: efn:biped/yamato/biped_hitback_1 can't be recognized
[27Aug2026 11:17:35.523] [main/WARN] [indestructible/]: efn:biped/nf_meen/nf_meen_auto4 can't be recognized
[27Aug2026 11:17:35.523] [main/WARN] [indestructible/]: efn:biped/yamato/biped_hitback_1 can't be recognized
[27Aug2026 11:17:35.523] [main/WARN] [indestructible/]: efn:biped/yamato/biped_hitback_1 can't be recognized
[27Aug2026 11:17:35.523] [main/WARN] [indestructible/]: efn:biped/yamato/biped_hitback_1 can't be recognized
[27Aug2026 11:17:35.523] [main/WARN] [indestructible/]: efn:biped/yamato/biped_hitback_1 can't be recognized
[27Aug2026 11:17:35.523] [main/WARN] [indestructible/]: efn:biped/yamato/biped_hitback_1 can't be recognized
[27Aug2026 11:17:35.523] [main/WARN] [indestructible/]: efn:biped/yamato/biped_hitback_1 can't be recognized
[27Aug2026 11:17:35.523] [main/WARN] [indestructible/]: efn:biped/yamato/biped_hitback_1 can't be recognized
[27Aug2026 11:17:35.523] [main/WARN] [indestructible/]: efn:biped/yamato/biped_hitback_1 can't be recognized
[27Aug2026 11:17:35.523] [main/WARN] [indestructible/]: efn:biped/nf_tachi/nf_tachi_bloodlust_end can't be recognized
[27Aug2026 11:17:35.523] [main/WARN] [indestructible/]: efn:biped/yamato/biped_hitback_1 can't be recognized
[27Aug2026 11:17:35.523] [main/WARN] [indestructible/]: efn:biped/yamato/biped_hitback_1 can't be recognized
[27Aug2026 11:17:35.523] [main/WARN] [indestructible/]: efn:biped/yamato/biped_hitback_1 can't be recognized
[27Aug2026 11:17:35.523] [main/WARN] [indestructible/]: efn:biped/yamato/biped_hitback_1 can't be recognized
[27Aug2026 11:17:35.523] [main/WARN] [indestructible/]: efn:biped/yamato/biped_hitback_1 can't be recognized
[27Aug2026 11:17:35.524] [main/WARN] [indestructible/]: efn:biped/yamato/biped_hitback_1 can't be recognized
[27Aug2026 11:17:35.524] [main/WARN] [indestructible/]: efn:biped/yamato/biped_hitback_1 can't be recognized
[27Aug2026 11:17:35.524] [main/WARN] [indestructible/]: epicfightx:biped/combat/uchigatana_sheath_dash can't be recognized
[27Aug2026 11:17:35.524] [main/WARN] [indestructible/]: efn:biped/yamato/biped_hitback_1 can't be recognized
[27Aug2026 11:17:35.524] [main/WARN] [indestructible/]: efn:biped/yamato/biped_hitback_1 can't be recognized
[27Aug2026 11:17:35.524] [main/WARN] [indestructible/]: efn:biped/yamato/biped_hitback_1 can't be recognized
[27Aug2026 11:17:35.524] [main/WARN] [indestructible/]: efn:biped/yamato/biped_hitback_1 can't be recognized
[27Aug2026 11:17:35.524] [main/WARN] [indestructible/]: efn:biped/yamato/biped_hitback_1 can't be recognized
[27Aug2026 11:17:35.524] [main/WARN] [indestructible/]: efn:biped/yamato/biped_hitback_1 can't be recognized
[27Aug2026 11:17:35.524] [main/WARN] [indestructible/]: efn:biped/yamato/biped_hitback_1 can't be recognized
[27Aug2026 11:17:35.524] [main/WARN] [indestructible/]: efn:biped/yamato/biped_hitback_1 can't be recognized
[27Aug2026 11:17:35.524] [main/WARN] [indestructible/]: epicfightx:biped/combat/dagger_airslash can't be recognized
[27Aug2026 11:17:35.524] [main/WARN] [indestructible/]: efn:biped/yamato/biped_hitback_1 can't be recognized
[27Aug2026 11:17:35.525] [main/WARN] [indestructible/]: efn:biped/yamato/biped_hitback_1 can't be recognized
[27Aug2026 11:17:35.525] [main/WARN] [indestructible/]: efn:biped/yamato/biped_hitback_1 can't be recognized
[27Aug2026 11:17:35.525] [main/WARN] [indestructible/]: efn:biped/yamato/biped_hitback_1 can't be recognized
[27Aug2026 11:17:35.525] [main/WARN] [indestructible/]: efn:biped/yamato/biped_hitback_1 can't be recognized
[27Aug2026 11:17:35.525] [main/WARN] [indestructible/]: efn:biped/yamato/biped_hitback_1 can't be recognized
[27Aug2026 11:17:35.525] [main/WARN] [indestructible/]: efn:biped/yamato/biped_hitback_1 can't be recognized
[27Aug2026 11:17:35.525] [main/WARN] [indestructible/]: epicfightx:biped/combat/dagger_dual_dash can't be recognized
[27Aug2026 11:17:35.525] [main/WARN] [indestructible/]: efn:biped/yamato/biped_hitback_1 can't be recognized
[27Aug2026 11:17:35.525] [main/WARN] [indestructible/]: efn:biped/yamato/biped_hitback_1 can't be recognized
[27Aug2026 11:17:35.525] [main/WARN] [indestructible/]: efn:biped/yamato/biped_hitback_1 can't be recognized
[27Aug2026 11:17:35.525] [main/WARN] [indestructible/]: efn:biped/yamato/biped_hitback_1 can't be recognized
[27Aug2026 11:17:35.525] [main/WARN] [indestructible/]: efn:biped/yamato/biped_hitback_1 can't be recognized
[27Aug2026 11:17:35.526] [main/WARN] [indestructible/]: efn:biped/yamato/biped_hitback_1 can't be recognized
[27Aug2026 11:17:35.526] [main/WARN] [indestructible/]: efn:biped/yamato/biped_hitback_1 can't be recognized
[27Aug2026 11:17:35.526] [main/WARN] [indestructible/]: epicfightx:biped/skill/dancing_edge can't be recognized
[27Aug2026 11:17:35.526] [main/WARN] [indestructible/]: efn:biped/yamato/biped_hitback_1 can't be recognized
[27Aug2026 11:17:35.526] [main/WARN] [indestructible/]: efn:biped/yamato/biped_hitback_1 can't be recognized
[27Aug2026 11:17:35.526] [main/WARN] [indestructible/]: efn:biped/yamato/biped_hitback_1 can't be recognized
[27Aug2026 11:17:35.526] [main/WARN] [indestructible/]: efn:biped/yamato/biped_hitback_1 can't be recognized
[27Aug2026 11:17:35.526] [main/WARN] [indestructible/]: efn:biped/yamato/biped_hitback_1 can't be recognized
[27Aug2026 11:17:35.526] [main/WARN] [indestructible/]: efn:biped/yamato/biped_hitback_1 can't be recognized
[27Aug2026 11:17:35.526] [main/WARN] [indestructible/]: efn:biped/yamato/biped_hitback_1 can't be recognized
[27Aug2026 11:17:35.527] [main/WARN] [indestructible/]: efn:biped/yamato/biped_hitback_air can't be recognized
[27Aug2026 11:17:35.527] [main/WARN] [indestructible/]: efn:biped/nf_claw/nf_claw_auto3 can't be recognized
[27Aug2026 11:17:35.527] [main/WARN] [indestructible/]: efn:biped/yamato/biped_hitback_1 can't be recognized
[27Aug2026 11:17:35.527] [main/WARN] [indestructible/]: efn:biped/yamato/biped_hitback_1 can't be recognized
[27Aug2026 11:17:35.527] [main/WARN] [indestructible/]: efn:biped/yamato/biped_hitback_1 can't be recognized
[27Aug2026 11:17:35.527] [main/WARN] [indestructible/]: efn:biped/yamato/biped_hitback_1 can't be recognized
[27Aug2026 11:17:35.527] [main/WARN] [indestructible/]: efn:biped/yamato/biped_hitback_1 can't be recognized
[27Aug2026 11:17:35.527] [main/WARN] [indestructible/]: efn:biped/yamato/biped_hitback_1 can't be recognized
[27Aug2026 11:17:35.527] [main/WARN] [indestructible/]: efn:biped/yamato/biped_hitback_1 can't be recognized
[27Aug2026 11:17:35.527] [main/WARN] [indestructible/]: efn:biped/yamato/biped_hitback_1 can't be recognized
[27Aug2026 11:17:35.528] [main/WARN] [indestructible/]: efn:biped/nf_sword/nf_sword_skill can't be recognized
[27Aug2026 11:17:35.528] [main/WARN] [indestructible/]: efn:biped/yamato/biped_hitback_1 can't be recognized
[27Aug2026 11:17:35.528] [main/WARN] [indestructible/]: efn:biped/yamato/biped_hitback_1 can't be recognized
[27Aug2026 11:17:35.528] [main/WARN] [indestructible/]: efn:biped/yamato/biped_hitback_1 can't be recognized
[27Aug2026 11:17:35.528] [main/WARN] [indestructible/]: efn:biped/yamato/biped_hitback_1 can't be recognized
[27Aug2026 11:17:35.528] [main/WARN] [indestructible/]: efn:biped/yamato/biped_hitback_1 can't be recognized
[27Aug2026 11:17:35.528] [main/WARN] [indestructible/]: efn:biped/yamato/biped_hitback_1 can't be recognized
[27Aug2026 11:17:35.528] [main/WARN] [indestructible/]: efn:biped/yamato/biped_hitback_1 can't be recognized
[27Aug2026 11:17:35.528] [main/WARN] [indestructible/]: efn:biped/yamato/biped_hitback_1 can't be recognized
[27Aug2026 11:17:35.528] [main/WARN] [indestructible/]: efn:biped/yamato/biped_hitback_1 can't be recognized
[27Aug2026 11:17:35.528] [main/WARN] [indestructible/]: efn:biped/yamato/biped_hitback_1 can't be recognized
[27Aug2026 11:17:35.528] [main/WARN] [indestructible/]: efn:biped/yamato/biped_hitback_1 can't be recognized
[27Aug2026 11:17:35.529] [main/WARN] [indestructible/]: efn:biped/yamato/biped_hitback_1 can't be recognized
[27Aug2026 11:17:35.529] [main/WARN] [indestructible/]: efn:biped/yamato/biped_hitback_1 can't be recognized
[27Aug2026 11:17:35.529] [main/WARN] [indestructible/]: efn:biped/yamato/biped_hitback_1 can't be recognized
[27Aug2026 11:17:35.529] [main/WARN] [indestructible/]: efn:biped/yamato/biped_hitback_1 can't be recognized
[27Aug2026 11:17:35.543] [main/WARN] [indestructible/]: efn:biped/yamato/biped_hitback_1 can't be recognized
[27Aug2026 11:17:35.543] [main/WARN] [indestructible/]: epicfightx:biped/skill/revelation_normal can't be recognized
[27Aug2026 11:17:35.543] [main/WARN] [indestructible/]: efn:biped/yamato/biped_hitback_1 can't be recognized
[27Aug2026 11:17:35.543] [main/WARN] [indestructible/]: efn:biped/yamato/biped_hitback_1 can't be recognized
[27Aug2026 11:17:35.543] [main/WARN] [indestructible/]: efn:biped/yamato/biped_hitback_1 can't be recognized
[27Aug2026 11:17:35.543] [main/WARN] [indestructible/]: efn:biped/yamato/biped_hitback_1 can't be recognized
[27Aug2026 11:17:35.543] [main/WARN] [indestructible/]: efn:biped/yamato/biped_hitback_1 can't be recognized
[27Aug2026 11:17:35.543] [main/WARN] [indestructible/]: efn:biped/yamato/biped_hitback_1 can't be recognized
[27Aug2026 11:17:35.543] [main/WARN] [indestructible/]: efn:biped/yamato/biped_hitback_1 can't be recognized
[27Aug2026 11:17:35.543] [main/WARN] [indestructible/]: efn:biped/yamato/biped_hitback_1 can't be recognized
[27Aug2026 11:17:35.544] [main/WARN] [indestructible/]: efn:biped/ng_greatsword/ng_great_skill_clash can't be recognized
[27Aug2026 11:17:35.544] [main/WARN] [indestructible/]: efn:biped/yamato/biped_hitback_1 can't be recognized
[27Aug2026 11:17:35.544] [main/WARN] [indestructible/]: efn:biped/yamato/biped_hitback_1 can't be recognized
[27Aug2026 11:17:35.544] [main/WARN] [indestructible/]: efn:biped/yamato/biped_hitback_1 can't be recognized
[27Aug2026 11:17:35.544] [main/WARN] [indestructible/]: efn:biped/yamato/biped_hitback_1 can't be recognized
[27Aug2026 11:17:35.544] [main/WARN] [indestructible/]: efn:biped/yamato/biped_hitback_1 can't be recognized
[27Aug2026 11:17:35.544] [main/WARN] [indestructible/]: efn:biped/yamato/biped_hitback_1 can't be recognized
[27Aug2026 11:17:35.544] [main/WARN] [indestructible/]: efn:biped/yamato/biped_hitback_1 can't be recognized
[27Aug2026 11:17:35.544] [main/WARN] [indestructible/]: efn:biped/yamato/biped_hitback_1 can't be recognized
[27Aug2026 11:17:35.544] [main/WARN] [indestructible/]: efn:biped/nf_meen/nf_meen_auto4 can't be recognized
[27Aug2026 11:17:35.544] [main/WARN] [indestructible/]: efn:biped/yamato/biped_hitback_1 can't be recognized
[27Aug2026 11:17:35.544] [main/WARN] [indestructible/]: efn:biped/yamato/biped_hitback_1 can't be recognized
[27Aug2026 11:17:35.544] [main/WARN] [indestructible/]: efn:biped/yamato/biped_hitback_1 can't be recognized
[27Aug2026 11:17:35.545] [main/WARN] [indestructible/]: efn:biped/yamato/biped_hitback_1 can't be recognized
[27Aug2026 11:17:35.545] [main/WARN] [indestructible/]: efn:biped/yamato/biped_hitback_1 can't be recognized
[27Aug2026 11:17:35.545] [main/WARN] [indestructible/]: efn:biped/yamato/biped_hitback_1 can't be recognized
[27Aug2026 11:17:35.545] [main/WARN] [indestructible/]: efn:biped/yamato/biped_hitback_1 can't be recognized
[27Aug2026 11:17:35.545] [main/WARN] [indestructible/]: efn:biped/yamato/biped_hitback_1 can't be recognized
[27Aug2026 11:17:35.545] [main/WARN] [indestructible/]: efn:biped/nf_tachi/nf_tachi_bloodlust_end can't be recognized
[27Aug2026 11:17:35.545] [main/WARN] [indestructible/]: efn:biped/yamato/biped_hitback_1 can't be recognized
[27Aug2026 11:17:35.545] [main/WARN] [indestructible/]: efn:biped/yamato/biped_hitback_1 can't be recognized
[27Aug2026 11:17:35.545] [main/WARN] [indestructible/]: efn:biped/yamato/biped_hitback_1 can't be recognized
[27Aug2026 11:17:35.545] [main/WARN] [indestructible/]: efn:biped/yamato/biped_hitback_1 can't be recognized
[27Aug2026 11:17:35.545] [main/WARN] [indestructible/]: efn:biped/yamato/biped_hitback_1 can't be recognized
[27Aug2026 11:17:35.545] [main/WARN] [indestructible/]: efn:biped/yamato/biped_hitback_1 can't be recognized
[27Aug2026 11:17:35.545] [main/WARN] [indestructible/]: efn:biped/yamato/biped_hitback_1 can't be recognized
[27Aug2026 11:17:35.546] [main/WARN] [indestructible/]: epicfightx:biped/combat/uchigatana_sheath_dash can't be recognized
[27Aug2026 11:17:35.546] [main/WARN] [indestructible/]: efn:biped/yamato/biped_hitback_1 can't be recognized
[27Aug2026 11:17:35.546] [main/WARN] [indestructible/]: efn:biped/yamato/biped_hitback_1 can't be recognized
[27Aug2026 11:17:35.546] [main/WARN] [indestructible/]: efn:biped/yamato/biped_hitback_1 can't be recognized
[27Aug2026 11:17:35.546] [main/WARN] [indestructible/]: efn:biped/yamato/biped_hitback_1 can't be recognized
[27Aug2026 11:17:35.546] [main/WARN] [indestructible/]: efn:biped/yamato/biped_hitback_1 can't be recognized
[27Aug2026 11:17:35.546] [main/WARN] [indestructible/]: efn:biped/yamato/biped_hitback_1 can't be recognized
[27Aug2026 11:17:35.546] [main/WARN] [indestructible/]: efn:biped/yamato/biped_hitback_1 can't be recognized
[27Aug2026 11:17:35.546] [main/WARN] [indestructible/]: efn:biped/yamato/biped_hitback_1 can't be recognized
[27Aug2026 11:17:35.546] [main/WARN] [indestructible/]: epicfightx:biped/combat/dagger_airslash can't be recognized
[27Aug2026 11:17:35.546] [main/WARN] [indestructible/]: efn:biped/yamato/biped_hitback_1 can't be recognized
[27Aug2026 11:17:35.546] [main/WARN] [indestructible/]: efn:biped/yamato/biped_hitback_1 can't be recognized
[27Aug2026 11:17:35.547] [main/WARN] [indestructible/]: efn:biped/yamato/biped_hitback_1 can't be recognized
[27Aug2026 11:17:35.547] [main/WARN] [indestructible/]: efn:biped/yamato/biped_hitback_1 can't be recognized
[27Aug2026 11:17:35.547] [main/WARN] [indestructible/]: efn:biped/yamato/biped_hitback_1 can't be recognized
[27Aug2026 11:17:35.547] [main/WARN] [indestructible/]: efn:biped/yamato/biped_hitback_1 can't be recognized
[27Aug2026 11:17:35.547] [main/WARN] [indestructible/]: efn:biped/yamato/biped_hitback_1 can't be recognized
[27Aug2026 11:17:35.547] [main/WARN] [indestructible/]: epicfightx:biped/combat/dagger_dual_dash can't be recognized
[27Aug2026 11:17:35.547] [main/WARN] [indestructible/]: efn:biped/yamato/biped_hitback_1 can't be recognized
[27Aug2026 11:17:35.547] [main/WARN] [indestructible/]: efn:biped/yamato/biped_hitback_1 can't be recognized
[27Aug2026 11:17:35.547] [main/WARN] [indestructible/]: efn:biped/yamato/biped_hitback_1 can't be recognized
[27Aug2026 11:17:35.547] [main/WARN] [indestructible/]: efn:biped/yamato/biped_hitback_1 can't be recognized
[27Aug2026 11:17:35.547] [main/WARN] [indestructible/]: efn:biped/yamato/biped_hitback_1 can't be recognized
[27Aug2026 11:17:35.547] [main/WARN] [indestructible/]: efn:biped/yamato/biped_hitback_1 can't be recognized
[27Aug2026 11:17:35.547] [main/WARN] [indestructible/]: efn:biped/yamato/biped_hitback_1 can't be recognized
[27Aug2026 11:17:35.548] [main/WARN] [indestructible/]: epicfightx:biped/skill/dancing_edge can't be recognized
[27Aug2026 11:17:35.548] [main/WARN] [indestructible/]: efn:biped/yamato/biped_hitback_1 can't be recognized
[27Aug2026 11:17:35.548] [main/WARN] [indestructible/]: efn:biped/yamato/biped_hitback_1 can't be recognized
[27Aug2026 11:17:35.548] [main/WARN] [indestructible/]: efn:biped/yamato/biped_hitback_1 can't be recognized
[27Aug2026 11:17:35.548] [main/WARN] [indestructible/]: efn:biped/yamato/biped_hitback_1 can't be recognized
[27Aug2026 11:17:35.548] [main/WARN] [indestructible/]: efn:biped/yamato/biped_hitback_1 can't be recognized
[27Aug2026 11:17:35.548] [main/WARN] [indestructible/]: efn:biped/yamato/biped_hitback_1 can't be recognized
[27Aug2026 11:17:35.548] [main/WARN] [indestructible/]: efn:biped/yamato/biped_hitback_1 can't be recognized
[27Aug2026 11:17:35.548] [main/WARN] [indestructible/]: efn:biped/yamato/biped_hitback_air can't be recognized
[27Aug2026 11:17:35.548] [main/WARN] [indestructible/]: efn:biped/nf_claw/nf_claw_auto3 can't be recognized
[27Aug2026 11:17:35.548] [main/WARN] [indestructible/]: efn:biped/yamato/biped_hitback_1 can't be recognized
[27Aug2026 11:17:35.548] [main/WARN] [indestructible/]: efn:biped/yamato/biped_hitback_1 can't be recognized
[27Aug2026 11:17:35.549] [main/WARN] [indestructible/]: efn:biped/yamato/biped_hitback_1 can't be recognized
[27Aug2026 11:17:35.549] [main/WARN] [indestructible/]: efn:biped/yamato/biped_hitback_1 can't be recognized
[27Aug2026 11:17:35.549] [main/WARN] [indestructible/]: efn:biped/yamato/biped_hitback_1 can't be recognized
[27Aug2026 11:17:35.549] [main/WARN] [indestructible/]: efn:biped/yamato/biped_hitback_1 can't be recognized
[27Aug2026 11:17:35.549] [main/WARN] [indestructible/]: efn:biped/yamato/biped_hitback_1 can't be recognized
[27Aug2026 11:17:35.549] [main/WARN] [indestructible/]: efn:biped/yamato/biped_hitback_1 can't be recognized
[27Aug2026 11:17:35.549] [main/WARN] [indestructible/]: efn:biped/nf_sword/nf_sword_skill can't be recognized
[27Aug2026 11:17:35.549] [main/WARN] [indestructible/]: efn:biped/yamato/biped_hitback_1 can't be recognized
[27Aug2026 11:17:35.549] [main/WARN] [indestructible/]: efn:biped/yamato/biped_hitback_1 can't be recognized
[27Aug2026 11:17:35.549] [main/WARN] [indestructible/]: efn:biped/yamato/biped_hitback_1 can't be recognized
[27Aug2026 11:17:35.549] [main/WARN] [indestructible/]: efn:biped/yamato/biped_hitback_1 can't be recognized
[27Aug2026 11:17:35.549] [main/WARN] [indestructible/]: efn:biped/yamato/biped_hitback_1 can't be recognized
[27Aug2026 11:17:35.549] [main/WARN] [indestructible/]: efn:biped/yamato/biped_hitback_1 can't be recognized
[27Aug2026 11:17:35.549] [main/WARN] [indestructible/]: efn:biped/yamato/biped_hitback_1 can't be recognized
[27Aug2026 11:17:35.549] [main/WARN] [indestructible/]: efn:biped/yamato/biped_hitback_1 can't be recognized
[27Aug2026 11:17:35.550] [main/WARN] [indestructible/]: efn:biped/yamato/biped_hitback_1 can't be recognized
[27Aug2026 11:17:35.550] [main/WARN] [indestructible/]: efn:biped/yamato/biped_hitback_1 can't be recognized
[27Aug2026 11:17:35.550] [main/WARN] [indestructible/]: efn:biped/yamato/biped_hitback_1 can't be recognized
[27Aug2026 11:17:35.550] [main/WARN] [indestructible/]: efn:biped/yamato/biped_hitback_1 can't be recognized
[27Aug2026 11:17:35.550] [main/WARN] [indestructible/]: efn:biped/yamato/biped_hitback_1 can't be recognized
[27Aug2026 11:17:35.550] [main/WARN] [indestructible/]: efn:biped/yamato/biped_hitback_1 can't be recognized
[27Aug2026 11:17:35.550] [main/WARN] [indestructible/]: efn:biped/yamato/biped_hitback_1 can't be recognized
[27Aug2026 11:17:35.558] [main/WARN] [indestructible/]: epicfight:biped/skill/guard_sword_hit_active2 can't be recognized
[27Aug2026 11:17:35.559] [main/WARN] [indestructible/]: epicfight:biped/skill/guard_sword_hit_active1 can't be recognized
[27Aug2026 11:17:35.559] [main/WARN] [indestructible/]: epicfight:biped/skill/guard_sword_hit_active2 can't be recognized
[27Aug2026 11:17:35.559] [main/WARN] [indestructible/]: epicfightx:biped/skill/guard_longsword can't be recognized
[27Aug2026 11:17:35.560] [main/WARN] [indestructible/]: epicfightx:biped/skill/guard_longsword can't be recognized
[27Aug2026 11:17:35.560] [main/WARN] [indestructible/]: epicfightx:biped/skill/guard_longsword can't be recognized
[27Aug2026 11:17:35.560] [main/WARN] [indestructible/]: epicfightx:biped/skill/guard_longsword_hit_active2 can't be recognized
[27Aug2026 11:17:35.560] [main/WARN] [indestructible/]: epicfightx:biped/skill/guard_longsword_hit_active1 can't be recognized
[27Aug2026 11:17:35.560] [main/WARN] [indestructible/]: epicfightx:biped/skill/guard_longsword can't be recognized
[27Aug2026 11:17:35.560] [main/WARN] [indestructible/]: epicfightx:biped/skill/guard_longsword can't be recognized
[27Aug2026 11:17:35.560] [main/WARN] [indestructible/]: epicfightx:biped/skill/guard_longsword can't be recognized
[27Aug2026 11:17:35.566] [main/WARN] [indestructible/]: epicfight:biped/skill/guard_longsword can't be recognized
[27Aug2026 11:17:35.566] [main/WARN] [indestructible/]: epicfight:biped/skill/guard_longsword_hit_active1 can't be recognized
[27Aug2026 11:17:35.566] [main/WARN] [indestructible/]: epicfight:biped/skill/guard_longsword_hit_active2 can't be recognized
[27Aug2026 11:17:35.567] [main/WARN] [indestructible/]: epicfight:biped/skill/guard_longsword_hit_active1 can't be recognized
[27Aug2026 11:17:35.569] [main/WARN] [indestructible/]: efn:biped/yamato/biped_hitback_1 can't be recognized
[27Aug2026 11:17:35.573] [main/WARN] [indestructible/]: wom:biped/combat/enderblaster_onehand_dash can't be recognized
[27Aug2026 11:17:35.573] [main/WARN] [indestructible/]: efn:biped/nf_shortsword/nf_shortsword_auto5 can't be recognized
[27Aug2026 11:17:35.573] [main/WARN] [indestructible/]: efn:biped/hf_murasama/combat/hf_murasama_counter can't be recognized
[27Aug2026 11:17:35.575] [main/WARN] [indestructible/]: epicfightx:biped/skill/revelation_twohand can't be recognized
[27Aug2026 11:17:35.575] [main/WARN] [indestructible/]: p1nero_bow:biped/elbow_2 can't be recognized
[27Aug2026 11:17:35.575] [main/WARN] [indestructible/]: efn:biped/hf_murasama/combat/hf_murasama_counter can't be recognized
[27Aug2026 11:17:35.575] [main/WARN] [indestructible/]: efn:biped/hf_murasama/skill/hf_murasama_dash_y_sp can't be recognized
[27Aug2026 11:17:35.582] [main/WARN] [indestructible/]: epicfight:biped/skill/guard_sword_hit_active1 can't be recognized
[27Aug2026 11:17:35.582] [main/WARN] [indestructible/]: epicfight:biped/skill/guard_sword_hit_active2 can't be recognized
[27Aug2026 11:17:35.582] [main/WARN] [indestructible/]: epicfight:biped/skill/guard_sword_hit_active1 can't be recognized
[27Aug2026 11:17:35.593] [main/WARN] [indestructible/]: efn:biped/yamato/biped_hitback_1 can't be recognized
[27Aug2026 11:17:35.593] [main/WARN] [indestructible/]: epicfightx:biped/skill/revelation_normal can't be recognized
[27Aug2026 11:17:35.593] [main/WARN] [indestructible/]: efn:biped/yamato/biped_hitback_1 can't be recognized
[27Aug2026 11:17:35.594] [main/WARN] [indestructible/]: efn:biped/yamato/biped_hitback_1 can't be recognized
[27Aug2026 11:17:35.594] [main/WARN] [indestructible/]: efn:biped/yamato/biped_hitback_1 can't be recognized
[27Aug2026 11:17:35.594] [main/WARN] [indestructible/]: efn:biped/yamato/biped_hitback_1 can't be recognized
[27Aug2026 11:17:35.594] [main/WARN] [indestructible/]: efn:biped/yamato/biped_hitback_1 can't be recognized
[27Aug2026 11:17:35.594] [main/WARN] [indestructible/]: efn:biped/yamato/biped_hitback_1 can't be recognized
[27Aug2026 11:17:35.594] [main/WARN] [indestructible/]: efn:biped/yamato/biped_hitback_1 can't be recognized
[27Aug2026 11:17:35.594] [main/WARN] [indestructible/]: efn:biped/yamato/biped_hitback_1 can't be recognized
[27Aug2026 11:17:35.594] [main/WARN] [indestructible/]: efn:biped/ng_greatsword/ng_great_skill_clash can't be recognized
[27Aug2026 11:17:35.594] [main/WARN] [indestructible/]: efn:biped/yamato/biped_hitback_1 can't be recognized
[27Aug2026 11:17:35.594] [main/WARN] [indestructible/]: efn:biped/yamato/biped_hitback_1 can't be recognized
[27Aug2026 11:17:35.595] [main/WARN] [indestructible/]: efn:biped/yamato/biped_hitback_1 can't be recognized
[27Aug2026 11:17:35.595] [main/WARN] [indestructible/]: efn:biped/yamato/biped_hitback_1 can't be recognized
[27Aug2026 11:17:35.595] [main/WARN] [indestructible/]: efn:biped/yamato/biped_hitback_1 can't be recognized
[27Aug2026 11:17:35.595] [main/WARN] [indestructible/]: efn:biped/yamato/biped_hitback_1 can't be recognized
[27Aug2026 11:17:35.595] [main/WARN] [indestructible/]: efn:biped/yamato/biped_hitback_1 can't be recognized
[27Aug2026 11:17:35.595] [main/WARN] [indestructible/]: efn:biped/yamato/biped_hitback_1 can't be recognized
[27Aug2026 11:17:35.595] [main/WARN] [indestructible/]: efn:biped/nf_meen/nf_meen_auto4 can't be recognized
[27Aug2026 11:17:35.595] [main/WARN] [indestructible/]: efn:biped/yamato/biped_hitback_1 can't be recognized
[27Aug2026 11:17:35.595] [main/WARN] [indestructible/]: efn:biped/yamato/biped_hitback_1 can't be recognized
[27Aug2026 11:17:35.595] [main/WARN] [indestructible/]: efn:biped/yamato/biped_hitback_1 can't be recognized
[27Aug2026 11:17:35.595] [main/WARN] [indestructible/]: efn:biped/yamato/biped_hitback_1 can't be recognized
[27Aug2026 11:17:35.595] [main/WARN] [indestructible/]: efn:biped/yamato/biped_hitback_1 can't be recognized
[27Aug2026 11:17:35.596] [main/WARN] [indestructible/]: efn:biped/yamato/biped_hitback_1 can't be recognized
[27Aug2026 11:17:35.596] [main/WARN] [indestructible/]: efn:biped/yamato/biped_hitback_1 can't be recognized
[27Aug2026 11:17:35.596] [main/WARN] [indestructible/]: efn:biped/yamato/biped_hitback_1 can't be recognized
[27Aug2026 11:17:35.596] [main/WARN] [indestructible/]: efn:biped/nf_tachi/nf_tachi_bloodlust_end can't be recognized
[27Aug2026 11:17:35.596] [main/WARN] [indestructible/]: efn:biped/yamato/biped_hitback_1 can't be recognized
[27Aug2026 11:17:35.596] [main/WARN] [indestructible/]: efn:biped/yamato/biped_hitback_1 can't be recognized
[27Aug2026 11:17:35.596] [main/WARN] [indestructible/]: efn:biped/yamato/biped_hitback_1 can't be recognized
[27Aug2026 11:17:35.596] [main/WARN] [indestructible/]: efn:biped/yamato/biped_hitback_1 can't be recognized
[27Aug2026 11:17:35.596] [main/WARN] [indestructible/]: efn:biped/yamato/biped_hitback_1 can't be recognized
[27Aug2026 11:17:35.596] [main/WARN] [indestructible/]: efn:biped/yamato/biped_hitback_1 can't be recognized
[27Aug2026 11:17:35.596] [main/WARN] [indestructible/]: efn:biped/yamato/biped_hitback_1 can't be recognized
[27Aug2026 11:17:35.597] [main/WARN] [indestructible/]: epicfightx:biped/combat/uchigatana_sheath_dash can't be recognized
[27Aug2026 11:17:35.597] [main/WARN] [indestructible/]: efn:biped/yamato/biped_hitback_1 can't be recognized
[27Aug2026 11:17:35.597] [main/WARN] [indestructible/]: efn:biped/yamato/biped_hitback_1 can't be recognized
[27Aug2026 11:17:35.597] [main/WARN] [indestructible/]: efn:biped/yamato/biped_hitback_1 can't be recognized
[27Aug2026 11:17:35.597] [main/WARN] [indestructible/]: efn:biped/yamato/biped_hitback_1 can't be recognized
[27Aug2026 11:17:35.597] [main/WARN] [indestructible/]: efn:biped/yamato/biped_hitback_1 can't be recognized
[27Aug2026 11:17:35.597] [main/WARN] [indestructible/]: efn:biped/yamato/biped_hitback_1 can't be recognized
[27Aug2026 11:17:35.597] [main/WARN] [indestructible/]: efn:biped/yamato/biped_hitback_1 can't be recognized
[27Aug2026 11:17:35.597] [main/WARN] [indestructible/]: efn:biped/yamato/biped_hitback_1 can't be recognized
[27Aug2026 11:17:35.597] [main/WARN] [indestructible/]: epicfightx:biped/combat/dagger_airslash can't be recognized
[27Aug2026 11:17:35.598] [main/WARN] [indestructible/]: efn:biped/yamato/biped_hitback_1 can't be recognized
[27Aug2026 11:17:35.598] [main/WARN] [indestructible/]: efn:biped/yamato/biped_hitback_1 can't be recognized
[27Aug2026 11:17:35.598] [main/WARN] [indestructible/]: efn:biped/yamato/biped_hitback_1 can't be recognized
[27Aug2026 11:17:35.598] [main/WARN] [indestructible/]: efn:biped/yamato/biped_hitback_1 can't be recognized
[27Aug2026 11:17:35.598] [main/WARN] [indestructible/]: efn:biped/yamato/biped_hitback_1 can't be recognized
[27Aug2026 11:17:35.598] [main/WARN] [indestructible/]: efn:biped/yamato/biped_hitback_1 can't be recognized
[27Aug2026 11:17:35.598] [main/WARN] [indestructible/]: efn:biped/yamato/biped_hitback_1 can't be recognized
[27Aug2026 11:17:35.598] [main/WARN] [indestructible/]: epicfightx:biped/combat/dagger_dual_dash can't be recognized
[27Aug2026 11:17:35.598] [main/WARN] [indestructible/]: efn:biped/yamato/biped_hitback_1 can't be recognized
[27Aug2026 11:17:35.598] [main/WARN] [indestructible/]: efn:biped/yamato/biped_hitback_1 can't be recognized
[27Aug2026 11:17:35.598] [main/WARN] [indestructible/]: efn:biped/yamato/biped_hitback_1 can't be recognized
[27Aug2026 11:17:35.599] [main/WARN] [indestructible/]: efn:biped/yamato/biped_hitback_1 can't be recognized
[27Aug2026 11:17:35.599] [main/WARN] [indestructible/]: efn:biped/yamato/biped_hitback_1 can't be recognized
[27Aug2026 11:17:35.599] [main/WARN] [indestructible/]: efn:biped/yamato/biped_hitback_1 can't be recognized
[27Aug2026 11:17:35.599] [main/WARN] [indestructible/]: efn:biped/yamato/biped_hitback_1 can't be recognized
[27Aug2026 11:17:35.599] [main/WARN] [indestructible/]: epicfightx:biped/skill/dancing_edge can't be recognized
[27Aug2026 11:17:35.599] [main/WARN] [indestructible/]: efn:biped/yamato/biped_hitback_1 can't be recognized
[27Aug2026 11:17:35.599] [main/WARN] [indestructible/]: efn:biped/yamato/biped_hitback_1 can't be recognized
[27Aug2026 11:17:35.599] [main/WARN] [indestructible/]: efn:biped/yamato/biped_hitback_1 can't be recognized
[27Aug2026 11:17:35.599] [main/WARN] [indestructible/]: efn:biped/yamato/biped_hitback_1 can't be recognized
[27Aug2026 11:17:35.599] [main/WARN] [indestructible/]: efn:biped/yamato/biped_hitback_1 can't be recognized
[27Aug2026 11:17:35.599] [main/WARN] [indestructible/]: efn:biped/yamato/biped_hitback_1 can't be recognized
[27Aug2026 11:17:35.599] [main/WARN] [indestructible/]: efn:biped/yamato/biped_hitback_1 can't be recognized
[27Aug2026 11:17:35.600] [main/WARN] [indestructible/]: efn:biped/yamato/biped_hitback_air can't be recognized
[27Aug2026 11:17:35.600] [main/WARN] [indestructible/]: efn:biped/nf_claw/nf_claw_auto3 can't be recognized
[27Aug2026 11:17:35.600] [main/WARN] [indestructible/]: efn:biped/yamato/biped_hitback_1 can't be recognized
[27Aug2026 11:17:35.600] [main/WARN] [indestructible/]: efn:biped/yamato/biped_hitback_1 can't be recognized
[27Aug2026 11:17:35.600] [main/WARN] [indestructible/]: efn:biped/yamato/biped_hitback_1 can't be recognized
[27Aug2026 11:17:35.600] [main/WARN] [indestructible/]: efn:biped/yamato/biped_hitback_1 can't be recognized
[27Aug2026 11:17:35.600] [main/WARN] [indestructible/]: efn:biped/yamato/biped_hitback_1 can't be recognized
[27Aug2026 11:17:35.600] [main/WARN] [indestructible/]: efn:biped/yamato/biped_hitback_1 can't be recognized
[27Aug2026 11:17:35.600] [main/WARN] [indestructible/]: efn:biped/yamato/biped_hitback_1 can't be recognized
[27Aug2026 11:17:35.600] [main/WARN] [indestructible/]: efn:biped/yamato/biped_hitback_1 can't be recognized
[27Aug2026 11:17:35.601] [main/WARN] [indestructible/]: efn:biped/nf_sword/nf_sword_skill can't be recognized
[27Aug2026 11:17:35.601] [main/WARN] [indestructible/]: efn:biped/yamato/biped_hitback_1 can't be recognized
[27Aug2026 11:17:35.601] [main/WARN] [indestructible/]: efn:biped/yamato/biped_hitback_1 can't be recognized
[27Aug2026 11:17:35.601] [main/WARN] [indestructible/]: efn:biped/yamato/biped_hitback_1 can't be recognized
[27Aug2026 11:17:35.601] [main/WARN] [indestructible/]: efn:biped/yamato/biped_hitback_1 can't be recognized
[27Aug2026 11:17:35.601] [main/WARN] [indestructible/]: efn:biped/yamato/biped_hitback_1 can't be recognized
[27Aug2026 11:17:35.601] [main/WARN] [indestructible/]: efn:biped/yamato/biped_hitback_1 can't be recognized
[27Aug2026 11:17:35.601] [main/WARN] [indestructible/]: efn:biped/yamato/biped_hitback_1 can't be recognized
[27Aug2026 11:17:35.601] [main/WARN] [indestructible/]: efn:biped/yamato/biped_hitback_1 can't be recognized
[27Aug2026 11:17:35.601] [main/WARN] [indestructible/]: efn:biped/yamato/biped_hitback_1 can't be recognized
[27Aug2026 11:17:35.601] [main/WARN] [indestructible/]: efn:biped/yamato/biped_hitback_1 can't be recognized
[27Aug2026 11:17:35.601] [main/WARN] [indestructible/]: efn:biped/yamato/biped_hitback_1 can't be recognized
[27Aug2026 11:17:35.602] [main/WARN] [indestructible/]: efn:biped/yamato/biped_hitback_1 can't be recognized
[27Aug2026 11:17:35.602] [main/WARN] [indestructible/]: efn:biped/yamato/biped_hitback_1 can't be recognized
[27Aug2026 11:17:35.602] [main/WARN] [indestructible/]: efn:biped/yamato/biped_hitback_1 can't be recognized
[27Aug2026 11:17:35.602] [main/WARN] [indestructible/]: efn:biped/yamato/biped_hitback_1 can't be recognized
[27Aug2026 11:17:35.612] [main/WARN] [indestructible/]: epicfight:biped/skill/guard_sword_hit_active2 can't be recognized
[27Aug2026 11:17:35.613] [main/WARN] [indestructible/]: epicfight:biped/skill/guard_sword_hit_active1 can't be recognized
[27Aug2026 11:17:35.613] [main/WARN] [indestructible/]: epicfight:biped/skill/guard_sword_hit_active2 can't be recognized
[27Aug2026 11:17:35.618] [main/WARN] [indestructible/]: epicfight:biped/skill/guard_sword_hit_active2 can't be recognized
[27Aug2026 11:17:35.618] [main/WARN] [indestructible/]: epicfight:biped/skill/guard_sword_hit_active1 can't be recognized
[27Aug2026 11:17:35.622] [main/WARN] [indestructible/]: efn:biped/yamato/biped_hitback_air can't be recognized
[27Aug2026 11:17:35.622] [main/WARN] [indestructible/]: efn:biped/nf_claw/nf_claw_auto3 can't be recognized
[27Aug2026 11:17:35.622] [main/WARN] [indestructible/]: efn:biped/yamato/biped_hitback_1 can't be recognized
[27Aug2026 11:17:35.622] [main/WARN] [indestructible/]: efn:biped/yamato/biped_hitback_1 can't be recognized
[27Aug2026 11:17:35.622] [main/WARN] [indestructible/]: efn:biped/yamato/biped_hitback_1 can't be recognized
[27Aug2026 11:17:35.622] [main/WARN] [indestructible/]: efn:biped/yamato/biped_hitback_1 can't be recognized
[27Aug2026 11:17:35.622] [main/WARN] [indestructible/]: efn:biped/yamato/biped_hitback_1 can't be recognized
[27Aug2026 11:17:35.622] [main/WARN] [indestructible/]: efn:biped/yamato/biped_hitback_1 can't be recognized
[27Aug2026 11:17:35.622] [main/WARN] [indestructible/]: efn:biped/yamato/biped_hitback_1 can't be recognized
[27Aug2026 11:17:35.634] [main/WARN] [indestructible/]: efn:biped/yamato/biped_hitback_1 can't be recognized
[27Aug2026 11:17:35.634] [main/WARN] [indestructible/]: epicfightx:biped/skill/revelation_normal can't be recognized
[27Aug2026 11:17:35.634] [main/WARN] [indestructible/]: efn:biped/yamato/biped_hitback_1 can't be recognized
[27Aug2026 11:17:35.635] [main/WARN] [indestructible/]: efn:biped/yamato/biped_hitback_1 can't be recognized
[27Aug2026 11:17:35.635] [main/WARN] [indestructible/]: efn:biped/yamato/biped_hitback_1 can't be recognized
[27Aug2026 11:17:35.635] [main/WARN] [indestructible/]: efn:biped/yamato/biped_hitback_1 can't be recognized
[27Aug2026 11:17:35.635] [main/WARN] [indestructible/]: efn:biped/yamato/biped_hitback_1 can't be recognized
[27Aug2026 11:17:35.635] [main/WARN] [indestructible/]: efn:biped/yamato/biped_hitback_1 can't be recognized
[27Aug2026 11:17:35.635] [main/WARN] [indestructible/]: efn:biped/yamato/biped_hitback_1 can't be recognized
[27Aug2026 11:17:35.635] [main/WARN] [indestructible/]: efn:biped/yamato/biped_hitback_1 can't be recognized
[27Aug2026 11:17:35.635] [main/WARN] [indestructible/]: efn:biped/ng_greatsword/ng_great_skill_clash can't be recognized
[27Aug2026 11:17:35.635] [main/WARN] [indestructible/]: efn:biped/yamato/biped_hitback_1 can't be recognized
[27Aug2026 11:17:35.635] [main/WARN] [indestructible/]: efn:biped/yamato/biped_hitback_1 can't be recognized
[27Aug2026 11:17:35.635] [main/WARN] [indestructible/]: efn:biped/yamato/biped_hitback_1 can't be recognized
[27Aug2026 11:17:35.635] [main/WARN] [indestructible/]: efn:biped/yamato/biped_hitback_1 can't be recognized
[27Aug2026 11:17:35.635] [main/WARN] [indestructible/]: efn:biped/yamato/biped_hitback_1 can't be recognized
[27Aug2026 11:17:35.636] [main/WARN] [indestructible/]: efn:biped/yamato/biped_hitback_1 can't be recognized
[27Aug2026 11:17:35.636] [main/WARN] [indestructible/]: efn:biped/yamato/biped_hitback_1 can't be recognized
[27Aug2026 11:17:35.636] [main/WARN] [indestructible/]: efn:biped/yamato/biped_hitback_1 can't be recognized
[27Aug2026 11:17:35.636] [main/WARN] [indestructible/]: efn:biped/nf_meen/nf_meen_auto4 can't be recognized
[27Aug2026 11:17:35.636] [main/WARN] [indestructible/]: efn:biped/yamato/biped_hitback_1 can't be recognized
[27Aug2026 11:17:35.636] [main/WARN] [indestructible/]: efn:biped/yamato/biped_hitback_1 can't be recognized
[27Aug2026 11:17:35.636] [main/WARN] [indestructible/]: efn:biped/yamato/biped_hitback_1 can't be recognized
[27Aug2026 11:17:35.636] [main/WARN] [indestructible/]: efn:biped/yamato/biped_hitback_1 can't be recognized
[27Aug2026 11:17:35.636] [main/WARN] [indestructible/]: efn:biped/yamato/biped_hitback_1 can't be recognized
[27Aug2026 11:17:35.636] [main/WARN] [indestructible/]: efn:biped/yamato/biped_hitback_1 can't be recognized
[27Aug2026 11:17:35.636] [main/WARN] [indestructible/]: efn:biped/yamato/biped_hitback_1 can't be recognized
[27Aug2026 11:17:35.636] [main/WARN] [indestructible/]: efn:biped/yamato/biped_hitback_1 can't be recognized
[27Aug2026 11:17:35.636] [main/WARN] [indestructible/]: efn:biped/nf_tachi/nf_tachi_bloodlust_end can't be recognized
[27Aug2026 11:17:35.637] [main/WARN] [indestructible/]: efn:biped/yamato/biped_hitback_1 can't be recognized
[27Aug2026 11:17:35.637] [main/WARN] [indestructible/]: efn:biped/yamato/biped_hitback_1 can't be recognized
[27Aug2026 11:17:35.637] [main/WARN] [indestructible/]: efn:biped/yamato/biped_hitback_1 can't be recognized
[27Aug2026 11:17:35.637] [main/WARN] [indestructible/]: efn:biped/yamato/biped_hitback_1 can't be recognized
[27Aug2026 11:17:35.637] [main/WARN] [indestructible/]: efn:biped/yamato/biped_hitback_1 can't be recognized
[27Aug2026 11:17:35.637] [main/WARN] [indestructible/]: efn:biped/yamato/biped_hitback_1 can't be recognized
[27Aug2026 11:17:35.637] [main/WARN] [indestructible/]: efn:biped/yamato/biped_hitback_1 can't be recognized
[27Aug2026 11:17:35.637] [main/WARN] [indestructible/]: epicfightx:biped/combat/uchigatana_sheath_dash can't be recognized
[27Aug2026 11:17:35.637] [main/WARN] [indestructible/]: efn:biped/yamato/biped_hitback_1 can't be recognized
[27Aug2026 11:17:35.637] [main/WARN] [indestructible/]: efn:biped/yamato/biped_hitback_1 can't be recognized
[27Aug2026 11:17:35.637] [main/WARN] [indestructible/]: efn:biped/yamato/biped_hitback_1 can't be recognized
[27Aug2026 11:17:35.637] [main/WARN] [indestructible/]: efn:biped/yamato/biped_hitback_1 can't be recognized
[27Aug2026 11:17:35.637] [main/WARN] [indestructible/]: efn:biped/yamato/biped_hitback_1 can't be recognized
[27Aug2026 11:17:35.637] [main/WARN] [indestructible/]: efn:biped/yamato/biped_hitback_1 can't be recognized
[27Aug2026 11:17:35.638] [main/WARN] [indestructible/]: efn:biped/yamato/biped_hitback_1 can't be recognized
[27Aug2026 11:17:35.638] [main/WARN] [indestructible/]: efn:biped/yamato/biped_hitback_1 can't be recognized
[27Aug2026 11:17:35.638] [main/WARN] [indestructible/]: epicfightx:biped/combat/dagger_airslash can't be recognized
[27Aug2026 11:17:35.638] [main/WARN] [indestructible/]: efn:biped/yamato/biped_hitback_1 can't be recognized
[27Aug2026 11:17:35.638] [main/WARN] [indestructible/]: efn:biped/yamato/biped_hitback_1 can't be recognized
[27Aug2026 11:17:35.638] [main/WARN] [indestructible/]: efn:biped/yamato/biped_hitback_1 can't be recognized
[27Aug2026 11:17:35.638] [main/WARN] [indestructible/]: efn:biped/yamato/biped_hitback_1 can't be recognized
[27Aug2026 11:17:35.638] [main/WARN] [indestructible/]: efn:biped/yamato/biped_hitback_1 can't be recognized
[27Aug2026 11:17:35.638] [main/WARN] [indestructible/]: efn:biped/yamato/biped_hitback_1 can't be recognized
[27Aug2026 11:17:35.638] [main/WARN] [indestructible/]: efn:biped/yamato/biped_hitback_1 can't be recognized
[27Aug2026 11:17:35.638] [main/WARN] [indestructible/]: epicfightx:biped/combat/dagger_dual_dash can't be recognized
[27Aug2026 11:17:35.638] [main/WARN] [indestructible/]: efn:biped/yamato/biped_hitback_1 can't be recognized
[27Aug2026 11:17:35.638] [main/WARN] [indestructible/]: efn:biped/yamato/biped_hitback_1 can't be recognized
[27Aug2026 11:17:35.638] [main/WARN] [indestructible/]: efn:biped/yamato/biped_hitback_1 can't be recognized
[27Aug2026 11:17:35.639] [main/WARN] [indestructible/]: efn:biped/yamato/biped_hitback_1 can't be recognized
[27Aug2026 11:17:35.639] [main/WARN] [indestructible/]: efn:biped/yamato/biped_hitback_1 can't be recognized
[27Aug2026 11:17:35.639] [main/WARN] [indestructible/]: efn:biped/yamato/biped_hitback_1 can't be recognized
[27Aug2026 11:17:35.639] [main/WARN] [indestructible/]: efn:biped/yamato/biped_hitback_1 can't be recognized
[27Aug2026 11:17:35.639] [main/WARN] [indestructible/]: epicfightx:biped/skill/dancing_edge can't be recognized
[27Aug2026 11:17:35.639] [main/WARN] [indestructible/]: efn:biped/yamato/biped_hitback_1 can't be recognized
[27Aug2026 11:17:35.639] [main/WARN] [indestructible/]: efn:biped/yamato/biped_hitback_1 can't be recognized
[27Aug2026 11:17:35.639] [main/WARN] [indestructible/]: efn:biped/yamato/biped_hitback_1 can't be recognized
[27Aug2026 11:17:35.639] [main/WARN] [indestructible/]: efn:biped/yamato/biped_hitback_1 can't be recognized
[27Aug2026 11:17:35.639] [main/WARN] [indestructible/]: efn:biped/yamato/biped_hitback_1 can't be recognized
[27Aug2026 11:17:35.639] [main/WARN] [indestructible/]: efn:biped/yamato/biped_hitback_1 can't be recognized
[27Aug2026 11:17:35.639] [main/WARN] [indestructible/]: efn:biped/yamato/biped_hitback_1 can't be recognized
[27Aug2026 11:17:35.640] [main/WARN] [indestructible/]: efn:biped/yamato/biped_hitback_air can't be recognized
[27Aug2026 11:17:35.640] [main/WARN] [indestructible/]: efn:biped/nf_claw/nf_claw_auto3 can't be recognized
[27Aug2026 11:17:35.640] [main/WARN] [indestructible/]: efn:biped/yamato/biped_hitback_1 can't be recognized
[27Aug2026 11:17:35.640] [main/WARN] [indestructible/]: efn:biped/yamato/biped_hitback_1 can't be recognized
[27Aug2026 11:17:35.640] [main/WARN] [indestructible/]: efn:biped/yamato/biped_hitback_1 can't be recognized
[27Aug2026 11:17:35.640] [main/WARN] [indestructible/]: efn:biped/yamato/biped_hitback_1 can't be recognized
[27Aug2026 11:17:35.640] [main/WARN] [indestructible/]: efn:biped/yamato/biped_hitback_1 can't be recognized
[27Aug2026 11:17:35.640] [main/WARN] [indestructible/]: efn:biped/yamato/biped_hitback_1 can't be recognized
[27Aug2026 11:17:35.640] [main/WARN] [indestructible/]: efn:biped/yamato/biped_hitback_1 can't be recognized
[27Aug2026 11:17:35.640] [main/WARN] [indestructible/]: efn:biped/yamato/biped_hitback_1 can't be recognized
[27Aug2026 11:17:35.640] [main/WARN] [indestructible/]: efn:biped/nf_sword/nf_sword_skill can't be recognized
[27Aug2026 11:17:35.640] [main/WARN] [indestructible/]: efn:biped/yamato/biped_hitback_1 can't be recognized
[27Aug2026 11:17:35.641] [main/WARN] [indestructible/]: efn:biped/yamato/biped_hitback_1 can't be recognized
[27Aug2026 11:17:35.641] [main/WARN] [indestructible/]: efn:biped/yamato/biped_hitback_1 can't be recognized
[27Aug2026 11:17:35.641] [main/WARN] [indestructible/]: efn:biped/yamato/biped_hitback_1 can't be recognized
[27Aug2026 11:17:35.641] [main/WARN] [indestructible/]: efn:biped/yamato/biped_hitback_1 can't be recognized
[27Aug2026 11:17:35.641] [main/WARN] [indestructible/]: efn:biped/yamato/biped_hitback_1 can't be recognized
[27Aug2026 11:17:35.641] [main/WARN] [indestructible/]: efn:biped/yamato/biped_hitback_1 can't be recognized
[27Aug2026 11:17:35.641] [main/WARN] [indestructible/]: efn:biped/yamato/biped_hitback_1 can't be recognized
[27Aug2026 11:17:35.641] [main/WARN] [indestructible/]: efn:biped/yamato/biped_hitback_1 can't be recognized
[27Aug2026 11:17:35.641] [main/WARN] [indestructible/]: efn:biped/yamato/biped_hitback_1 can't be recognized
[27Aug2026 11:17:35.641] [main/WARN] [indestructible/]: efn:biped/yamato/biped_hitback_1 can't be recognized
[27Aug2026 11:17:35.641] [main/WARN] [indestructible/]: efn:biped/yamato/biped_hitback_1 can't be recognized
[27Aug2026 11:17:35.641] [main/WARN] [indestructible/]: efn:biped/yamato/biped_hitback_1 can't be recognized
[27Aug2026 11:17:35.641] [main/WARN] [indestructible/]: efn:biped/yamato/biped_hitback_1 can't be recognized
[27Aug2026 11:17:35.642] [main/WARN] [indestructible/]: efn:biped/yamato/biped_hitback_1 can't be recognized
[27Aug2026 11:17:35.722] [main/INFO] [Moonlight/]: Applied 18 data villager trades
[27Aug2026 11:17:35.778] [main/INFO] [Supplementaries/]: Finished additional setup in 0 ms
[27Aug2026 11:17:35.810] [main/WARN] [ModernFix/]: Initial datapack load took 34.69 s
[27Aug2026 11:17:35.982] [Server thread/INFO] [net.minecraft.server.dedicated.DedicatedServer/]: Starting minecraft server version 1.20.1
[27Aug2026 11:17:35.982] [Server thread/INFO] [net.minecraft.server.dedicated.DedicatedServer/]: Loading properties
[27Aug2026 11:17:35.982] [Server thread/INFO] [net.minecraft.server.dedicated.DedicatedServer/]: Default game type: SURVIVAL
[27Aug2026 11:17:35.983] [Server thread/INFO] [net.minecraft.server.MinecraftServer/]: Generating keypair
[27Aug2026 11:17:36.115] [Server thread/INFO] [net.minecraft.server.dedicated.DedicatedServer/]: Starting Minecraft server on *:25565
[27Aug2026 11:17:36.152] [Server thread/INFO] [net.minecraft.server.network.ServerConnectionListener/]: Using epoll channel type
[27Aug2026 11:17:36.249] [Server thread/WARN] [net.minecraft.server.dedicated.DedicatedServer/]: **** SERVER IS RUNNING IN OFFLINE/INSECURE MODE!
[27Aug2026 11:17:36.249] [Server thread/WARN] [net.minecraft.server.dedicated.DedicatedServer/]: The server will make no attempt to authenticate usernames. Beware.
[27Aug2026 11:17:36.250] [Server thread/WARN] [net.minecraft.server.dedicated.DedicatedServer/]: While this makes the game possible to play without internet access, it also opens up the ability for hackers to connect with any username they choose.
[27Aug2026 11:17:36.250] [Server thread/WARN] [net.minecraft.server.dedicated.DedicatedServer/]: To change this, set "online-mode" to "true" in the server.properties file.
[27Aug2026 11:17:36.274] [Server thread/INFO] [Puzzles Lib/]: Loading server config for enchantinginfuser
[27Aug2026 11:17:36.441] [Server thread/INFO] [FTB Teams/]: loaded team data: 1 known players, 1 teams total
[27Aug2026 11:17:36.538] [Server thread/INFO] [spark/]: Starting background profiler...
[27Aug2026 11:17:37.683] [Server thread/INFO] [zeta/]: Server starting, accepting filewatcher changes for zeta's config
[27Aug2026 11:17:37.688] [Server thread/INFO] [quark-zeta/]: Server starting, accepting filewatcher changes for quark's config
[27Aug2026 11:17:38.131] [Server thread/INFO] [terrablender/]: Initialized TerraBlender biomes for level stem minecraft:overworld
[27Aug2026 11:17:38.131] [Server thread/INFO] [terrablender/]: Initialized TerraBlender biomes for level stem minecraft:the_nether
[27Aug2026 11:17:38.132] [Server thread/INFO] [citadel/]: Added to village structure pool
[27Aug2026 11:17:38.132] [Server thread/INFO] [citadel/]: Added to village structure pool
[27Aug2026 11:17:38.132] [Server thread/INFO] [citadel/]: Added to village structure pool
[27Aug2026 11:17:38.132] [Server thread/INFO] [citadel/]: Added to village structure pool
[27Aug2026 11:17:38.132] [Server thread/INFO] [citadel/]: Added to village structure pool
[27Aug2026 11:17:38.133] [Server thread/INFO] [net.minecraft.server.dedicated.DedicatedServer/]: Preparing level "world"
[27Aug2026 11:17:38.187] [Server thread/WARN] [mixin/]: @Redirect conflict. Skipping servercore.common.mixins.json:optimizations.ticking.chunk.cache.ServerChunkCacheMixin from mod (unknown)->@Redirect::servercore$noList(I)Ljava/util/ArrayList; with priority 900, already redirected by canary.mixins.json:alloc.chunk_ticking.ServerChunkCacheMixin from mod (unknown)->@Redirect::redirectChunksListClone(I)Ljava/util/ArrayList; with priority 1000
[27Aug2026 11:17:38.762] [Server thread/INFO] [incontrol/]: Reading rules from areas.json
[27Aug2026 11:17:38.769] [Server thread/INFO] [incontrol/]: Reading rules from spawn.json
[27Aug2026 11:17:38.803] [Server thread/INFO] [incontrol/]: Reading rules from summonaid.json
[27Aug2026 11:17:38.805] [Server thread/INFO] [incontrol/]: Reading rules from loot.json
[27Aug2026 11:17:38.806] [Server thread/INFO] [incontrol/]: Reading rules from experience.json
[27Aug2026 11:17:38.807] [Server thread/INFO] [incontrol/]: Reading rules from phases.json
[27Aug2026 11:17:38.808] [Server thread/INFO] [incontrol/]: Reading rules from effects.json
[27Aug2026 11:17:38.809] [Server thread/INFO] [incontrol/]: Reading rules from breakevents.json
[27Aug2026 11:17:38.810] [Server thread/INFO] [incontrol/]: Reading rules from placeevents.json
[27Aug2026 11:17:38.811] [Server thread/INFO] [incontrol/]: Reading rules from rightclicks.json
[27Aug2026 11:17:38.812] [Server thread/INFO] [incontrol/]: Reading rules from leftclicks.json
[27Aug2026 11:17:38.817] [Server thread/INFO] [incontrol/]: Reading rules from spawner.json
[27Aug2026 11:17:38.819] [Server thread/INFO] [incontrol/]: Reading rules from events.json
[27Aug2026 11:17:39.090] [Server thread/INFO] [net.minecraft.server.MinecraftServer/]: Preparing start region for dimension minecraft:overworld
[27Aug2026 11:17:39.093] [Server thread/WARN] [mixin/]: Method overwrite conflict for removeIf in canary.mixins.json:world.chunk_tickets.SortedArraySetMixin from mod (unknown), previously written by org.embeddedt.modernfix.common.mixin.bugfix.paper_chunk_patches.SortedArraySetMixin. Skipping method.
[27Aug2026 11:17:39.666] [Server thread/INFO] [net.minecraft.server.level.progress.LoggerChunkProgressListener/]: Preparing spawn area: 0%
[27Aug2026 11:17:39.667] [Server thread/INFO] [net.minecraft.server.level.progress.LoggerChunkProgressListener/]: Preparing spawn area: 0%
[27Aug2026 11:17:40.233] [Server thread/INFO] [net.minecraft.server.level.progress.LoggerChunkProgressListener/]: Preparing spawn area: 0%
[27Aug2026 11:17:40.597] [Server thread/INFO] [net.minecraft.server.level.progress.LoggerChunkProgressListener/]: Preparing spawn area: 0%
[27Aug2026 11:17:41.299] [Server thread/INFO] [net.minecraft.server.level.progress.LoggerChunkProgressListener/]: Preparing spawn area: 0%
[27Aug2026 11:17:41.614] [Server thread/INFO] [net.minecraft.server.level.progress.LoggerChunkProgressListener/]: Preparing spawn area: 0%
[27Aug2026 11:17:42.091] [Worker-Main-1/INFO] [net.minecraft.server.level.progress.LoggerChunkProgressListener/]: Preparing spawn area: 0%
[27Aug2026 11:17:42.454] [Server thread/INFO] [com.cupboard.Cupboard/]: Loaded config for: limitedchunks.json
[27Aug2026 11:17:43.131] [Server thread/INFO] [net.minecraft.server.level.progress.LoggerChunkProgressListener/]: Time elapsed: 4041 ms
[27Aug2026 11:17:43.132] [Server thread/INFO] [net.minecraft.server.dedicated.DedicatedServer/]: Done (6.869s)! For help, type "help"
[27Aug2026 11:17:43.398] [Server thread/INFO] [net.minecraftforge.server.permission.PermissionAPI/]: Successfully initialized permission handler forge:default_handler
[27Aug2026 11:17:43.403] [Server thread/INFO] [xaero.hud.minimap.MinimapLogs/]: Registered synced player tracker system: ftb_teams
[27Aug2026 11:17:43.405] [Server thread/INFO] [xaero.map.WorldMap/]: Registered synced player tracker system: ftb_teams
[27Aug2026 11:17:43.409] [Server thread/INFO] [net.magister.bookofdragons.BookOfDragons/]: HELLO from server starting
[27Aug2026 11:17:43.409] [Server thread/INFO] [com.wintercogs.beyonddimensions.BeyondDimensions/]: 维度网络初始化完成(服务端)
[27Aug2026 11:17:43.409] [Server thread/INFO] [com.kamikaguya.ash_of_sin_no_more_invalid_statistic.event.AshOfSinNoMoreInvalidStatisticEvent/]: Scanning stats directory for invalid entries: ./world/stats
[27Aug2026 11:17:43.412] [Server thread/INFO] [com.brass_amber.ba_bt.BABattleTowers/]: server starting
[27Aug2026 11:17:43.414] [Server thread/INFO] [FTB Quests/]: Loading quests from /workspaces/laughing-guacamole/servidor_minecraft/config/ftbquests/quests
[27Aug2026 11:17:43.465] [Server thread/INFO] [FTB Quests/]: Loaded 1 chapter groups, 8 chapters, 232 quests, 1 reward tables
[27Aug2026 11:17:43.493] [Server thread/INFO] [com.finderfeed.fdlib.FDLib/]: Loading FD configs...
[27Aug2026 11:17:43.494] [Server thread/INFO] [com.finderfeed.fdlib.FDLib/]: Loading config fdlib:test
[27Aug2026 11:17:43.495] [Server thread/INFO] [com.finderfeed.fdlib.FDLib/]: Loading config fdlib:fdlib_client
[27Aug2026 11:17:43.496] [Server thread/INFO] [com.finderfeed.fdlib.FDLib/]: Loaded FD configs.
[27Aug2026 11:17:43.591] [Server thread/INFO] [com.yesman.epicskills.EpicSkills/]: wom:acrobat is disabled.
[27Aug2026 11:17:43.592] [Server thread/INFO] [com.yesman.epicskills.EpicSkills/]: epicskills:infernal_might is disabled.
[27Aug2026 11:17:43.592] [Server thread/WARN] [com.yesman.epicskills.EpicSkills/]: Unknown skill tree id: dodge_parry_reward:passive_old
[27Aug2026 11:17:43.592] [Server thread/INFO] [com.yesman.epicskills.EpicSkills/]: sword_soaring:sword_soaring_skills is disabled.
[27Aug2026 11:17:43.669] [Server thread/INFO] [patchouli/]: Sending reload packet to clients
[27Aug2026 11:17:43.671] [Server thread/WARN] [ModernFix/]: Dedicated server took 103.556 seconds to load
[27Aug2026 11:17:43.757] [Server thread/INFO] [com.p1nero.cataclysm_dimension.CataclysmDimensionMod/]: [Cataclysm Dimension]: No player inside. trying to reset dimension cataclysm_dimension:cataclysm_bastion_lost.
[27Aug2026 11:17:43.757] [Server thread/INFO] [com.p1nero.cataclysm_dimension.CataclysmDimensionMod/]: [Cataclysm Dimension]: Dimension cataclysm_dimension:cataclysm_bastion_lost will be reset after 10 second.
[27Aug2026 11:17:43.757] [Server thread/INFO] [com.p1nero.cataclysm_dimension.CataclysmDimensionMod/]: [Cataclysm Dimension]: No player inside. trying to reset dimension cataclysm_dimension:cataclysm_abyssal_depths.
[27Aug2026 11:17:43.758] [Server thread/INFO] [com.p1nero.cataclysm_dimension.CataclysmDimensionMod/]: [Cataclysm Dimension]: Dimension cataclysm_dimension:cataclysm_abyssal_depths will be reset after 10 second.
[27Aug2026 11:17:43.758] [Server thread/INFO] [com.p1nero.cataclysm_dimension.CataclysmDimensionMod/]: [Cataclysm Dimension]: No player inside. trying to reset dimension cataclysm_dimension:cataclysm_eternal_frosthold.
[27Aug2026 11:17:43.758] [Server thread/INFO] [com.p1nero.cataclysm_dimension.CataclysmDimensionMod/]: [Cataclysm Dimension]: Dimension cataclysm_dimension:cataclysm_eternal_frosthold will be reset after 10 second.
[27Aug2026 11:17:43.758] [Server thread/INFO] [com.p1nero.cataclysm_dimension.CataclysmDimensionMod/]: [Cataclysm Dimension]: No player inside. trying to reset dimension cataclysm_dimension:cataclysm_infernos_maw.
[27Aug2026 11:17:43.758] [Server thread/INFO] [com.p1nero.cataclysm_dimension.CataclysmDimensionMod/]: [Cataclysm Dimension]: Dimension cataclysm_dimension:cataclysm_infernos_maw will be reset after 10 second.
[27Aug2026 11:17:43.758] [Server thread/INFO] [com.p1nero.cataclysm_dimension.CataclysmDimensionMod/]: [Cataclysm Dimension]: No player inside. trying to reset dimension cataclysm_dimension:cataclysm_sanctum_fallen.
[27Aug2026 11:17:43.758] [Server thread/INFO] [com.p1nero.cataclysm_dimension.CataclysmDimensionMod/]: [Cataclysm Dimension]: Dimension cataclysm_dimension:cataclysm_sanctum_fallen will be reset after 10 second.
[27Aug2026 11:17:43.758] [Server thread/INFO] [com.p1nero.cataclysm_dimension.CataclysmDimensionMod/]: [Cataclysm Dimension]: No player inside. trying to reset dimension cataclysm_dimension:cataclysm_pharaohs_bane.
[27Aug2026 11:17:43.759] [Server thread/INFO] [com.p1nero.cataclysm_dimension.CataclysmDimensionMod/]: [Cataclysm Dimension]: Dimension cataclysm_dimension:cataclysm_pharaohs_bane will be reset after 10 second.
[27Aug2026 11:17:43.759] [Server thread/INFO] [com.p1nero.cataclysm_dimension.CataclysmDimensionMod/]: [Cataclysm Dimension]: No player inside. trying to reset dimension cataclysm_dimension:cataclysm_souls_anvil.
[27Aug2026 11:17:43.759] [Server thread/INFO] [com.p1nero.cataclysm_dimension.CataclysmDimensionMod/]: [Cataclysm Dimension]: Dimension cataclysm_dimension:cataclysm_souls_anvil will be reset after 10 second.
[27Aug2026 11:17:43.759] [Server thread/INFO] [com.p1nero.cataclysm_dimension.CataclysmDimensionMod/]: [Cataclysm Dimension]: No player inside. trying to reset dimension cataclysm_dimension:cataclysm_forge_of_aeons.
[27Aug2026 11:17:43.759] [Server thread/INFO] [com.p1nero.cataclysm_dimension.CataclysmDimensionMod/]: [Cataclysm Dimension]: Dimension cataclysm_dimension:cataclysm_forge_of_aeons will be reset after 10 second.
[27Aug2026 11:17:53.621] [Server thread/INFO] [com.p1nero.cataclysm_dimension.CataclysmDimensionMod/]: [Cataclysm Dimension]: No region files in cataclysm_dimension:cataclysm_bastion_lost. Skipped.
[27Aug2026 11:17:53.622] [Server thread/INFO] [com.p1nero.cataclysm_dimension.CataclysmDimensionMod/]: [Cataclysm Dimension]: No region files in cataclysm_dimension:cataclysm_abyssal_depths. Skipped.
[27Aug2026 11:17:53.622] [Server thread/INFO] [com.p1nero.cataclysm_dimension.CataclysmDimensionMod/]: [Cataclysm Dimension]: No region files in cataclysm_dimension:cataclysm_eternal_frosthold. Skipped.
[27Aug2026 11:17:53.622] [Server thread/INFO] [com.p1nero.cataclysm_dimension.CataclysmDimensionMod/]: [Cataclysm Dimension]: No region files in cataclysm_dimension:cataclysm_infernos_maw. Skipped.
[27Aug2026 11:17:53.622] [Server thread/INFO] [com.p1nero.cataclysm_dimension.CataclysmDimensionMod/]: [Cataclysm Dimension]: No region files in cataclysm_dimension:cataclysm_sanctum_fallen. Skipped.
[27Aug2026 11:17:53.623] [Server thread/INFO] [com.p1nero.cataclysm_dimension.CataclysmDimensionMod/]: [Cataclysm Dimension]: No region files in cataclysm_dimension:cataclysm_pharaohs_bane. Skipped.
[27Aug2026 11:17:53.623] [Server thread/INFO] [com.p1nero.cataclysm_dimension.CataclysmDimensionMod/]: [Cataclysm Dimension]: No region files in cataclysm_dimension:cataclysm_souls_anvil. Skipped.
[27Aug2026 11:17:53.623] [Server thread/INFO] [com.p1nero.cataclysm_dimension.CataclysmDimensionMod/]: [Cataclysm Dimension]: No region files in cataclysm_dimension:cataclysm_forge_of_aeons. Skipped.
[27Aug2026 11:18:25.578] [Server thread/INFO] [net.minecraft.server.network.ServerLoginPacketListenerImpl/]: com.mojang.authlib.GameProfile@400f490d[id=<null>,name=Akadeo,properties={},legacy=false] (/100.73.134.71:54856) lost connection: Timed out
[27Aug2026 11:19:33.923] [Server thread/INFO] [com.yesman.epicskills.EpicSkills/]: wom:acrobat is disabled.
[27Aug2026 11:19:33.924] [Server thread/INFO] [com.yesman.epicskills.EpicSkills/]: epicskills:infernal_might is disabled.
[27Aug2026 11:19:33.924] [Server thread/WARN] [com.yesman.epicskills.EpicSkills/]: Unknown skill tree id: dodge_parry_reward:passive_old
[27Aug2026 11:19:33.924] [Server thread/INFO] [com.yesman.epicskills.EpicSkills/]: sword_soaring:sword_soaring_skills is disabled.
[27Aug2026 11:19:34.039] [Server thread/INFO] [net.minecraft.server.players.PlayerList/]: Akadeo[/100.73.134.71:54859] logged in with entity id 196 at (-1258.2524822977864, 79.0, -357.3833193668847)
[27Aug2026 11:19:34.121] [Server thread/INFO] [io.redspace.ironsspellbooks.IronsSpellbooks/]: Read 3 spell config files (2 ms)
[27Aug2026 11:19:34.157] [Server thread/INFO] [ModernFix/]: Using enhanced recipe sync for player Akadeo
[27Aug2026 11:19:34.189] [Server thread/INFO] [net.minecraft.server.MinecraftServer/]: Akadeo joined the game
[27Aug2026 11:19:34.807] [Server thread/INFO] [Jade/]: Syncing config to Akadeo (6e612906-2029-3738-acb9-355b2b21e846)
[27Aug2026 11:20:30.378] [Server thread/INFO] [net.minecraft.server.MinecraftServer/]: Akadeo has made the advancement [Mine? Mine? Mine?]
[27Aug2026 11:20:31.402] [Server thread/INFO] [net.minecraft.world.entity.npc.Villager/]: Villager Villager['Unemployed'/5, l='ServerLevel[world]', x=-1311.79, y=79.00, z=-313.79] died, message: 'Unemployed was slain by Iron Golem'
[27Aug2026 11:22:37.935] [Server thread/INFO] [net.minecraft.server.MinecraftServer/]: Akadeo has made the advancement [A test of time]
[27Aug2026 11:24:17.132] [Server thread/INFO] [net.minecraft.server.MinecraftServer/]: Akadeo has made the advancement [Acquire Hardware]
[27Aug2026 11:27:33.556] [Server thread/INFO] [net.minecraft.server.MinecraftServer/]: Akadeo has made the advancement [Isn't It Iron Pick]
[27Aug2026 11:27:44.981] [Server thread/INFO] [net.minecraft.server.MinecraftServer/]: Akadeo has made the advancement [The Key to an Ancient Power...]
[27Aug2026 11:28:27.804] [Server thread/WARN] [net.minecraft.server.network.ServerGamePacketListenerImpl/]: Akadeo moved wrongly!
[27Aug2026 11:30:10.835] [Server thread/INFO] [net.minecraft.server.MinecraftServer/]: Akadeo was slain by Zombie
[27Aug2026 11:30:17.466] [Server thread/INFO] [com.yesman.epicskills.EpicSkills/]: wom:acrobat is disabled.
[27Aug2026 11:30:17.466] [Server thread/INFO] [com.yesman.epicskills.EpicSkills/]: epicskills:infernal_might is disabled.
[27Aug2026 11:30:17.467] [Server thread/WARN] [com.yesman.epicskills.EpicSkills/]: Unknown skill tree id: dodge_parry_reward:passive_old
[27Aug2026 11:30:17.467] [Server thread/INFO] [com.yesman.epicskills.EpicSkills/]: sword_soaring:sword_soaring_skills is disabled.
[27Aug2026 11:32:03.617] [Server thread/INFO] [net.minecraft.server.MinecraftServer/]: Akadeo has made the advancement [Try Your Luck]
[27Aug2026 11:32:04.627] [Server thread/INFO] [net.minecraft.server.MinecraftServer/]: Akadeo has made the advancement [First Accessory!]
[27Aug2026 11:32:56.332] [Server thread/INFO] [net.minecraft.server.MinecraftServer/]: Akadeo was slain by Skeleton
[27Aug2026 11:33:03.066] [Server thread/INFO] [com.yesman.epicskills.EpicSkills/]: wom:acrobat is disabled.
[27Aug2026 11:33:03.066] [Server thread/INFO] [com.yesman.epicskills.EpicSkills/]: epicskills:infernal_might is disabled.
[27Aug2026 11:33:03.067] [Server thread/WARN] [com.yesman.epicskills.EpicSkills/]: Unknown skill tree id: dodge_parry_reward:passive_old
[27Aug2026 11:33:03.067] [Server thread/INFO] [com.yesman.epicskills.EpicSkills/]: sword_soaring:sword_soaring_skills is disabled.
[27Aug2026 11:37:11.170] [Server thread/WARN] [net.minecraft.server.network.ServerGamePacketListenerImpl/]: Akadeo moved wrongly!
[27Aug2026 11:37:26.119] [Server thread/INFO] [net.minecraft.server.MinecraftServer/]: Akadeo has made the advancement [Diamonds!]
[27Aug2026 11:40:18.719] [Server thread/WARN] [net.minecraft.server.MinecraftServer/]: Can't keep up! Is the server overloaded? Running 2847ms or 56 ticks behind
[27Aug2026 11:42:21.131] [Server thread/INFO] [net.minecraft.server.MinecraftServer/]: Akadeo has made the advancement [Barrel Booty]
[27Aug2026 11:43:22.332] [Server thread/INFO] [net.minecraft.server.MinecraftServer/]: Akadeo has made the advancement [Delightful Decade]
[27Aug2026 11:43:39.782] [Server thread/INFO] [net.minecraft.server.MinecraftServer/]: Akadeo was slain by Skeleton
[27Aug2026 11:43:46.450] [Server thread/INFO] [com.yesman.epicskills.EpicSkills/]: wom:acrobat is disabled.
[27Aug2026 11:43:46.450] [Server thread/INFO] [com.yesman.epicskills.EpicSkills/]: epicskills:infernal_might is disabled.
[27Aug2026 11:43:46.451] [Server thread/WARN] [com.yesman.epicskills.EpicSkills/]: Unknown skill tree id: dodge_parry_reward:passive_old
[27Aug2026 11:43:46.451] [Server thread/INFO] [com.yesman.epicskills.EpicSkills/]: sword_soaring:sword_soaring_skills is disabled.
[27Aug2026 11:44:17.131] [Server thread/INFO] [net.minecraft.server.MinecraftServer/]: Akadeo was slain by Iron Golem
[27Aug2026 11:44:23.848] [Server thread/INFO] [com.yesman.epicskills.EpicSkills/]: wom:acrobat is disabled.
[27Aug2026 11:44:23.848] [Server thread/INFO] [com.yesman.epicskills.EpicSkills/]: epicskills:infernal_might is disabled.
[27Aug2026 11:44:23.849] [Server thread/WARN] [com.yesman.epicskills.EpicSkills/]: Unknown skill tree id: dodge_parry_reward:passive_old
[27Aug2026 11:44:23.849] [Server thread/INFO] [com.yesman.epicskills.EpicSkills/]: sword_soaring:sword_soaring_skills is disabled.
[27Aug2026 11:45:29.627] [Server thread/INFO] [net.minecraft.server.MinecraftServer/]: Akadeo has made the advancement [Dragon Rider]
[27Aug2026 11:47:55.789] [Server thread/WARN] [net.minecraft.server.network.ServerGamePacketListenerImpl/]: Skrill (vehicle of Akadeo) moved wrongly! 1.0262275497113365
[27Aug2026 11:47:55.789] [Server thread/WARN] [net.minecraft.server.network.ServerGamePacketListenerImpl/]: Skrill (vehicle of Akadeo) moved wrongly! 1.0262275497113365
[27Aug2026 11:47:55.790] [Server thread/WARN] [net.minecraft.server.network.ServerGamePacketListenerImpl/]: Skrill (vehicle of Akadeo) moved wrongly! 1.0262275497113365
[27Aug2026 11:47:55.790] [Server thread/WARN] [net.minecraft.server.network.ServerGamePacketListenerImpl/]: Skrill (vehicle of Akadeo) moved wrongly! 1.0262275497113365
[27Aug2026 11:47:55.790] [Server thread/WARN] [net.minecraft.server.network.ServerGamePacketListenerImpl/]: Skrill (vehicle of Akadeo) moved wrongly! 1.0262275497113365
[27Aug2026 11:47:55.837] [Server thread/WARN] [net.minecraft.server.network.ServerGamePacketListenerImpl/]: Skrill (vehicle of Akadeo) moved wrongly! 1.0262275497113365
[27Aug2026 11:47:55.892] [Server thread/WARN] [net.minecraft.server.network.ServerGamePacketListenerImpl/]: Skrill (vehicle of Akadeo) moved wrongly! 1.0262275497113365
[27Aug2026 11:47:55.931] [Server thread/WARN] [net.minecraft.server.network.ServerGamePacketListenerImpl/]: Skrill (vehicle of Akadeo) moved wrongly! 1.0262275497113365
